COMMAND: ["ctest", "--test-dir", "/home/voc/projects/snodec/publications/book/build/shutdown-recheck-9746d186/framework-gcc", "--show-only=json-v1"]
SOURCE: 9746d1862b30a5104d3590aaa4ed79752ba9aa6a
PREFIX: /home/voc/projects/snodec/publications/book/build/shutdown-recheck-9746d186/install-gcc
{
  "backtraceGraph" : 
  {
    "commands" : 
    [
      "add_test",
      "snodec_add_test",
      "snodec_add_log_test",
      "snodec_add_policy_test"
    ],
    "files" : 
    [
      "/home/voc/projects/snodec/publications/book/build/shutdown-recheck-9746d186/source/tests/CMakeLists.txt",
      "/home/voc/projects/snodec/publications/book/build/shutdown-recheck-9746d186/source/tests/cmake/AddSNodeCTest.cmake",
      "/home/voc/projects/snodec/publications/book/build/shutdown-recheck-9746d186/source/tests/unit/core/CMakeLists.txt",
      "/home/voc/projects/snodec/publications/book/build/shutdown-recheck-9746d186/source/tests/unit/net/CMakeLists.txt",
      "/home/voc/projects/snodec/publications/book/build/shutdown-recheck-9746d186/source/tests/unit/http/CMakeLists.txt",
      "/home/voc/projects/snodec/publications/book/build/shutdown-recheck-9746d186/source/tests/unit/websocket/CMakeLists.txt",
      "/home/voc/projects/snodec/publications/book/build/shutdown-recheck-9746d186/source/tests/unit/log/CMakeLists.txt",
      "/home/voc/projects/snodec/publications/book/build/shutdown-recheck-9746d186/source/tests/unit/mqtt/CMakeLists.txt",
      "/home/voc/projects/snodec/publications/book/build/shutdown-recheck-9746d186/source/tests/unit/utils/CMakeLists.txt",
      "/home/voc/projects/snodec/publications/book/build/shutdown-recheck-9746d186/source/tests/component/core/CMakeLists.txt",
      "/home/voc/projects/snodec/publications/book/build/shutdown-recheck-9746d186/source/tests/component/net/CMakeLists.txt",
      "/home/voc/projects/snodec/publications/book/build/shutdown-recheck-9746d186/source/tests/component/http/CMakeLists.txt",
      "/home/voc/projects/snodec/publications/book/build/shutdown-recheck-9746d186/source/tests/component/express/CMakeLists.txt",
      "/home/voc/projects/snodec/publications/book/build/shutdown-recheck-9746d186/source/tests/component/websocket/CMakeLists.txt",
      "/home/voc/projects/snodec/publications/book/build/shutdown-recheck-9746d186/source/tests/component/eventsource/CMakeLists.txt",
      "/home/voc/projects/snodec/publications/book/build/shutdown-recheck-9746d186/source/tests/policy/CMakeLists.txt"
    ],
    "nodes" : 
    [
      {
        "file" : 0
      },
      {
        "command" : 0,
        "file" : 0,
        "line" : 51,
        "parent" : 0
      },
      {
        "file" : 2
      },
      {
        "command" : 1,
        "file" : 2,
        "line" : 40,
        "parent" : 2
      },
      {
        "command" : 0,
        "file" : 1,
        "line" : 43,
        "parent" : 3
      },
      {
        "file" : 2
      },
      {
        "command" : 1,
        "file" : 2,
        "line" : 50,
        "parent" : 5
      },
      {
        "command" : 0,
        "file" : 1,
        "line" : 43,
        "parent" : 6
      },
      {
        "file" : 2
      },
      {
        "command" : 1,
        "file" : 2,
        "line" : 60,
        "parent" : 8
      },
      {
        "command" : 0,
        "file" : 1,
        "line" : 43,
        "parent" : 9
      },
      {
        "file" : 2
      },
      {
        "command" : 1,
        "file" : 2,
        "line" : 79,
        "parent" : 11
      },
      {
        "command" : 0,
        "file" : 1,
        "line" : 43,
        "parent" : 12
      },
      {
        "file" : 2
      },
      {
        "command" : 1,
        "file" : 2,
        "line" : 98,
        "parent" : 14
      },
      {
        "command" : 0,
        "file" : 1,
        "line" : 43,
        "parent" : 15
      },
      {
        "file" : 2
      },
      {
        "command" : 1,
        "file" : 2,
        "line" : 123,
        "parent" : 17
      },
      {
        "command" : 0,
        "file" : 1,
        "line" : 43,
        "parent" : 18
      },
      {
        "file" : 2
      },
      {
        "command" : 1,
        "file" : 2,
        "line" : 146,
        "parent" : 20
      },
      {
        "command" : 0,
        "file" : 1,
        "line" : 43,
        "parent" : 21
      },
      {
        "file" : 2
      },
      {
        "command" : 0,
        "file" : 2,
        "line" : 194,
        "parent" : 23
      },
      {
        "file" : 2
      },
      {
        "command" : 0,
        "file" : 2,
        "line" : 194,
        "parent" : 25
      },
      {
        "file" : 2
      },
      {
        "command" : 0,
        "file" : 2,
        "line" : 194,
        "parent" : 27
      },
      {
        "file" : 2
      },
      {
        "command" : 0,
        "file" : 2,
        "line" : 194,
        "parent" : 29
      },
      {
        "file" : 2
      },
      {
        "command" : 0,
        "file" : 2,
        "line" : 194,
        "parent" : 31
      },
      {
        "file" : 2
      },
      {
        "command" : 0,
        "file" : 2,
        "line" : 194,
        "parent" : 33
      },
      {
        "file" : 2
      },
      {
        "command" : 0,
        "file" : 2,
        "line" : 194,
        "parent" : 35
      },
      {
        "file" : 2
      },
      {
        "command" : 0,
        "file" : 2,
        "line" : 194,
        "parent" : 37
      },
      {
        "file" : 2
      },
      {
        "command" : 1,
        "file" : 2,
        "line" : 204,
        "parent" : 39
      },
      {
        "command" : 0,
        "file" : 1,
        "line" : 43,
        "parent" : 40
      },
      {
        "file" : 2
      },
      {
        "command" : 1,
        "file" : 2,
        "line" : 215,
        "parent" : 42
      },
      {
        "command" : 0,
        "file" : 1,
        "line" : 43,
        "parent" : 43
      },
      {
        "file" : 2
      },
      {
        "command" : 1,
        "file" : 2,
        "line" : 229,
        "parent" : 45
      },
      {
        "command" : 0,
        "file" : 1,
        "line" : 43,
        "parent" : 46
      },
      {
        "file" : 2
      },
      {
        "command" : 1,
        "file" : 2,
        "line" : 241,
        "parent" : 48
      },
      {
        "command" : 0,
        "file" : 1,
        "line" : 43,
        "parent" : 49
      },
      {
        "file" : 2
      },
      {
        "command" : 1,
        "file" : 2,
        "line" : 253,
        "parent" : 51
      },
      {
        "command" : 0,
        "file" : 1,
        "line" : 43,
        "parent" : 52
      },
      {
        "file" : 2
      },
      {
        "command" : 1,
        "file" : 2,
        "line" : 272,
        "parent" : 54
      },
      {
        "command" : 0,
        "file" : 1,
        "line" : 43,
        "parent" : 55
      },
      {
        "file" : 2
      },
      {
        "command" : 0,
        "file" : 2,
        "line" : 311,
        "parent" : 57
      },
      {
        "file" : 2
      },
      {
        "command" : 0,
        "file" : 2,
        "line" : 311,
        "parent" : 59
      },
      {
        "file" : 2
      },
      {
        "command" : 0,
        "file" : 2,
        "line" : 311,
        "parent" : 61
      },
      {
        "file" : 2
      },
      {
        "command" : 0,
        "file" : 2,
        "line" : 311,
        "parent" : 63
      },
      {
        "file" : 2
      },
      {
        "command" : 0,
        "file" : 2,
        "line" : 311,
        "parent" : 65
      },
      {
        "file" : 2
      },
      {
        "command" : 0,
        "file" : 2,
        "line" : 311,
        "parent" : 67
      },
      {
        "file" : 2
      },
      {
        "command" : 0,
        "file" : 2,
        "line" : 311,
        "parent" : 69
      },
      {
        "file" : 2
      },
      {
        "command" : 0,
        "file" : 2,
        "line" : 311,
        "parent" : 71
      },
      {
        "file" : 2
      },
      {
        "command" : 0,
        "file" : 2,
        "line" : 311,
        "parent" : 73
      },
      {
        "file" : 3
      },
      {
        "command" : 1,
        "file" : 3,
        "line" : 41,
        "parent" : 75
      },
      {
        "command" : 0,
        "file" : 1,
        "line" : 43,
        "parent" : 76
      },
      {
        "file" : 3
      },
      {
        "command" : 1,
        "file" : 3,
        "line" : 42,
        "parent" : 78
      },
      {
        "command" : 0,
        "file" : 1,
        "line" : 43,
        "parent" : 79
      },
      {
        "file" : 3
      },
      {
        "command" : 1,
        "file" : 3,
        "line" : 43,
        "parent" : 81
      },
      {
        "command" : 0,
        "file" : 1,
        "line" : 43,
        "parent" : 82
      },
      {
        "file" : 3
      },
      {
        "command" : 1,
        "file" : 3,
        "line" : 44,
        "parent" : 84
      },
      {
        "command" : 0,
        "file" : 1,
        "line" : 43,
        "parent" : 85
      },
      {
        "file" : 3
      },
      {
        "command" : 1,
        "file" : 3,
        "line" : 45,
        "parent" : 87
      },
      {
        "command" : 0,
        "file" : 1,
        "line" : 43,
        "parent" : 88
      },
      {
        "file" : 3
      },
      {
        "command" : 1,
        "file" : 3,
        "line" : 46,
        "parent" : 90
      },
      {
        "command" : 0,
        "file" : 1,
        "line" : 43,
        "parent" : 91
      },
      {
        "file" : 3
      },
      {
        "command" : 1,
        "file" : 3,
        "line" : 47,
        "parent" : 93
      },
      {
        "command" : 0,
        "file" : 1,
        "line" : 43,
        "parent" : 94
      },
      {
        "file" : 3
      },
      {
        "command" : 1,
        "file" : 3,
        "line" : 48,
        "parent" : 96
      },
      {
        "command" : 0,
        "file" : 1,
        "line" : 43,
        "parent" : 97
      },
      {
        "file" : 3
      },
      {
        "command" : 1,
        "file" : 3,
        "line" : 49,
        "parent" : 99
      },
      {
        "command" : 0,
        "file" : 1,
        "line" : 43,
        "parent" : 100
      },
      {
        "file" : 3
      },
      {
        "command" : 1,
        "file" : 3,
        "line" : 50,
        "parent" : 102
      },
      {
        "command" : 0,
        "file" : 1,
        "line" : 43,
        "parent" : 103
      },
      {
        "file" : 3
      },
      {
        "command" : 1,
        "file" : 3,
        "line" : 51,
        "parent" : 105
      },
      {
        "command" : 0,
        "file" : 1,
        "line" : 43,
        "parent" : 106
      },
      {
        "file" : 4
      },
      {
        "command" : 1,
        "file" : 4,
        "line" : 5,
        "parent" : 108
      },
      {
        "command" : 0,
        "file" : 1,
        "line" : 43,
        "parent" : 109
      },
      {
        "file" : 4
      },
      {
        "command" : 1,
        "file" : 4,
        "line" : 6,
        "parent" : 111
      },
      {
        "command" : 0,
        "file" : 1,
        "line" : 43,
        "parent" : 112
      },
      {
        "file" : 4
      },
      {
        "command" : 1,
        "file" : 4,
        "line" : 7,
        "parent" : 114
      },
      {
        "command" : 0,
        "file" : 1,
        "line" : 43,
        "parent" : 115
      },
      {
        "file" : 4
      },
      {
        "command" : 1,
        "file" : 4,
        "line" : 8,
        "parent" : 117
      },
      {
        "command" : 0,
        "file" : 1,
        "line" : 43,
        "parent" : 118
      },
      {
        "file" : 4
      },
      {
        "command" : 1,
        "file" : 4,
        "line" : 9,
        "parent" : 120
      },
      {
        "command" : 0,
        "file" : 1,
        "line" : 43,
        "parent" : 121
      },
      {
        "file" : 4
      },
      {
        "command" : 1,
        "file" : 4,
        "line" : 10,
        "parent" : 123
      },
      {
        "command" : 0,
        "file" : 1,
        "line" : 43,
        "parent" : 124
      },
      {
        "file" : 4
      },
      {
        "command" : 1,
        "file" : 4,
        "line" : 11,
        "parent" : 126
      },
      {
        "command" : 0,
        "file" : 1,
        "line" : 43,
        "parent" : 127
      },
      {
        "file" : 4
      },
      {
        "command" : 1,
        "file" : 4,
        "line" : 29,
        "parent" : 129
      },
      {
        "command" : 0,
        "file" : 1,
        "line" : 43,
        "parent" : 130
      },
      {
        "file" : 4
      },
      {
        "command" : 1,
        "file" : 4,
        "line" : 48,
        "parent" : 132
      },
      {
        "command" : 0,
        "file" : 1,
        "line" : 43,
        "parent" : 133
      },
      {
        "file" : 5
      },
      {
        "command" : 1,
        "file" : 5,
        "line" : 1,
        "parent" : 135
      },
      {
        "command" : 0,
        "file" : 1,
        "line" : 43,
        "parent" : 136
      },
      {
        "file" : 5
      },
      {
        "command" : 1,
        "file" : 5,
        "line" : 6,
        "parent" : 138
      },
      {
        "command" : 0,
        "file" : 1,
        "line" : 43,
        "parent" : 139
      },
      {
        "file" : 6
      },
      {
        "command" : 2,
        "file" : 6,
        "line" : 8,
        "parent" : 141
      },
      {
        "command" : 1,
        "file" : 6,
        "line" : 2,
        "parent" : 142
      },
      {
        "command" : 0,
        "file" : 1,
        "line" : 43,
        "parent" : 143
      },
      {
        "file" : 6
      },
      {
        "command" : 2,
        "file" : 6,
        "line" : 12,
        "parent" : 145
      },
      {
        "command" : 1,
        "file" : 6,
        "line" : 2,
        "parent" : 146
      },
      {
        "command" : 0,
        "file" : 1,
        "line" : 43,
        "parent" : 147
      },
      {
        "file" : 6
      },
      {
        "command" : 2,
        "file" : 6,
        "line" : 16,
        "parent" : 149
      },
      {
        "command" : 1,
        "file" : 6,
        "line" : 2,
        "parent" : 150
      },
      {
        "command" : 0,
        "file" : 1,
        "line" : 43,
        "parent" : 151
      },
      {
        "file" : 6
      },
      {
        "command" : 2,
        "file" : 6,
        "line" : 20,
        "parent" : 153
      },
      {
        "command" : 1,
        "file" : 6,
        "line" : 2,
        "parent" : 154
      },
      {
        "command" : 0,
        "file" : 1,
        "line" : 43,
        "parent" : 155
      },
      {
        "file" : 6
      },
      {
        "command" : 2,
        "file" : 6,
        "line" : 24,
        "parent" : 157
      },
      {
        "command" : 1,
        "file" : 6,
        "line" : 2,
        "parent" : 158
      },
      {
        "command" : 0,
        "file" : 1,
        "line" : 43,
        "parent" : 159
      },
      {
        "file" : 6
      },
      {
        "command" : 2,
        "file" : 6,
        "line" : 28,
        "parent" : 161
      },
      {
        "command" : 1,
        "file" : 6,
        "line" : 2,
        "parent" : 162
      },
      {
        "command" : 0,
        "file" : 1,
        "line" : 43,
        "parent" : 163
      },
      {
        "file" : 6
      },
      {
        "command" : 2,
        "file" : 6,
        "line" : 32,
        "parent" : 165
      },
      {
        "command" : 1,
        "file" : 6,
        "line" : 2,
        "parent" : 166
      },
      {
        "command" : 0,
        "file" : 1,
        "line" : 43,
        "parent" : 167
      },
      {
        "file" : 6
      },
      {
        "command" : 2,
        "file" : 6,
        "line" : 36,
        "parent" : 169
      },
      {
        "command" : 1,
        "file" : 6,
        "line" : 2,
        "parent" : 170
      },
      {
        "command" : 0,
        "file" : 1,
        "line" : 43,
        "parent" : 171
      },
      {
        "file" : 6
      },
      {
        "command" : 2,
        "file" : 6,
        "line" : 40,
        "parent" : 173
      },
      {
        "command" : 1,
        "file" : 6,
        "line" : 2,
        "parent" : 174
      },
      {
        "command" : 0,
        "file" : 1,
        "line" : 43,
        "parent" : 175
      },
      {
        "file" : 6
      },
      {
        "command" : 2,
        "file" : 6,
        "line" : 44,
        "parent" : 177
      },
      {
        "command" : 1,
        "file" : 6,
        "line" : 2,
        "parent" : 178
      },
      {
        "command" : 0,
        "file" : 1,
        "line" : 43,
        "parent" : 179
      },
      {
        "file" : 6
      },
      {
        "command" : 2,
        "file" : 6,
        "line" : 48,
        "parent" : 181
      },
      {
        "command" : 1,
        "file" : 6,
        "line" : 2,
        "parent" : 182
      },
      {
        "command" : 0,
        "file" : 1,
        "line" : 43,
        "parent" : 183
      },
      {
        "file" : 7
      },
      {
        "command" : 1,
        "file" : 7,
        "line" : 1,
        "parent" : 185
      },
      {
        "command" : 0,
        "file" : 1,
        "line" : 43,
        "parent" : 186
      },
      {
        "file" : 7
      },
      {
        "command" : 1,
        "file" : 7,
        "line" : 7,
        "parent" : 188
      },
      {
        "command" : 0,
        "file" : 1,
        "line" : 43,
        "parent" : 189
      },
      {
        "file" : 8
      },
      {
        "command" : 1,
        "file" : 8,
        "line" : 1,
        "parent" : 191
      },
      {
        "command" : 0,
        "file" : 1,
        "line" : 43,
        "parent" : 192
      },
      {
        "file" : 8
      },
      {
        "command" : 1,
        "file" : 8,
        "line" : 5,
        "parent" : 194
      },
      {
        "command" : 0,
        "file" : 1,
        "line" : 43,
        "parent" : 195
      },
      {
        "file" : 8
      },
      {
        "command" : 1,
        "file" : 8,
        "line" : 9,
        "parent" : 197
      },
      {
        "command" : 0,
        "file" : 1,
        "line" : 43,
        "parent" : 198
      },
      {
        "file" : 9
      },
      {
        "command" : 1,
        "file" : 9,
        "line" : 40,
        "parent" : 200
      },
      {
        "command" : 0,
        "file" : 1,
        "line" : 43,
        "parent" : 201
      },
      {
        "file" : 9
      },
      {
        "command" : 1,
        "file" : 9,
        "line" : 41,
        "parent" : 203
      },
      {
        "command" : 0,
        "file" : 1,
        "line" : 43,
        "parent" : 204
      },
      {
        "file" : 9
      },
      {
        "command" : 1,
        "file" : 9,
        "line" : 42,
        "parent" : 206
      },
      {
        "command" : 0,
        "file" : 1,
        "line" : 43,
        "parent" : 207
      },
      {
        "file" : 9
      },
      {
        "command" : 1,
        "file" : 9,
        "line" : 43,
        "parent" : 209
      },
      {
        "command" : 0,
        "file" : 1,
        "line" : 43,
        "parent" : 210
      },
      {
        "file" : 9
      },
      {
        "command" : 1,
        "file" : 9,
        "line" : 49,
        "parent" : 212
      },
      {
        "command" : 0,
        "file" : 1,
        "line" : 43,
        "parent" : 213
      },
      {
        "file" : 9
      },
      {
        "command" : 1,
        "file" : 9,
        "line" : 50,
        "parent" : 215
      },
      {
        "command" : 0,
        "file" : 1,
        "line" : 43,
        "parent" : 216
      },
      {
        "file" : 9
      },
      {
        "command" : 1,
        "file" : 9,
        "line" : 53,
        "parent" : 218
      },
      {
        "command" : 0,
        "file" : 1,
        "line" : 43,
        "parent" : 219
      },
      {
        "file" : 9
      },
      {
        "command" : 1,
        "file" : 9,
        "line" : 54,
        "parent" : 221
      },
      {
        "command" : 0,
        "file" : 1,
        "line" : 43,
        "parent" : 222
      },
      {
        "file" : 9
      },
      {
        "command" : 1,
        "file" : 9,
        "line" : 55,
        "parent" : 224
      },
      {
        "command" : 0,
        "file" : 1,
        "line" : 43,
        "parent" : 225
      },
      {
        "file" : 9
      },
      {
        "command" : 1,
        "file" : 9,
        "line" : 56,
        "parent" : 227
      },
      {
        "command" : 0,
        "file" : 1,
        "line" : 43,
        "parent" : 228
      },
      {
        "file" : 9
      },
      {
        "command" : 1,
        "file" : 9,
        "line" : 57,
        "parent" : 230
      },
      {
        "command" : 0,
        "file" : 1,
        "line" : 43,
        "parent" : 231
      },
      {
        "file" : 9
      },
      {
        "command" : 1,
        "file" : 9,
        "line" : 58,
        "parent" : 233
      },
      {
        "command" : 0,
        "file" : 1,
        "line" : 43,
        "parent" : 234
      },
      {
        "file" : 9
      },
      {
        "command" : 1,
        "file" : 9,
        "line" : 61,
        "parent" : 236
      },
      {
        "command" : 0,
        "file" : 1,
        "line" : 43,
        "parent" : 237
      },
      {
        "file" : 9
      },
      {
        "command" : 0,
        "file" : 9,
        "line" : 127,
        "parent" : 239
      },
      {
        "file" : 9
      },
      {
        "command" : 0,
        "file" : 9,
        "line" : 127,
        "parent" : 241
      },
      {
        "file" : 10
      },
      {
        "command" : 1,
        "file" : 10,
        "line" : 41,
        "parent" : 243
      },
      {
        "command" : 0,
        "file" : 1,
        "line" : 43,
        "parent" : 244
      },
      {
        "file" : 10
      },
      {
        "command" : 1,
        "file" : 10,
        "line" : 52,
        "parent" : 246
      },
      {
        "command" : 0,
        "file" : 1,
        "line" : 43,
        "parent" : 247
      },
      {
        "file" : 10
      },
      {
        "command" : 1,
        "file" : 10,
        "line" : 63,
        "parent" : 249
      },
      {
        "command" : 0,
        "file" : 1,
        "line" : 43,
        "parent" : 250
      },
      {
        "file" : 10
      },
      {
        "command" : 1,
        "file" : 10,
        "line" : 74,
        "parent" : 252
      },
      {
        "command" : 0,
        "file" : 1,
        "line" : 43,
        "parent" : 253
      },
      {
        "file" : 10
      },
      {
        "command" : 1,
        "file" : 10,
        "line" : 75,
        "parent" : 255
      },
      {
        "command" : 0,
        "file" : 1,
        "line" : 43,
        "parent" : 256
      },
      {
        "file" : 10
      },
      {
        "command" : 1,
        "file" : 10,
        "line" : 76,
        "parent" : 258
      },
      {
        "command" : 0,
        "file" : 1,
        "line" : 43,
        "parent" : 259
      },
      {
        "file" : 10
      },
      {
        "command" : 1,
        "file" : 10,
        "line" : 101,
        "parent" : 261
      },
      {
        "command" : 0,
        "file" : 1,
        "line" : 43,
        "parent" : 262
      },
      {
        "file" : 10
      },
      {
        "command" : 1,
        "file" : 10,
        "line" : 102,
        "parent" : 264
      },
      {
        "command" : 0,
        "file" : 1,
        "line" : 43,
        "parent" : 265
      },
      {
        "file" : 10
      },
      {
        "command" : 1,
        "file" : 10,
        "line" : 103,
        "parent" : 267
      },
      {
        "command" : 0,
        "file" : 1,
        "line" : 43,
        "parent" : 268
      },
      {
        "file" : 10
      },
      {
        "command" : 1,
        "file" : 10,
        "line" : 128,
        "parent" : 270
      },
      {
        "command" : 0,
        "file" : 1,
        "line" : 43,
        "parent" : 271
      },
      {
        "file" : 10
      },
      {
        "command" : 1,
        "file" : 10,
        "line" : 129,
        "parent" : 273
      },
      {
        "command" : 0,
        "file" : 1,
        "line" : 43,
        "parent" : 274
      },
      {
        "file" : 10
      },
      {
        "command" : 1,
        "file" : 10,
        "line" : 130,
        "parent" : 276
      },
      {
        "command" : 0,
        "file" : 1,
        "line" : 43,
        "parent" : 277
      },
      {
        "file" : 10
      },
      {
        "command" : 1,
        "file" : 10,
        "line" : 155,
        "parent" : 279
      },
      {
        "command" : 0,
        "file" : 1,
        "line" : 43,
        "parent" : 280
      },
      {
        "file" : 10
      },
      {
        "command" : 1,
        "file" : 10,
        "line" : 156,
        "parent" : 282
      },
      {
        "command" : 0,
        "file" : 1,
        "line" : 43,
        "parent" : 283
      },
      {
        "file" : 10
      },
      {
        "command" : 1,
        "file" : 10,
        "line" : 157,
        "parent" : 285
      },
      {
        "command" : 0,
        "file" : 1,
        "line" : 43,
        "parent" : 286
      },
      {
        "file" : 10
      },
      {
        "command" : 1,
        "file" : 10,
        "line" : 182,
        "parent" : 288
      },
      {
        "command" : 0,
        "file" : 1,
        "line" : 43,
        "parent" : 289
      },
      {
        "file" : 10
      },
      {
        "command" : 1,
        "file" : 10,
        "line" : 183,
        "parent" : 291
      },
      {
        "command" : 0,
        "file" : 1,
        "line" : 43,
        "parent" : 292
      },
      {
        "file" : 10
      },
      {
        "command" : 1,
        "file" : 10,
        "line" : 184,
        "parent" : 294
      },
      {
        "command" : 0,
        "file" : 1,
        "line" : 43,
        "parent" : 295
      },
      {
        "file" : 10
      },
      {
        "command" : 1,
        "file" : 10,
        "line" : 209,
        "parent" : 297
      },
      {
        "command" : 0,
        "file" : 1,
        "line" : 43,
        "parent" : 298
      },
      {
        "file" : 10
      },
      {
        "command" : 1,
        "file" : 10,
        "line" : 210,
        "parent" : 300
      },
      {
        "command" : 0,
        "file" : 1,
        "line" : 43,
        "parent" : 301
      },
      {
        "file" : 10
      },
      {
        "command" : 1,
        "file" : 10,
        "line" : 211,
        "parent" : 303
      },
      {
        "command" : 0,
        "file" : 1,
        "line" : 43,
        "parent" : 304
      },
      {
        "file" : 10
      },
      {
        "command" : 1,
        "file" : 10,
        "line" : 236,
        "parent" : 306
      },
      {
        "command" : 0,
        "file" : 1,
        "line" : 43,
        "parent" : 307
      },
      {
        "file" : 10
      },
      {
        "command" : 1,
        "file" : 10,
        "line" : 237,
        "parent" : 309
      },
      {
        "command" : 0,
        "file" : 1,
        "line" : 43,
        "parent" : 310
      },
      {
        "file" : 10
      },
      {
        "command" : 1,
        "file" : 10,
        "line" : 238,
        "parent" : 312
      },
      {
        "command" : 0,
        "file" : 1,
        "line" : 43,
        "parent" : 313
      },
      {
        "file" : 10
      },
      {
        "command" : 1,
        "file" : 10,
        "line" : 260,
        "parent" : 315
      },
      {
        "command" : 0,
        "file" : 1,
        "line" : 43,
        "parent" : 316
      },
      {
        "file" : 10
      },
      {
        "command" : 1,
        "file" : 10,
        "line" : 261,
        "parent" : 318
      },
      {
        "command" : 0,
        "file" : 1,
        "line" : 43,
        "parent" : 319
      },
      {
        "file" : 10
      },
      {
        "command" : 1,
        "file" : 10,
        "line" : 262,
        "parent" : 321
      },
      {
        "command" : 0,
        "file" : 1,
        "line" : 43,
        "parent" : 322
      },
      {
        "file" : 10
      },
      {
        "command" : 1,
        "file" : 10,
        "line" : 263,
        "parent" : 324
      },
      {
        "command" : 0,
        "file" : 1,
        "line" : 43,
        "parent" : 325
      },
      {
        "file" : 10
      },
      {
        "command" : 1,
        "file" : 10,
        "line" : 264,
        "parent" : 327
      },
      {
        "command" : 0,
        "file" : 1,
        "line" : 43,
        "parent" : 328
      },
      {
        "file" : 10
      },
      {
        "command" : 1,
        "file" : 10,
        "line" : 265,
        "parent" : 330
      },
      {
        "command" : 0,
        "file" : 1,
        "line" : 43,
        "parent" : 331
      },
      {
        "file" : 10
      },
      {
        "command" : 1,
        "file" : 10,
        "line" : 266,
        "parent" : 333
      },
      {
        "command" : 0,
        "file" : 1,
        "line" : 43,
        "parent" : 334
      },
      {
        "file" : 10
      },
      {
        "command" : 1,
        "file" : 10,
        "line" : 267,
        "parent" : 336
      },
      {
        "command" : 0,
        "file" : 1,
        "line" : 43,
        "parent" : 337
      },
      {
        "file" : 10
      },
      {
        "command" : 1,
        "file" : 10,
        "line" : 268,
        "parent" : 339
      },
      {
        "command" : 0,
        "file" : 1,
        "line" : 43,
        "parent" : 340
      },
      {
        "file" : 10
      },
      {
        "command" : 1,
        "file" : 10,
        "line" : 269,
        "parent" : 342
      },
      {
        "command" : 0,
        "file" : 1,
        "line" : 43,
        "parent" : 343
      },
      {
        "file" : 10
      },
      {
        "command" : 1,
        "file" : 10,
        "line" : 270,
        "parent" : 345
      },
      {
        "command" : 0,
        "file" : 1,
        "line" : 43,
        "parent" : 346
      },
      {
        "file" : 10
      },
      {
        "command" : 1,
        "file" : 10,
        "line" : 271,
        "parent" : 348
      },
      {
        "command" : 0,
        "file" : 1,
        "line" : 43,
        "parent" : 349
      },
      {
        "file" : 10
      },
      {
        "command" : 1,
        "file" : 10,
        "line" : 347,
        "parent" : 351
      },
      {
        "command" : 0,
        "file" : 1,
        "line" : 43,
        "parent" : 352
      },
      {
        "file" : 11
      },
      {
        "command" : 1,
        "file" : 11,
        "line" : 5,
        "parent" : 354
      },
      {
        "command" : 0,
        "file" : 1,
        "line" : 43,
        "parent" : 355
      },
      {
        "file" : 11
      },
      {
        "command" : 1,
        "file" : 11,
        "line" : 6,
        "parent" : 357
      },
      {
        "command" : 0,
        "file" : 1,
        "line" : 43,
        "parent" : 358
      },
      {
        "file" : 11
      },
      {
        "command" : 1,
        "file" : 11,
        "line" : 7,
        "parent" : 360
      },
      {
        "command" : 0,
        "file" : 1,
        "line" : 43,
        "parent" : 361
      },
      {
        "file" : 11
      },
      {
        "command" : 1,
        "file" : 11,
        "line" : 8,
        "parent" : 363
      },
      {
        "command" : 0,
        "file" : 1,
        "line" : 43,
        "parent" : 364
      },
      {
        "file" : 11
      },
      {
        "command" : 1,
        "file" : 11,
        "line" : 9,
        "parent" : 366
      },
      {
        "command" : 0,
        "file" : 1,
        "line" : 43,
        "parent" : 367
      },
      {
        "file" : 11
      },
      {
        "command" : 1,
        "file" : 11,
        "line" : 10,
        "parent" : 369
      },
      {
        "command" : 0,
        "file" : 1,
        "line" : 43,
        "parent" : 370
      },
      {
        "file" : 11
      },
      {
        "command" : 1,
        "file" : 11,
        "line" : 12,
        "parent" : 372
      },
      {
        "command" : 0,
        "file" : 1,
        "line" : 43,
        "parent" : 373
      },
      {
        "file" : 11
      },
      {
        "command" : 1,
        "file" : 11,
        "line" : 13,
        "parent" : 375
      },
      {
        "command" : 0,
        "file" : 1,
        "line" : 43,
        "parent" : 376
      },
      {
        "file" : 11
      },
      {
        "command" : 1,
        "file" : 11,
        "line" : 14,
        "parent" : 378
      },
      {
        "command" : 0,
        "file" : 1,
        "line" : 43,
        "parent" : 379
      },
      {
        "file" : 11
      },
      {
        "command" : 1,
        "file" : 11,
        "line" : 15,
        "parent" : 381
      },
      {
        "command" : 0,
        "file" : 1,
        "line" : 43,
        "parent" : 382
      },
      {
        "file" : 11
      },
      {
        "command" : 1,
        "file" : 11,
        "line" : 16,
        "parent" : 384
      },
      {
        "command" : 0,
        "file" : 1,
        "line" : 43,
        "parent" : 385
      },
      {
        "file" : 11
      },
      {
        "command" : 1,
        "file" : 11,
        "line" : 17,
        "parent" : 387
      },
      {
        "command" : 0,
        "file" : 1,
        "line" : 43,
        "parent" : 388
      },
      {
        "file" : 11
      },
      {
        "command" : 1,
        "file" : 11,
        "line" : 108,
        "parent" : 390
      },
      {
        "command" : 0,
        "file" : 1,
        "line" : 43,
        "parent" : 391
      },
      {
        "file" : 11
      },
      {
        "command" : 1,
        "file" : 11,
        "line" : 109,
        "parent" : 393
      },
      {
        "command" : 0,
        "file" : 1,
        "line" : 43,
        "parent" : 394
      },
      {
        "file" : 11
      },
      {
        "command" : 1,
        "file" : 11,
        "line" : 110,
        "parent" : 396
      },
      {
        "command" : 0,
        "file" : 1,
        "line" : 43,
        "parent" : 397
      },
      {
        "file" : 11
      },
      {
        "command" : 1,
        "file" : 11,
        "line" : 111,
        "parent" : 399
      },
      {
        "command" : 0,
        "file" : 1,
        "line" : 43,
        "parent" : 400
      },
      {
        "file" : 11
      },
      {
        "command" : 1,
        "file" : 11,
        "line" : 112,
        "parent" : 402
      },
      {
        "command" : 0,
        "file" : 1,
        "line" : 43,
        "parent" : 403
      },
      {
        "file" : 11
      },
      {
        "command" : 1,
        "file" : 11,
        "line" : 135,
        "parent" : 405
      },
      {
        "command" : 0,
        "file" : 1,
        "line" : 43,
        "parent" : 406
      },
      {
        "file" : 11
      },
      {
        "command" : 1,
        "file" : 11,
        "line" : 136,
        "parent" : 408
      },
      {
        "command" : 0,
        "file" : 1,
        "line" : 43,
        "parent" : 409
      },
      {
        "file" : 11
      },
      {
        "command" : 1,
        "file" : 11,
        "line" : 137,
        "parent" : 411
      },
      {
        "command" : 0,
        "file" : 1,
        "line" : 43,
        "parent" : 412
      },
      {
        "file" : 11
      },
      {
        "command" : 1,
        "file" : 11,
        "line" : 160,
        "parent" : 414
      },
      {
        "command" : 0,
        "file" : 1,
        "line" : 43,
        "parent" : 415
      },
      {
        "file" : 11
      },
      {
        "command" : 1,
        "file" : 11,
        "line" : 171,
        "parent" : 417
      },
      {
        "command" : 0,
        "file" : 1,
        "line" : 43,
        "parent" : 418
      },
      {
        "file" : 11
      },
      {
        "command" : 1,
        "file" : 11,
        "line" : 182,
        "parent" : 420
      },
      {
        "command" : 0,
        "file" : 1,
        "line" : 43,
        "parent" : 421
      },
      {
        "file" : 11
      },
      {
        "command" : 1,
        "file" : 11,
        "line" : 183,
        "parent" : 423
      },
      {
        "command" : 0,
        "file" : 1,
        "line" : 43,
        "parent" : 424
      },
      {
        "file" : 11
      },
      {
        "command" : 1,
        "file" : 11,
        "line" : 184,
        "parent" : 426
      },
      {
        "command" : 0,
        "file" : 1,
        "line" : 43,
        "parent" : 427
      },
      {
        "file" : 12
      },
      {
        "command" : 1,
        "file" : 12,
        "line" : 5,
        "parent" : 429
      },
      {
        "command" : 0,
        "file" : 1,
        "line" : 43,
        "parent" : 430
      },
      {
        "file" : 12
      },
      {
        "command" : 1,
        "file" : 12,
        "line" : 6,
        "parent" : 432
      },
      {
        "command" : 0,
        "file" : 1,
        "line" : 43,
        "parent" : 433
      },
      {
        "file" : 12
      },
      {
        "command" : 1,
        "file" : 12,
        "line" : 8,
        "parent" : 435
      },
      {
        "command" : 0,
        "file" : 1,
        "line" : 43,
        "parent" : 436
      },
      {
        "file" : 12
      },
      {
        "command" : 1,
        "file" : 12,
        "line" : 9,
        "parent" : 438
      },
      {
        "command" : 0,
        "file" : 1,
        "line" : 43,
        "parent" : 439
      },
      {
        "file" : 12
      },
      {
        "command" : 1,
        "file" : 12,
        "line" : 10,
        "parent" : 441
      },
      {
        "command" : 0,
        "file" : 1,
        "line" : 43,
        "parent" : 442
      },
      {
        "file" : 12
      },
      {
        "command" : 1,
        "file" : 12,
        "line" : 11,
        "parent" : 444
      },
      {
        "command" : 0,
        "file" : 1,
        "line" : 43,
        "parent" : 445
      },
      {
        "file" : 12
      },
      {
        "command" : 1,
        "file" : 12,
        "line" : 13,
        "parent" : 447
      },
      {
        "command" : 0,
        "file" : 1,
        "line" : 43,
        "parent" : 448
      },
      {
        "file" : 12
      },
      {
        "command" : 1,
        "file" : 12,
        "line" : 14,
        "parent" : 450
      },
      {
        "command" : 0,
        "file" : 1,
        "line" : 43,
        "parent" : 451
      },
      {
        "file" : 12
      },
      {
        "command" : 1,
        "file" : 12,
        "line" : 15,
        "parent" : 453
      },
      {
        "command" : 0,
        "file" : 1,
        "line" : 43,
        "parent" : 454
      },
      {
        "file" : 12
      },
      {
        "command" : 1,
        "file" : 12,
        "line" : 16,
        "parent" : 456
      },
      {
        "command" : 0,
        "file" : 1,
        "line" : 43,
        "parent" : 457
      },
      {
        "file" : 12
      },
      {
        "command" : 1,
        "file" : 12,
        "line" : 17,
        "parent" : 459
      },
      {
        "command" : 0,
        "file" : 1,
        "line" : 43,
        "parent" : 460
      },
      {
        "file" : 12
      },
      {
        "command" : 1,
        "file" : 12,
        "line" : 18,
        "parent" : 462
      },
      {
        "command" : 0,
        "file" : 1,
        "line" : 43,
        "parent" : 463
      },
      {
        "file" : 13
      },
      {
        "command" : 1,
        "file" : 13,
        "line" : 5,
        "parent" : 465
      },
      {
        "command" : 0,
        "file" : 1,
        "line" : 43,
        "parent" : 466
      },
      {
        "file" : 13
      },
      {
        "command" : 1,
        "file" : 13,
        "line" : 6,
        "parent" : 468
      },
      {
        "command" : 0,
        "file" : 1,
        "line" : 43,
        "parent" : 469
      },
      {
        "file" : 13
      },
      {
        "command" : 1,
        "file" : 13,
        "line" : 7,
        "parent" : 471
      },
      {
        "command" : 0,
        "file" : 1,
        "line" : 43,
        "parent" : 472
      },
      {
        "file" : 13
      },
      {
        "command" : 1,
        "file" : 13,
        "line" : 8,
        "parent" : 474
      },
      {
        "command" : 0,
        "file" : 1,
        "line" : 43,
        "parent" : 475
      },
      {
        "file" : 13
      },
      {
        "command" : 1,
        "file" : 13,
        "line" : 9,
        "parent" : 477
      },
      {
        "command" : 0,
        "file" : 1,
        "line" : 43,
        "parent" : 478
      },
      {
        "file" : 13
      },
      {
        "command" : 1,
        "file" : 13,
        "line" : 10,
        "parent" : 480
      },
      {
        "command" : 0,
        "file" : 1,
        "line" : 43,
        "parent" : 481
      },
      {
        "file" : 13
      },
      {
        "command" : 1,
        "file" : 13,
        "line" : 11,
        "parent" : 483
      },
      {
        "command" : 0,
        "file" : 1,
        "line" : 43,
        "parent" : 484
      },
      {
        "file" : 13
      },
      {
        "command" : 1,
        "file" : 13,
        "line" : 12,
        "parent" : 486
      },
      {
        "command" : 0,
        "file" : 1,
        "line" : 43,
        "parent" : 487
      },
      {
        "file" : 13
      },
      {
        "command" : 1,
        "file" : 13,
        "line" : 13,
        "parent" : 489
      },
      {
        "command" : 0,
        "file" : 1,
        "line" : 43,
        "parent" : 490
      },
      {
        "file" : 13
      },
      {
        "command" : 1,
        "file" : 13,
        "line" : 14,
        "parent" : 492
      },
      {
        "command" : 0,
        "file" : 1,
        "line" : 43,
        "parent" : 493
      },
      {
        "file" : 13
      },
      {
        "command" : 1,
        "file" : 13,
        "line" : 15,
        "parent" : 495
      },
      {
        "command" : 0,
        "file" : 1,
        "line" : 43,
        "parent" : 496
      },
      {
        "file" : 14
      },
      {
        "command" : 1,
        "file" : 14,
        "line" : 5,
        "parent" : 498
      },
      {
        "command" : 0,
        "file" : 1,
        "line" : 43,
        "parent" : 499
      },
      {
        "file" : 14
      },
      {
        "command" : 1,
        "file" : 14,
        "line" : 6,
        "parent" : 501
      },
      {
        "command" : 0,
        "file" : 1,
        "line" : 43,
        "parent" : 502
      },
      {
        "file" : 14
      },
      {
        "command" : 1,
        "file" : 14,
        "line" : 7,
        "parent" : 504
      },
      {
        "command" : 0,
        "file" : 1,
        "line" : 43,
        "parent" : 505
      },
      {
        "file" : 14
      },
      {
        "command" : 1,
        "file" : 14,
        "line" : 8,
        "parent" : 507
      },
      {
        "command" : 0,
        "file" : 1,
        "line" : 43,
        "parent" : 508
      },
      {
        "file" : 14
      },
      {
        "command" : 1,
        "file" : 14,
        "line" : 9,
        "parent" : 510
      },
      {
        "command" : 0,
        "file" : 1,
        "line" : 43,
        "parent" : 511
      },
      {
        "file" : 14
      },
      {
        "command" : 1,
        "file" : 14,
        "line" : 10,
        "parent" : 513
      },
      {
        "command" : 0,
        "file" : 1,
        "line" : 43,
        "parent" : 514
      },
      {
        "file" : 14
      },
      {
        "command" : 1,
        "file" : 14,
        "line" : 11,
        "parent" : 516
      },
      {
        "command" : 0,
        "file" : 1,
        "line" : 43,
        "parent" : 517
      },
      {
        "file" : 14
      },
      {
        "command" : 1,
        "file" : 14,
        "line" : 12,
        "parent" : 519
      },
      {
        "command" : 0,
        "file" : 1,
        "line" : 43,
        "parent" : 520
      },
      {
        "file" : 14
      },
      {
        "command" : 1,
        "file" : 14,
        "line" : 13,
        "parent" : 522
      },
      {
        "command" : 0,
        "file" : 1,
        "line" : 43,
        "parent" : 523
      },
      {
        "file" : 15
      },
      {
        "command" : 3,
        "file" : 15,
        "line" : 13,
        "parent" : 525
      },
      {
        "command" : 1,
        "file" : 15,
        "line" : 2,
        "parent" : 526
      },
      {
        "command" : 0,
        "file" : 1,
        "line" : 43,
        "parent" : 527
      },
      {
        "file" : 15
      },
      {
        "command" : 3,
        "file" : 15,
        "line" : 18,
        "parent" : 529
      },
      {
        "command" : 1,
        "file" : 15,
        "line" : 2,
        "parent" : 530
      },
      {
        "command" : 0,
        "file" : 1,
        "line" : 43,
        "parent" : 531
      },
      {
        "file" : 15
      },
      {
        "command" : 3,
        "file" : 15,
        "line" : 23,
        "parent" : 533
      },
      {
        "command" : 1,
        "file" : 15,
        "line" : 2,
        "parent" : 534
      },
      {
        "command" : 0,
        "file" : 1,
        "line" : 43,
        "parent" : 535
      },
      {
        "file" : 15
      },
      {
        "command" : 3,
        "file" : 15,
        "line" : 28,
        "parent" : 537
      },
      {
        "command" : 1,
        "file" : 15,
        "line" : 2,
        "parent" : 538
      },
      {
        "command" : 0,
        "file" : 1,
        "line" : 43,
        "parent" : 539
      },
      {
        "file" : 15
      },
      {
        "command" : 3,
        "file" : 15,
        "line" : 33,
        "parent" : 541
      },
      {
        "command" : 1,
        "file" : 15,
        "line" : 2,
        "parent" : 542
      },
      {
        "command" : 0,
        "file" : 1,
        "line" : 43,
        "parent" : 543
      },
      {
        "file" : 15
      },
      {
        "command" : 3,
        "file" : 15,
        "line" : 38,
        "parent" : 545
      },
      {
        "command" : 1,
        "file" : 15,
        "line" : 2,
        "parent" : 546
      },
      {
        "command" : 0,
        "file" : 1,
        "line" : 43,
        "parent" : 547
      }
    ]
  },
  "kind" : "ctestInfo",
  "tests" : 
  [
    {
      "backtrace" : 1,
      "command" : 
      [
        "/usr/bin/cmake",
        "-DSNODEC_BUILD_DIR=/home/voc/projects/snodec/publications/book/build/shutdown-recheck-9746d186/framework-gcc",
        "-DCMAKE_CXX_COMPILER=/usr/bin/c++",
        "-P",
        "/home/voc/projects/snodec/publications/book/build/shutdown-recheck-9746d186/source/tests/StagedInstalledConsumerTest.cmake"
      ],
      "name" : "StagedInstalledConsumerTest",
      "properties" : 
      [
        {
          "name" : "LABELS",
          "value" : 
          [
            "consumer",
            "install"
          ]
        },
        {
          "name" : "TIMEOUT",
          "value" : 120.0
        },
        {
          "name" : "WORKING_DIRECTORY",
          "value" : "/home/voc/projects/snodec/publications/book/build/shutdown-recheck-9746d186/framework-gcc/tests"
        }
      ]
    },
    {
      "backtrace" : 4,
      "command" : 
      [
        "/home/voc/projects/snodec/publications/book/build/shutdown-recheck-9746d186/framework-gcc/tests/unit/core/SNodeCInitFreeSmokeTest"
      ],
      "name" : "SNodeCInitFreeSmokeTest",
      "properties" : 
      [
        {
          "name" : "LABELS",
          "value" : 
          [
            "core",
            "smoke",
            "unit"
          ]
        },
        {
          "name" : "TIMEOUT",
          "value" : 10.0
        },
        {
          "name" : "WORKING_DIRECTORY",
          "value" : "/home/voc/projects/snodec/publications/book/build/shutdown-recheck-9746d186/framework-gcc/tests/unit/core"
        }
      ]
    },
    {
      "backtrace" : 7,
      "command" : 
      [
        "/home/voc/projects/snodec/publications/book/build/shutdown-recheck-9746d186/framework-gcc/tests/unit/core/SNodeCAsyncLogDrainTest"
      ],
      "name" : "SNodeCAsyncLogDrainTest",
      "properties" : 
      [
        {
          "name" : "LABELS",
          "value" : 
          [
            "core",
            "lifecycle",
            "log",
            "unit"
          ]
        },
        {
          "name" : "TIMEOUT",
          "value" : 10.0
        },
        {
          "name" : "WORKING_DIRECTORY",
          "value" : "/home/voc/projects/snodec/publications/book/build/shutdown-recheck-9746d186/framework-gcc/tests/unit/core"
        }
      ]
    },
    {
      "backtrace" : 10,
      "command" : 
      [
        "/home/voc/projects/snodec/publications/book/build/shutdown-recheck-9746d186/framework-gcc/tests/unit/core/TLSResultClassificationTest"
      ],
      "name" : "TLSResultClassificationTest",
      "properties" : 
      [
        {
          "name" : "LABELS",
          "value" : 
          [
            "classification",
            "core",
            "tls",
            "unit"
          ]
        },
        {
          "name" : "TIMEOUT",
          "value" : 5.0
        },
        {
          "name" : "WORKING_DIRECTORY",
          "value" : "/home/voc/projects/snodec/publications/book/build/shutdown-recheck-9746d186/framework-gcc/tests/unit/core"
        }
      ]
    },
    {
      "backtrace" : 13,
      "command" : 
      [
        "/home/voc/projects/snodec/publications/book/build/shutdown-recheck-9746d186/framework-gcc/tests/unit/core/TLSIoFatalPathTest"
      ],
      "name" : "TLSIoFatalPathTest",
      "properties" : 
      [
        {
          "name" : "LABELS",
          "value" : 
          [
            "core",
            "fatal",
            "io",
            "tls",
            "unit"
          ]
        },
        {
          "name" : "TIMEOUT",
          "value" : 5.0
        },
        {
          "name" : "WORKING_DIRECTORY",
          "value" : "/home/voc/projects/snodec/publications/book/build/shutdown-recheck-9746d186/framework-gcc/tests/unit/core"
        }
      ]
    },
    {
      "backtrace" : 16,
      "command" : 
      [
        "/home/voc/projects/snodec/publications/book/build/shutdown-recheck-9746d186/framework-gcc/tests/unit/core/TLSLifecycleHelperOwnershipTest"
      ],
      "name" : "TLSLifecycleHelperOwnershipTest",
      "properties" : 
      [
        {
          "name" : "LABELS",
          "value" : 
          [
            "core",
            "lifecycle",
            "ownership",
            "tls",
            "unit"
          ]
        },
        {
          "name" : "TIMEOUT",
          "value" : 5.0
        },
        {
          "name" : "WORKING_DIRECTORY",
          "value" : "/home/voc/projects/snodec/publications/book/build/shutdown-recheck-9746d186/framework-gcc/tests/unit/core"
        }
      ]
    },
    {
      "backtrace" : 19,
      "command" : 
      [
        "/home/voc/projects/snodec/publications/book/build/shutdown-recheck-9746d186/framework-gcc/tests/unit/core/TLSTransportStateMachineTest"
      ],
      "name" : "TLSTransportStateMachineTest",
      "properties" : 
      [
        {
          "name" : "LABELS",
          "value" : 
          [
            "core",
            "state-machine",
            "tls",
            "unit"
          ]
        },
        {
          "name" : "TIMEOUT",
          "value" : 5.0
        },
        {
          "name" : "WORKING_DIRECTORY",
          "value" : "/home/voc/projects/snodec/publications/book/build/shutdown-recheck-9746d186/framework-gcc/tests/unit/core"
        }
      ]
    },
    {
      "backtrace" : 22,
      "command" : 
      [
        "/home/voc/projects/snodec/publications/book/build/shutdown-recheck-9746d186/framework-gcc/tests/unit/core/TLSLifecycleAbiSourceCompatibilityTest"
      ],
      "name" : "TLSLifecycleAbiSourceCompatibilityTest",
      "properties" : 
      [
        {
          "name" : "LABELS",
          "value" : 
          [
            "abi",
            "core",
            "tls",
            "unit"
          ]
        },
        {
          "name" : "TIMEOUT",
          "value" : 5.0
        },
        {
          "name" : "WORKING_DIRECTORY",
          "value" : "/home/voc/projects/snodec/publications/book/build/shutdown-recheck-9746d186/framework-gcc/tests/unit/core"
        }
      ]
    },
    {
      "backtrace" : 24,
      "command" : 
      [
        "/home/voc/projects/snodec/publications/book/build/shutdown-recheck-9746d186/framework-gcc/tests/unit/core/StreamFrameworkShutdownTest",
        "plain_requested_empty"
      ],
      "name" : "StreamFrameworkShutdown_plain_requested_empty",
      "properties" : 
      [
        {
          "name" : "LABELS",
          "value" : 
          [
            "core",
            "lifecycle",
            "shutdown",
            "stream",
            "unit"
          ]
        },
        {
          "name" : "TIMEOUT",
          "value" : 8.0
        },
        {
          "name" : "WORKING_DIRECTORY",
          "value" : "/home/voc/projects/snodec/publications/book/build/shutdown-recheck-9746d186/framework-gcc/tests/unit/core"
        }
      ]
    },
    {
      "backtrace" : 26,
      "command" : 
      [
        "/home/voc/projects/snodec/publications/book/build/shutdown-recheck-9746d186/framework-gcc/tests/unit/core/StreamFrameworkShutdownTest",
        "plain_requested_queued"
      ],
      "name" : "StreamFrameworkShutdown_plain_requested_queued",
      "properties" : 
      [
        {
          "name" : "LABELS",
          "value" : 
          [
            "core",
            "lifecycle",
            "shutdown",
            "stream",
            "unit"
          ]
        },
        {
          "name" : "TIMEOUT",
          "value" : 8.0
        },
        {
          "name" : "WORKING_DIRECTORY",
          "value" : "/home/voc/projects/snodec/publications/book/build/shutdown-recheck-9746d186/framework-gcc/tests/unit/core"
        }
      ]
    },
    {
      "backtrace" : 28,
      "command" : 
      [
        "/home/voc/projects/snodec/publications/book/build/shutdown-recheck-9746d186/framework-gcc/tests/unit/core/StreamFrameworkShutdownTest",
        "plain_signal_false_veto"
      ],
      "name" : "StreamFrameworkShutdown_plain_signal_false_veto",
      "properties" : 
      [
        {
          "name" : "LABELS",
          "value" : 
          [
            "core",
            "lifecycle",
            "shutdown",
            "stream",
            "unit"
          ]
        },
        {
          "name" : "TIMEOUT",
          "value" : 8.0
        },
        {
          "name" : "WORKING_DIRECTORY",
          "value" : "/home/voc/projects/snodec/publications/book/build/shutdown-recheck-9746d186/framework-gcc/tests/unit/core"
        }
      ]
    },
    {
      "backtrace" : 30,
      "command" : 
      [
        "/home/voc/projects/snodec/publications/book/build/shutdown-recheck-9746d186/framework-gcc/tests/unit/core/StreamFrameworkShutdownTest",
        "plain_no_observer"
      ],
      "name" : "StreamFrameworkShutdown_plain_no_observer",
      "properties" : 
      [
        {
          "name" : "LABELS",
          "value" : 
          [
            "core",
            "lifecycle",
            "shutdown",
            "stream",
            "unit"
          ]
        },
        {
          "name" : "TIMEOUT",
          "value" : 8.0
        },
        {
          "name" : "WORKING_DIRECTORY",
          "value" : "/home/voc/projects/snodec/publications/book/build/shutdown-recheck-9746d186/framework-gcc/tests/unit/core"
        }
      ]
    },
    {
      "backtrace" : 32,
      "command" : 
      [
        "/home/voc/projects/snodec/publications/book/build/shutdown-recheck-9746d186/framework-gcc/tests/unit/core/StreamFrameworkShutdownTest",
        "plain_noncooperating_timeout"
      ],
      "name" : "StreamFrameworkShutdown_plain_noncooperating_timeout",
      "properties" : 
      [
        {
          "name" : "LABELS",
          "value" : 
          [
            "core",
            "lifecycle",
            "shutdown",
            "stream",
            "unit"
          ]
        },
        {
          "name" : "TIMEOUT",
          "value" : 8.0
        },
        {
          "name" : "WORKING_DIRECTORY",
          "value" : "/home/voc/projects/snodec/publications/book/build/shutdown-recheck-9746d186/framework-gcc/tests/unit/core"
        }
      ]
    },
    {
      "backtrace" : 34,
      "command" : 
      [
        "/home/voc/projects/snodec/publications/book/build/shutdown-recheck-9746d186/framework-gcc/tests/unit/core/StreamFrameworkShutdownTest",
        "reentrant_context_cleanup"
      ],
      "name" : "StreamFrameworkShutdown_reentrant_context_cleanup",
      "properties" : 
      [
        {
          "name" : "LABELS",
          "value" : 
          [
            "core",
            "lifecycle",
            "shutdown",
            "stream",
            "unit"
          ]
        },
        {
          "name" : "TIMEOUT",
          "value" : 8.0
        },
        {
          "name" : "WORKING_DIRECTORY",
          "value" : "/home/voc/projects/snodec/publications/book/build/shutdown-recheck-9746d186/framework-gcc/tests/unit/core"
        }
      ]
    },
    {
      "backtrace" : 36,
      "command" : 
      [
        "/home/voc/projects/snodec/publications/book/build/shutdown-recheck-9746d186/framework-gcc/tests/unit/core/StreamFrameworkShutdownTest",
        "active_detach_context_visibility"
      ],
      "name" : "StreamFrameworkShutdown_active_detach_context_visibility",
      "properties" : 
      [
        {
          "name" : "LABELS",
          "value" : 
          [
            "core",
            "lifecycle",
            "shutdown",
            "stream",
            "unit"
          ]
        },
        {
          "name" : "TIMEOUT",
          "value" : 8.0
        },
        {
          "name" : "WORKING_DIRECTORY",
          "value" : "/home/voc/projects/snodec/publications/book/build/shutdown-recheck-9746d186/framework-gcc/tests/unit/core"
        }
      ]
    },
    {
      "backtrace" : 38,
      "command" : 
      [
        "/home/voc/projects/snodec/publications/book/build/shutdown-recheck-9746d186/framework-gcc/tests/unit/core/StreamFrameworkShutdownTest",
        "destruction_logging_order"
      ],
      "name" : "StreamFrameworkShutdown_destruction_logging_order",
      "properties" : 
      [
        {
          "name" : "LABELS",
          "value" : 
          [
            "core",
            "lifecycle",
            "shutdown",
            "stream",
            "unit"
          ]
        },
        {
          "name" : "TIMEOUT",
          "value" : 8.0
        },
        {
          "name" : "WORKING_DIRECTORY",
          "value" : "/home/voc/projects/snodec/publications/book/build/shutdown-recheck-9746d186/framework-gcc/tests/unit/core"
        }
      ]
    },
    {
      "backtrace" : 41,
      "command" : 
      [
        "/home/voc/projects/snodec/publications/book/build/shutdown-recheck-9746d186/framework-gcc/tests/unit/core/SocketContextLifecycleTest"
      ],
      "name" : "SocketContextLifecycleTest",
      "properties" : 
      [
        {
          "name" : "LABELS",
          "value" : 
          [
            "core",
            "lifecycle",
            "unit"
          ]
        },
        {
          "name" : "TIMEOUT",
          "value" : 10.0
        },
        {
          "name" : "WORKING_DIRECTORY",
          "value" : "/home/voc/projects/snodec/publications/book/build/shutdown-recheck-9746d186/framework-gcc/tests/unit/core"
        }
      ]
    },
    {
      "backtrace" : 44,
      "command" : 
      [
        "/home/voc/projects/snodec/publications/book/build/shutdown-recheck-9746d186/framework-gcc/tests/unit/core/SocketWriterResourcePolicyTest"
      ],
      "name" : "SocketWriterResourcePolicyTest",
      "properties" : 
      [
        {
          "name" : "LABELS",
          "value" : 
          [
            "core",
            "resource-policy",
            "stream",
            "unit",
            "writer"
          ]
        },
        {
          "name" : "TIMEOUT",
          "value" : 5.0
        },
        {
          "name" : "WORKING_DIRECTORY",
          "value" : "/home/voc/projects/snodec/publications/book/build/shutdown-recheck-9746d186/framework-gcc/tests/unit/core"
        }
      ]
    },
    {
      "backtrace" : 47,
      "command" : 
      [
        "/home/voc/projects/snodec/publications/book/build/shutdown-recheck-9746d186/framework-gcc/tests/unit/core/ListenerLifecycleTest"
      ],
      "name" : "ListenerLifecycleTest",
      "properties" : 
      [
        {
          "name" : "LABELS",
          "value" : 
          [
            "core",
            "lifecycle",
            "listener",
            "unit"
          ]
        },
        {
          "name" : "TIMEOUT",
          "value" : 10.0
        },
        {
          "name" : "WORKING_DIRECTORY",
          "value" : "/home/voc/projects/snodec/publications/book/build/shutdown-recheck-9746d186/framework-gcc/tests/unit/core"
        }
      ]
    },
    {
      "backtrace" : 50,
      "command" : 
      [
        "/home/voc/projects/snodec/publications/book/build/shutdown-recheck-9746d186/framework-gcc/tests/unit/core/EndpointLifetimeCountersTest"
      ],
      "name" : "EndpointLifetimeCountersTest",
      "properties" : 
      [
        {
          "name" : "LABELS",
          "value" : 
          [
            "core",
            "endpoint-counter",
            "lifecycle",
            "unit"
          ]
        },
        {
          "name" : "TIMEOUT",
          "value" : 10.0
        },
        {
          "name" : "WORKING_DIRECTORY",
          "value" : "/home/voc/projects/snodec/publications/book/build/shutdown-recheck-9746d186/framework-gcc/tests/unit/core"
        }
      ]
    },
    {
      "backtrace" : 53,
      "command" : 
      [
        "/home/voc/projects/snodec/publications/book/build/shutdown-recheck-9746d186/framework-gcc/tests/unit/core/ConnectionAttemptLifecycleTest"
      ],
      "name" : "ConnectionAttemptLifecycleTest",
      "properties" : 
      [
        {
          "name" : "LABELS",
          "value" : 
          [
            "connection",
            "core",
            "lifecycle",
            "unit"
          ]
        },
        {
          "name" : "TIMEOUT",
          "value" : 10.0
        },
        {
          "name" : "WORKING_DIRECTORY",
          "value" : "/home/voc/projects/snodec/publications/book/build/shutdown-recheck-9746d186/framework-gcc/tests/unit/core"
        }
      ]
    },
    {
      "backtrace" : 56,
      "command" : 
      [
        "/home/voc/projects/snodec/publications/book/build/shutdown-recheck-9746d186/framework-gcc/tests/unit/core/TlsOpenSslLoggingTest"
      ],
      "name" : "TlsOpenSslLoggingTest",
      "properties" : 
      [
        {
          "name" : "LABELS",
          "value" : 
          [
            "core",
            "log",
            "tls",
            "unit"
          ]
        },
        {
          "name" : "TIMEOUT",
          "value" : 10.0
        },
        {
          "name" : "WORKING_DIRECTORY",
          "value" : "/home/voc/projects/snodec/publications/book/build/shutdown-recheck-9746d186/framework-gcc/tests/unit/core"
        }
      ]
    },
    {
      "backtrace" : 58,
      "command" : 
      [
        "/home/voc/projects/snodec/publications/book/build/shutdown-recheck-9746d186/framework-gcc/tests/unit/core/TLSFrameworkShutdownTest",
        "active_helper_requested"
      ],
      "name" : "TLSFrameworkShutdown_active_helper_requested",
      "properties" : 
      [
        {
          "name" : "LABELS",
          "value" : 
          [
            "core",
            "lifecycle",
            "shutdown",
            "stream",
            "tls",
            "unit"
          ]
        },
        {
          "name" : "TIMEOUT",
          "value" : 8.0
        },
        {
          "name" : "WORKING_DIRECTORY",
          "value" : "/home/voc/projects/snodec/publications/book/build/shutdown-recheck-9746d186/framework-gcc/tests/unit/core"
        }
      ]
    },
    {
      "backtrace" : 60,
      "command" : 
      [
        "/home/voc/projects/snodec/publications/book/build/shutdown-recheck-9746d186/framework-gcc/tests/unit/core/TLSFrameworkShutdownTest",
        "active_helper_no_observer"
      ],
      "name" : "TLSFrameworkShutdown_active_helper_no_observer",
      "properties" : 
      [
        {
          "name" : "LABELS",
          "value" : 
          [
            "core",
            "lifecycle",
            "shutdown",
            "stream",
            "tls",
            "unit"
          ]
        },
        {
          "name" : "TIMEOUT",
          "value" : 8.0
        },
        {
          "name" : "WORKING_DIRECTORY",
          "value" : "/home/voc/projects/snodec/publications/book/build/shutdown-recheck-9746d186/framework-gcc/tests/unit/core"
        }
      ]
    },
    {
      "backtrace" : 62,
      "command" : 
      [
        "/home/voc/projects/snodec/publications/book/build/shutdown-recheck-9746d186/framework-gcc/tests/unit/core/TLSFrameworkShutdownTest",
        "active_helper_signal"
      ],
      "name" : "TLSFrameworkShutdown_active_helper_signal",
      "properties" : 
      [
        {
          "name" : "LABELS",
          "value" : 
          [
            "core",
            "lifecycle",
            "shutdown",
            "stream",
            "tls",
            "unit"
          ]
        },
        {
          "name" : "TIMEOUT",
          "value" : 8.0
        },
        {
          "name" : "WORKING_DIRECTORY",
          "value" : "/home/voc/projects/snodec/publications/book/build/shutdown-recheck-9746d186/framework-gcc/tests/unit/core"
        }
      ]
    },
    {
      "backtrace" : 64,
      "command" : 
      [
        "/home/voc/projects/snodec/publications/book/build/shutdown-recheck-9746d186/framework-gcc/tests/unit/core/TLSFrameworkShutdownTest",
        "active_helper_forced"
      ],
      "name" : "TLSFrameworkShutdown_active_helper_forced",
      "properties" : 
      [
        {
          "name" : "LABELS",
          "value" : 
          [
            "core",
            "lifecycle",
            "shutdown",
            "stream",
            "tls",
            "unit"
          ]
        },
        {
          "name" : "TIMEOUT",
          "value" : 8.0
        },
        {
          "name" : "WORKING_DIRECTORY",
          "value" : "/home/voc/projects/snodec/publications/book/build/shutdown-recheck-9746d186/framework-gcc/tests/unit/core"
        }
      ]
    },
    {
      "backtrace" : 66,
      "command" : 
      [
        "/home/voc/projects/snodec/publications/book/build/shutdown-recheck-9746d186/framework-gcc/tests/unit/core/TLSFrameworkShutdownTest",
        "publisher_mutation_same_list"
      ],
      "name" : "TLSFrameworkShutdown_publisher_mutation_same_list",
      "properties" : 
      [
        {
          "name" : "LABELS",
          "value" : 
          [
            "core",
            "lifecycle",
            "shutdown",
            "stream",
            "tls",
            "unit"
          ]
        },
        {
          "name" : "TIMEOUT",
          "value" : 8.0
        },
        {
          "name" : "WORKING_DIRECTORY",
          "value" : "/home/voc/projects/snodec/publications/book/build/shutdown-recheck-9746d186/framework-gcc/tests/unit/core"
        }
      ]
    },
    {
      "backtrace" : 68,
      "command" : 
      [
        "/home/voc/projects/snodec/publications/book/build/shutdown-recheck-9746d186/framework-gcc/tests/unit/core/TLSFrameworkShutdownTest",
        "publisher_mutation_cross_publisher"
      ],
      "name" : "TLSFrameworkShutdown_publisher_mutation_cross_publisher",
      "properties" : 
      [
        {
          "name" : "LABELS",
          "value" : 
          [
            "core",
            "lifecycle",
            "shutdown",
            "stream",
            "tls",
            "unit"
          ]
        },
        {
          "name" : "TIMEOUT",
          "value" : 8.0
        },
        {
          "name" : "WORKING_DIRECTORY",
          "value" : "/home/voc/projects/snodec/publications/book/build/shutdown-recheck-9746d186/framework-gcc/tests/unit/core"
        }
      ]
    },
    {
      "backtrace" : 70,
      "command" : 
      [
        "/home/voc/projects/snodec/publications/book/build/shutdown-recheck-9746d186/framework-gcc/tests/unit/core/TLSFrameworkShutdownTest",
        "signal_false_tls"
      ],
      "name" : "TLSFrameworkShutdown_signal_false_tls",
      "properties" : 
      [
        {
          "name" : "LABELS",
          "value" : 
          [
            "core",
            "lifecycle",
            "shutdown",
            "stream",
            "tls",
            "unit"
          ]
        },
        {
          "name" : "TIMEOUT",
          "value" : 8.0
        },
        {
          "name" : "WORKING_DIRECTORY",
          "value" : "/home/voc/projects/snodec/publications/book/build/shutdown-recheck-9746d186/framework-gcc/tests/unit/core"
        }
      ]
    },
    {
      "backtrace" : 72,
      "command" : 
      [
        "/home/voc/projects/snodec/publications/book/build/shutdown-recheck-9746d186/framework-gcc/tests/unit/core/TLSFrameworkShutdownTest",
        "outer_timeout_long"
      ],
      "name" : "TLSFrameworkShutdown_outer_timeout_long",
      "properties" : 
      [
        {
          "name" : "LABELS",
          "value" : 
          [
            "core",
            "lifecycle",
            "shutdown",
            "stream",
            "tls",
            "unit"
          ]
        },
        {
          "name" : "TIMEOUT",
          "value" : 8.0
        },
        {
          "name" : "WORKING_DIRECTORY",
          "value" : "/home/voc/projects/snodec/publications/book/build/shutdown-recheck-9746d186/framework-gcc/tests/unit/core"
        }
      ]
    },
    {
      "backtrace" : 74,
      "command" : 
      [
        "/home/voc/projects/snodec/publications/book/build/shutdown-recheck-9746d186/framework-gcc/tests/unit/core/TLSFrameworkShutdownTest",
        "outer_timeout_multiple"
      ],
      "name" : "TLSFrameworkShutdown_outer_timeout_multiple",
      "properties" : 
      [
        {
          "name" : "LABELS",
          "value" : 
          [
            "core",
            "lifecycle",
            "shutdown",
            "stream",
            "tls",
            "unit"
          ]
        },
        {
          "name" : "TIMEOUT",
          "value" : 8.0
        },
        {
          "name" : "WORKING_DIRECTORY",
          "value" : "/home/voc/projects/snodec/publications/book/build/shutdown-recheck-9746d186/framework-gcc/tests/unit/core"
        }
      ]
    },
    {
      "backtrace" : 77,
      "command" : 
      [
        "/home/voc/projects/snodec/publications/book/build/shutdown-recheck-9746d186/framework-gcc/tests/unit/net/InetSocketAddressTest"
      ],
      "name" : "InetSocketAddressTest",
      "properties" : 
      [
        {
          "name" : "LABELS",
          "value" : 
          [
            "address",
            "net",
            "unit"
          ]
        },
        {
          "name" : "TIMEOUT",
          "value" : 5.0
        },
        {
          "name" : "WORKING_DIRECTORY",
          "value" : "/home/voc/projects/snodec/publications/book/build/shutdown-recheck-9746d186/framework-gcc/tests/unit/net"
        }
      ]
    },
    {
      "backtrace" : 80,
      "command" : 
      [
        "/home/voc/projects/snodec/publications/book/build/shutdown-recheck-9746d186/framework-gcc/tests/unit/net/InetSocketAddressNativeTest"
      ],
      "name" : "InetSocketAddressNativeTest",
      "properties" : 
      [
        {
          "name" : "LABELS",
          "value" : 
          [
            "address",
            "ipv4",
            "native",
            "net",
            "unit"
          ]
        },
        {
          "name" : "TIMEOUT",
          "value" : 5.0
        },
        {
          "name" : "WORKING_DIRECTORY",
          "value" : "/home/voc/projects/snodec/publications/book/build/shutdown-recheck-9746d186/framework-gcc/tests/unit/net"
        }
      ]
    },
    {
      "backtrace" : 83,
      "command" : 
      [
        "/home/voc/projects/snodec/publications/book/build/shutdown-recheck-9746d186/framework-gcc/tests/unit/net/Inet6SocketAddressTest"
      ],
      "name" : "Inet6SocketAddressTest",
      "properties" : 
      [
        {
          "name" : "LABELS",
          "value" : 
          [
            "address",
            "net",
            "unit"
          ]
        },
        {
          "name" : "TIMEOUT",
          "value" : 5.0
        },
        {
          "name" : "WORKING_DIRECTORY",
          "value" : "/home/voc/projects/snodec/publications/book/build/shutdown-recheck-9746d186/framework-gcc/tests/unit/net"
        }
      ]
    },
    {
      "backtrace" : 86,
      "command" : 
      [
        "/home/voc/projects/snodec/publications/book/build/shutdown-recheck-9746d186/framework-gcc/tests/unit/net/Inet6SocketAddressNativeTest"
      ],
      "name" : "Inet6SocketAddressNativeTest",
      "properties" : 
      [
        {
          "name" : "LABELS",
          "value" : 
          [
            "address",
            "ipv6",
            "native",
            "net",
            "unit"
          ]
        },
        {
          "name" : "TIMEOUT",
          "value" : 5.0
        },
        {
          "name" : "WORKING_DIRECTORY",
          "value" : "/home/voc/projects/snodec/publications/book/build/shutdown-recheck-9746d186/framework-gcc/tests/unit/net"
        }
      ]
    },
    {
      "backtrace" : 89,
      "command" : 
      [
        "/home/voc/projects/snodec/publications/book/build/shutdown-recheck-9746d186/framework-gcc/tests/unit/net/UnixSocketAddressTest"
      ],
      "name" : "UnixSocketAddressTest",
      "properties" : 
      [
        {
          "name" : "LABELS",
          "value" : 
          [
            "address",
            "net",
            "unit"
          ]
        },
        {
          "name" : "TIMEOUT",
          "value" : 5.0
        },
        {
          "name" : "WORKING_DIRECTORY",
          "value" : "/home/voc/projects/snodec/publications/book/build/shutdown-recheck-9746d186/framework-gcc/tests/unit/net"
        }
      ]
    },
    {
      "backtrace" : 92,
      "command" : 
      [
        "/home/voc/projects/snodec/publications/book/build/shutdown-recheck-9746d186/framework-gcc/tests/unit/net/UnixSocketAddressInitTest"
      ],
      "name" : "UnixSocketAddressInitTest",
      "properties" : 
      [
        {
          "name" : "LABELS",
          "value" : 
          [
            "address",
            "init",
            "net",
            "unit",
            "unix"
          ]
        },
        {
          "name" : "TIMEOUT",
          "value" : 5.0
        },
        {
          "name" : "WORKING_DIRECTORY",
          "value" : "/home/voc/projects/snodec/publications/book/build/shutdown-recheck-9746d186/framework-gcc/tests/unit/net"
        }
      ]
    },
    {
      "backtrace" : 95,
      "command" : 
      [
        "/home/voc/projects/snodec/publications/book/build/shutdown-recheck-9746d186/framework-gcc/tests/unit/net/InetSocketAddressInvalidInputTest"
      ],
      "name" : "InetSocketAddressInvalidInputTest",
      "properties" : 
      [
        {
          "name" : "LABELS",
          "value" : 
          [
            "address",
            "invalid",
            "ipv4",
            "net",
            "unit"
          ]
        },
        {
          "name" : "TIMEOUT",
          "value" : 5.0
        },
        {
          "name" : "WORKING_DIRECTORY",
          "value" : "/home/voc/projects/snodec/publications/book/build/shutdown-recheck-9746d186/framework-gcc/tests/unit/net"
        }
      ]
    },
    {
      "backtrace" : 98,
      "command" : 
      [
        "/home/voc/projects/snodec/publications/book/build/shutdown-recheck-9746d186/framework-gcc/tests/unit/net/Inet6SocketAddressInvalidInputTest"
      ],
      "name" : "Inet6SocketAddressInvalidInputTest",
      "properties" : 
      [
        {
          "name" : "LABELS",
          "value" : 
          [
            "address",
            "invalid",
            "ipv6",
            "net",
            "unit"
          ]
        },
        {
          "name" : "TIMEOUT",
          "value" : 5.0
        },
        {
          "name" : "WORKING_DIRECTORY",
          "value" : "/home/voc/projects/snodec/publications/book/build/shutdown-recheck-9746d186/framework-gcc/tests/unit/net"
        }
      ]
    },
    {
      "backtrace" : 101,
      "command" : 
      [
        "/home/voc/projects/snodec/publications/book/build/shutdown-recheck-9746d186/framework-gcc/tests/unit/net/UnixSocketAddressPathLengthTest"
      ],
      "name" : "UnixSocketAddressPathLengthTest",
      "properties" : 
      [
        {
          "name" : "LABELS",
          "value" : 
          [
            "address",
            "net",
            "path",
            "unit",
            "unix"
          ]
        },
        {
          "name" : "TIMEOUT",
          "value" : 5.0
        },
        {
          "name" : "WORKING_DIRECTORY",
          "value" : "/home/voc/projects/snodec/publications/book/build/shutdown-recheck-9746d186/framework-gcc/tests/unit/net"
        }
      ]
    },
    {
      "backtrace" : 104,
      "command" : 
      [
        "/home/voc/projects/snodec/publications/book/build/shutdown-recheck-9746d186/framework-gcc/tests/unit/net/UnixPeerCredentialsTest"
      ],
      "name" : "UnixPeerCredentialsTest",
      "properties" : 
      [
        {
          "name" : "LABELS",
          "value" : 
          [
            "credentials",
            "net",
            "unit",
            "unix"
          ]
        },
        {
          "name" : "TIMEOUT",
          "value" : 5.0
        },
        {
          "name" : "WORKING_DIRECTORY",
          "value" : "/home/voc/projects/snodec/publications/book/build/shutdown-recheck-9746d186/framework-gcc/tests/unit/net"
        }
      ]
    },
    {
      "backtrace" : 107,
      "command" : 
      [
        "/home/voc/projects/snodec/publications/book/build/shutdown-recheck-9746d186/framework-gcc/tests/unit/net/SocketAddressFormattingTest"
      ],
      "name" : "SocketAddressFormattingTest",
      "properties" : 
      [
        {
          "name" : "LABELS",
          "value" : 
          [
            "address",
            "format",
            "net",
            "unit"
          ]
        },
        {
          "name" : "TIMEOUT",
          "value" : 5.0
        },
        {
          "name" : "WORKING_DIRECTORY",
          "value" : "/home/voc/projects/snodec/publications/book/build/shutdown-recheck-9746d186/framework-gcc/tests/unit/net"
        }
      ]
    },
    {
      "backtrace" : 110,
      "command" : 
      [
        "/home/voc/projects/snodec/publications/book/build/shutdown-recheck-9746d186/framework-gcc/tests/unit/http/HttpMessageParserTest"
      ],
      "name" : "HttpMessageParserTest",
      "properties" : 
      [
        {
          "name" : "LABELS",
          "value" : 
          [
            "http",
            "message",
            "unit"
          ]
        },
        {
          "name" : "TIMEOUT",
          "value" : 5.0
        },
        {
          "name" : "WORKING_DIRECTORY",
          "value" : "/home/voc/projects/snodec/publications/book/build/shutdown-recheck-9746d186/framework-gcc/tests/unit/http"
        }
      ]
    },
    {
      "backtrace" : 113,
      "command" : 
      [
        "/home/voc/projects/snodec/publications/book/build/shutdown-recheck-9746d186/framework-gcc/tests/unit/http/HttpPolicyConfigTest"
      ],
      "name" : "HttpPolicyConfigTest",
      "properties" : 
      [
        {
          "name" : "LABELS",
          "value" : 
          [
            "config",
            "http",
            "policy",
            "unit"
          ]
        },
        {
          "name" : "TIMEOUT",
          "value" : 5.0
        },
        {
          "name" : "WORKING_DIRECTORY",
          "value" : "/home/voc/projects/snodec/publications/book/build/shutdown-recheck-9746d186/framework-gcc/tests/unit/http"
        }
      ]
    },
    {
      "backtrace" : 116,
      "command" : 
      [
        "/home/voc/projects/snodec/publications/book/build/shutdown-recheck-9746d186/framework-gcc/tests/unit/http/HttpRequestFormatterRawWireTest"
      ],
      "name" : "HttpRequestFormatterRawWireTest",
      "properties" : 
      [
        {
          "name" : "LABELS",
          "value" : 
          [
            "format",
            "http",
            "message",
            "unit"
          ]
        },
        {
          "name" : "TIMEOUT",
          "value" : 5.0
        },
        {
          "name" : "WORKING_DIRECTORY",
          "value" : "/home/voc/projects/snodec/publications/book/build/shutdown-recheck-9746d186/framework-gcc/tests/unit/http"
        }
      ]
    },
    {
      "backtrace" : 119,
      "command" : 
      [
        "/home/voc/projects/snodec/publications/book/build/shutdown-recheck-9746d186/framework-gcc/tests/unit/http/HttpResponseFormatterRawWireTest"
      ],
      "name" : "HttpResponseFormatterRawWireTest",
      "properties" : 
      [
        {
          "name" : "LABELS",
          "value" : 
          [
            "format",
            "http",
            "message",
            "unit"
          ]
        },
        {
          "name" : "TIMEOUT",
          "value" : 5.0
        },
        {
          "name" : "WORKING_DIRECTORY",
          "value" : "/home/voc/projects/snodec/publications/book/build/shutdown-recheck-9746d186/framework-gcc/tests/unit/http"
        }
      ]
    },
    {
      "backtrace" : 122,
      "command" : 
      [
        "/home/voc/projects/snodec/publications/book/build/shutdown-recheck-9746d186/framework-gcc/tests/unit/http/HttpMessagePresentationTest"
      ],
      "name" : "HttpMessagePresentationTest",
      "properties" : 
      [
        {
          "name" : "LABELS",
          "value" : 
          [
            "format",
            "http",
            "message",
            "presentation",
            "unit"
          ]
        },
        {
          "name" : "TIMEOUT",
          "value" : 5.0
        },
        {
          "name" : "WORKING_DIRECTORY",
          "value" : "/home/voc/projects/snodec/publications/book/build/shutdown-recheck-9746d186/framework-gcc/tests/unit/http"
        }
      ]
    },
    {
      "backtrace" : 125,
      "command" : 
      [
        "/home/voc/projects/snodec/publications/book/build/shutdown-recheck-9746d186/framework-gcc/tests/unit/http/HttpMessageHeaderCasingTest"
      ],
      "name" : "HttpMessageHeaderCasingTest",
      "properties" : 
      [
        {
          "name" : "LABELS",
          "value" : 
          [
            "headers",
            "http",
            "message",
            "unit"
          ]
        },
        {
          "name" : "TIMEOUT",
          "value" : 5.0
        },
        {
          "name" : "WORKING_DIRECTORY",
          "value" : "/home/voc/projects/snodec/publications/book/build/shutdown-recheck-9746d186/framework-gcc/tests/unit/http"
        }
      ]
    },
    {
      "backtrace" : 128,
      "command" : 
      [
        "/home/voc/projects/snodec/publications/book/build/shutdown-recheck-9746d186/framework-gcc/tests/unit/http/HttpMessageTargetQueryEdgeTest"
      ],
      "name" : "HttpMessageTargetQueryEdgeTest",
      "properties" : 
      [
        {
          "name" : "LABELS",
          "value" : 
          [
            "http",
            "message",
            "query",
            "target",
            "unit"
          ]
        },
        {
          "name" : "TIMEOUT",
          "value" : 5.0
        },
        {
          "name" : "WORKING_DIRECTORY",
          "value" : "/home/voc/projects/snodec/publications/book/build/shutdown-recheck-9746d186/framework-gcc/tests/unit/http"
        }
      ]
    },
    {
      "backtrace" : 131,
      "command" : 
      [
        "/home/voc/projects/snodec/publications/book/build/shutdown-recheck-9746d186/framework-gcc/tests/unit/http/HttpServerUpgradeMissingRequestTest"
      ],
      "name" : "HttpServerUpgradeMissingRequestTest",
      "properties" : 
      [
        {
          "name" : "LABELS",
          "value" : 
          [
            "http",
            "lifecycle",
            "log",
            "unit"
          ]
        },
        {
          "name" : "TIMEOUT",
          "value" : 5.0
        },
        {
          "name" : "WORKING_DIRECTORY",
          "value" : "/home/voc/projects/snodec/publications/book/build/shutdown-recheck-9746d186/framework-gcc/tests/unit/http"
        }
      ]
    },
    {
      "backtrace" : 134,
      "command" : 
      [
        "/home/voc/projects/snodec/publications/book/build/shutdown-recheck-9746d186/framework-gcc/tests/unit/http/HttpStreamingSourceFailureTest"
      ],
      "name" : "HttpStreamingSourceFailureTest",
      "properties" : 
      [
        {
          "name" : "LABELS",
          "value" : 
          [
            "http",
            "lifecycle",
            "log",
            "streaming",
            "unit"
          ]
        },
        {
          "name" : "TIMEOUT",
          "value" : 5.0
        },
        {
          "name" : "WORKING_DIRECTORY",
          "value" : "/home/voc/projects/snodec/publications/book/build/shutdown-recheck-9746d186/framework-gcc/tests/unit/http"
        }
      ]
    },
    {
      "backtrace" : 137,
      "command" : 
      [
        "/home/voc/projects/snodec/publications/book/build/shutdown-recheck-9746d186/framework-gcc/tests/unit/websocket/WebSocketReceiverValidationTest"
      ],
      "name" : "WebSocketReceiverValidationTest",
      "properties" : 
      [
        {
          "name" : "LABELS",
          "value" : 
          [
            "unit",
            "validation",
            "websocket"
          ]
        },
        {
          "name" : "TIMEOUT",
          "value" : 10.0
        },
        {
          "name" : "WORKING_DIRECTORY",
          "value" : "/home/voc/projects/snodec/publications/book/build/shutdown-recheck-9746d186/framework-gcc/tests/unit/websocket"
        }
      ]
    },
    {
      "backtrace" : 140,
      "command" : 
      [
        "/home/voc/projects/snodec/publications/book/build/shutdown-recheck-9746d186/framework-gcc/tests/unit/websocket/WebSocketLimitCloseFrameTest"
      ],
      "name" : "WebSocketLimitCloseFrameTest",
      "properties" : 
      [
        {
          "name" : "LABELS",
          "value" : 
          [
            "resource-policy",
            "unit",
            "websocket"
          ]
        },
        {
          "name" : "TIMEOUT",
          "value" : 10.0
        },
        {
          "name" : "WORKING_DIRECTORY",
          "value" : "/home/voc/projects/snodec/publications/book/build/shutdown-recheck-9746d186/framework-gcc/tests/unit/websocket"
        }
      ]
    },
    {
      "backtrace" : 144,
      "command" : 
      [
        "/home/voc/projects/snodec/publications/book/build/shutdown-recheck-9746d186/framework-gcc/tests/unit/log/PublicLogApiTest"
      ],
      "name" : "PublicLogApiTest",
      "properties" : 
      [
        {
          "name" : "LABELS",
          "value" : 
          [
            "api",
            "format",
            "log",
            "unit"
          ]
        },
        {
          "name" : "TIMEOUT",
          "value" : 10.0
        },
        {
          "name" : "WORKING_DIRECTORY",
          "value" : "/home/voc/projects/snodec/publications/book/build/shutdown-recheck-9746d186/framework-gcc/tests/unit/log"
        }
      ]
    },
    {
      "backtrace" : 148,
      "command" : 
      [
        "/home/voc/projects/snodec/publications/book/build/shutdown-recheck-9746d186/framework-gcc/tests/unit/log/SemanticLoggerFormattingTest"
      ],
      "name" : "SemanticLoggerFormattingTest",
      "properties" : 
      [
        {
          "name" : "LABELS",
          "value" : 
          [
            "format",
            "log",
            "unit"
          ]
        },
        {
          "name" : "TIMEOUT",
          "value" : 10.0
        },
        {
          "name" : "WORKING_DIRECTORY",
          "value" : "/home/voc/projects/snodec/publications/book/build/shutdown-recheck-9746d186/framework-gcc/tests/unit/log"
        }
      ]
    },
    {
      "backtrace" : 152,
      "command" : 
      [
        "/home/voc/projects/snodec/publications/book/build/shutdown-recheck-9746d186/framework-gcc/tests/unit/log/LogScopeOwnerTest"
      ],
      "name" : "LogScopeOwnerTest",
      "properties" : 
      [
        {
          "name" : "LABELS",
          "value" : 
          [
            "log",
            "ownership",
            "unit"
          ]
        },
        {
          "name" : "TIMEOUT",
          "value" : 10.0
        },
        {
          "name" : "WORKING_DIRECTORY",
          "value" : "/home/voc/projects/snodec/publications/book/build/shutdown-recheck-9746d186/framework-gcc/tests/unit/log"
        }
      ]
    },
    {
      "backtrace" : 156,
      "command" : 
      [
        "/home/voc/projects/snodec/publications/book/build/shutdown-recheck-9746d186/framework-gcc/tests/unit/log/SemanticLoggerScopeTest"
      ],
      "name" : "SemanticLoggerScopeTest",
      "properties" : 
      [
        {
          "name" : "LABELS",
          "value" : 
          [
            "api",
            "log",
            "scope",
            "unit"
          ]
        },
        {
          "name" : "TIMEOUT",
          "value" : 10.0
        },
        {
          "name" : "WORKING_DIRECTORY",
          "value" : "/home/voc/projects/snodec/publications/book/build/shutdown-recheck-9746d186/framework-gcc/tests/unit/log"
        }
      ]
    },
    {
      "backtrace" : 160,
      "command" : 
      [
        "/home/voc/projects/snodec/publications/book/build/shutdown-recheck-9746d186/framework-gcc/tests/unit/log/SemanticLoggerBackendTest"
      ],
      "name" : "SemanticLoggerBackendTest",
      "properties" : 
      [
        {
          "name" : "LABELS",
          "value" : 
          [
            "backend",
            "log",
            "unit"
          ]
        },
        {
          "name" : "TIMEOUT",
          "value" : 10.0
        },
        {
          "name" : "WORKING_DIRECTORY",
          "value" : "/home/voc/projects/snodec/publications/book/build/shutdown-recheck-9746d186/framework-gcc/tests/unit/log"
        }
      ]
    },
    {
      "backtrace" : 164,
      "command" : 
      [
        "/home/voc/projects/snodec/publications/book/build/shutdown-recheck-9746d186/framework-gcc/tests/unit/log/SemanticLoggerFilteringTest"
      ],
      "name" : "SemanticLoggerFilteringTest",
      "properties" : 
      [
        {
          "name" : "LABELS",
          "value" : 
          [
            "filter",
            "log",
            "unit"
          ]
        },
        {
          "name" : "TIMEOUT",
          "value" : 10.0
        },
        {
          "name" : "WORKING_DIRECTORY",
          "value" : "/home/voc/projects/snodec/publications/book/build/shutdown-recheck-9746d186/framework-gcc/tests/unit/log"
        }
      ]
    },
    {
      "backtrace" : 168,
      "command" : 
      [
        "/home/voc/projects/snodec/publications/book/build/shutdown-recheck-9746d186/framework-gcc/tests/unit/log/SemanticLoggerDisabledPathTest"
      ],
      "name" : "SemanticLoggerDisabledPathTest",
      "properties" : 
      [
        {
          "name" : "LABELS",
          "value" : 
          [
            "log",
            "overhead",
            "unit"
          ]
        },
        {
          "name" : "TIMEOUT",
          "value" : 10.0
        },
        {
          "name" : "WORKING_DIRECTORY",
          "value" : "/home/voc/projects/snodec/publications/book/build/shutdown-recheck-9746d186/framework-gcc/tests/unit/log"
        }
      ]
    },
    {
      "backtrace" : 172,
      "command" : 
      [
        "/home/voc/projects/snodec/publications/book/build/shutdown-recheck-9746d186/framework-gcc/tests/unit/log/SemanticLoggerCacheTest"
      ],
      "name" : "SemanticLoggerCacheTest",
      "properties" : 
      [
        {
          "name" : "LABELS",
          "value" : 
          [
            "cache",
            "log",
            "overhead",
            "unit"
          ]
        },
        {
          "name" : "TIMEOUT",
          "value" : 10.0
        },
        {
          "name" : "WORKING_DIRECTORY",
          "value" : "/home/voc/projects/snodec/publications/book/build/shutdown-recheck-9746d186/framework-gcc/tests/unit/log"
        }
      ]
    },
    {
      "backtrace" : 176,
      "command" : 
      [
        "/home/voc/projects/snodec/publications/book/build/shutdown-recheck-9746d186/framework-gcc/tests/unit/log/SemanticEndToEndOutputTest"
      ],
      "name" : "SemanticEndToEndOutputTest",
      "properties" : 
      [
        {
          "name" : "LABELS",
          "value" : 
          [
            "e2e",
            "log",
            "unit"
          ]
        },
        {
          "name" : "TIMEOUT",
          "value" : 10.0
        },
        {
          "name" : "WORKING_DIRECTORY",
          "value" : "/home/voc/projects/snodec/publications/book/build/shutdown-recheck-9746d186/framework-gcc/tests/unit/log"
        }
      ]
    },
    {
      "backtrace" : 180,
      "command" : 
      [
        "/home/voc/projects/snodec/publications/book/build/shutdown-recheck-9746d186/framework-gcc/tests/unit/log/SemanticTerminalColorRoutingTest"
      ],
      "name" : "SemanticTerminalColorRoutingTest",
      "properties" : 
      [
        {
          "name" : "LABELS",
          "value" : 
          [
            "log",
            "routing",
            "security",
            "unit"
          ]
        },
        {
          "name" : "TIMEOUT",
          "value" : 10.0
        },
        {
          "name" : "WORKING_DIRECTORY",
          "value" : "/home/voc/projects/snodec/publications/book/build/shutdown-recheck-9746d186/framework-gcc/tests/unit/log"
        }
      ]
    },
    {
      "backtrace" : 184,
      "command" : 
      [
        "/home/voc/projects/snodec/publications/book/build/shutdown-recheck-9746d186/framework-gcc/tests/unit/log/SemanticCliIntegrationTest"
      ],
      "name" : "SemanticCliIntegrationTest",
      "properties" : 
      [
        {
          "name" : "LABELS",
          "value" : 
          [
            "cli",
            "integration",
            "log",
            "unit"
          ]
        },
        {
          "name" : "TIMEOUT",
          "value" : 10.0
        },
        {
          "name" : "WORKING_DIRECTORY",
          "value" : "/home/voc/projects/snodec/publications/book/build/shutdown-recheck-9746d186/framework-gcc/tests/unit/log"
        }
      ]
    },
    {
      "backtrace" : 187,
      "command" : 
      [
        "/home/voc/projects/snodec/publications/book/build/shutdown-recheck-9746d186/framework-gcc/tests/unit/mqtt/Mqtt311PacketValidationTest"
      ],
      "name" : "Mqtt311PacketValidationTest",
      "properties" : 
      [
        {
          "name" : "LABELS",
          "value" : 
          [
            "mqtt",
            "mqtt311",
            "unit",
            "validation"
          ]
        },
        {
          "name" : "TIMEOUT",
          "value" : 10.0
        },
        {
          "name" : "WORKING_DIRECTORY",
          "value" : "/home/voc/projects/snodec/publications/book/build/shutdown-recheck-9746d186/framework-gcc/tests/unit/mqtt"
        }
      ]
    },
    {
      "backtrace" : 190,
      "command" : 
      [
        "/home/voc/projects/snodec/publications/book/build/shutdown-recheck-9746d186/framework-gcc/tests/unit/mqtt/MqttLifecycleTest"
      ],
      "name" : "MqttLifecycleTest",
      "properties" : 
      [
        {
          "name" : "LABELS",
          "value" : 
          [
            "lifecycle",
            "log",
            "mqtt",
            "protocol",
            "unit"
          ]
        },
        {
          "name" : "TIMEOUT",
          "value" : 10.0
        },
        {
          "name" : "WORKING_DIRECTORY",
          "value" : "/home/voc/projects/snodec/publications/book/build/shutdown-recheck-9746d186/framework-gcc/tests/unit/mqtt"
        }
      ]
    },
    {
      "backtrace" : 193,
      "command" : 
      [
        "/home/voc/projects/snodec/publications/book/build/shutdown-recheck-9746d186/framework-gcc/tests/unit/utils/ConfigFormatterCommentMetadataTest"
      ],
      "name" : "ConfigFormatterCommentMetadataTest",
      "properties" : 
      [
        {
          "name" : "LABELS",
          "value" : 
          [
            "config",
            "format",
            "unit",
            "utils"
          ]
        },
        {
          "name" : "TIMEOUT",
          "value" : 5.0
        },
        {
          "name" : "WORKING_DIRECTORY",
          "value" : "/home/voc/projects/snodec/publications/book/build/shutdown-recheck-9746d186/framework-gcc/tests/unit/utils"
        }
      ]
    },
    {
      "backtrace" : 196,
      "command" : 
      [
        "/home/voc/projects/snodec/publications/book/build/shutdown-recheck-9746d186/framework-gcc/tests/unit/utils/ConfigRequirementStateTest"
      ],
      "name" : "ConfigRequirementStateTest",
      "properties" : 
      [
        {
          "name" : "LABELS",
          "value" : 
          [
            "config",
            "unit",
            "utils"
          ]
        },
        {
          "name" : "TIMEOUT",
          "value" : 5.0
        },
        {
          "name" : "WORKING_DIRECTORY",
          "value" : "/home/voc/projects/snodec/publications/book/build/shutdown-recheck-9746d186/framework-gcc/tests/unit/utils"
        }
      ]
    },
    {
      "backtrace" : 199,
      "command" : 
      [
        "/home/voc/projects/snodec/publications/book/build/shutdown-recheck-9746d186/framework-gcc/tests/unit/utils/HexDumpPresentationTest"
      ],
      "name" : "HexDumpPresentationTest",
      "properties" : 
      [
        {
          "name" : "LABELS",
          "value" : 
          [
            "hexdump",
            "unit",
            "utils"
          ]
        },
        {
          "name" : "TIMEOUT",
          "value" : 5.0
        },
        {
          "name" : "WORKING_DIRECTORY",
          "value" : "/home/voc/projects/snodec/publications/book/build/shutdown-recheck-9746d186/framework-gcc/tests/unit/utils"
        }
      ]
    },
    {
      "backtrace" : 202,
      "command" : 
      [
        "/home/voc/projects/snodec/publications/book/build/shutdown-recheck-9746d186/framework-gcc/tests/component/core/SingleshotTimerTest"
      ],
      "name" : "SingleshotTimerTest",
      "properties" : 
      [
        {
          "name" : "LABELS",
          "value" : 
          [
            "component",
            "core",
            "timer"
          ]
        },
        {
          "name" : "SKIP_RETURN_CODE",
          "value" : 77
        },
        {
          "name" : "TIMEOUT",
          "value" : 10.0
        },
        {
          "name" : "WORKING_DIRECTORY",
          "value" : "/home/voc/projects/snodec/publications/book/build/shutdown-recheck-9746d186/framework-gcc/tests/component/core"
        }
      ]
    },
    {
      "backtrace" : 205,
      "command" : 
      [
        "/home/voc/projects/snodec/publications/book/build/shutdown-recheck-9746d186/framework-gcc/tests/component/core/IntervalTimerStopableTest"
      ],
      "name" : "IntervalTimerStopableTest",
      "properties" : 
      [
        {
          "name" : "LABELS",
          "value" : 
          [
            "component",
            "core",
            "timer"
          ]
        },
        {
          "name" : "SKIP_RETURN_CODE",
          "value" : 77
        },
        {
          "name" : "TIMEOUT",
          "value" : 10.0
        },
        {
          "name" : "WORKING_DIRECTORY",
          "value" : "/home/voc/projects/snodec/publications/book/build/shutdown-recheck-9746d186/framework-gcc/tests/component/core"
        }
      ]
    },
    {
      "backtrace" : 208,
      "command" : 
      [
        "/home/voc/projects/snodec/publications/book/build/shutdown-recheck-9746d186/framework-gcc/tests/component/core/SNodeCStopFromCallbackTest"
      ],
      "name" : "SNodeCStopFromCallbackTest",
      "properties" : 
      [
        {
          "name" : "LABELS",
          "value" : 
          [
            "component",
            "core",
            "lifecycle"
          ]
        },
        {
          "name" : "SKIP_RETURN_CODE",
          "value" : 77
        },
        {
          "name" : "TIMEOUT",
          "value" : 5.0
        },
        {
          "name" : "WORKING_DIRECTORY",
          "value" : "/home/voc/projects/snodec/publications/book/build/shutdown-recheck-9746d186/framework-gcc/tests/component/core"
        }
      ]
    },
    {
      "backtrace" : 211,
      "command" : 
      [
        "/home/voc/projects/snodec/publications/book/build/shutdown-recheck-9746d186/framework-gcc/tests/component/core/SNodeCReconfigureTest"
      ],
      "name" : "SNodeCReconfigureTest",
      "properties" : 
      [
        {
          "name" : "LABELS",
          "value" : 
          [
            "component",
            "config",
            "core",
            "lifecycle"
          ]
        },
        {
          "name" : "SKIP_RETURN_CODE",
          "value" : 77
        },
        {
          "name" : "TIMEOUT",
          "value" : 5.0
        },
        {
          "name" : "WORKING_DIRECTORY",
          "value" : "/home/voc/projects/snodec/publications/book/build/shutdown-recheck-9746d186/framework-gcc/tests/component/core"
        }
      ]
    },
    {
      "backtrace" : 214,
      "command" : 
      [
        "/home/voc/projects/snodec/publications/book/build/shutdown-recheck-9746d186/framework-gcc/tests/component/core/TimerCancelBeforeFireTest"
      ],
      "name" : "TimerCancelBeforeFireTest",
      "properties" : 
      [
        {
          "name" : "LABELS",
          "value" : 
          [
            "component",
            "core",
            "timer"
          ]
        },
        {
          "name" : "SKIP_RETURN_CODE",
          "value" : 77
        },
        {
          "name" : "TIMEOUT",
          "value" : 5.0
        },
        {
          "name" : "WORKING_DIRECTORY",
          "value" : "/home/voc/projects/snodec/publications/book/build/shutdown-recheck-9746d186/framework-gcc/tests/component/core"
        }
      ]
    },
    {
      "backtrace" : 217,
      "command" : 
      [
        "/home/voc/projects/snodec/publications/book/build/shutdown-recheck-9746d186/framework-gcc/tests/component/core/IntervalTimerCancelFromCallbackTest"
      ],
      "name" : "IntervalTimerCancelFromCallbackTest",
      "properties" : 
      [
        {
          "name" : "LABELS",
          "value" : 
          [
            "component",
            "core",
            "timer"
          ]
        },
        {
          "name" : "SKIP_RETURN_CODE",
          "value" : 77
        },
        {
          "name" : "TIMEOUT",
          "value" : 5.0
        },
        {
          "name" : "WORKING_DIRECTORY",
          "value" : "/home/voc/projects/snodec/publications/book/build/shutdown-recheck-9746d186/framework-gcc/tests/component/core"
        }
      ]
    },
    {
      "backtrace" : 220,
      "command" : 
      [
        "/home/voc/projects/snodec/publications/book/build/shutdown-recheck-9746d186/framework-gcc/tests/component/core/PipeBoundedQueueTest"
      ],
      "name" : "PipeBoundedQueueTest",
      "properties" : 
      [
        {
          "name" : "LABELS",
          "value" : 
          [
            "component",
            "core",
            "pipe"
          ]
        },
        {
          "name" : "SKIP_RETURN_CODE",
          "value" : 77
        },
        {
          "name" : "TIMEOUT",
          "value" : 5.0
        },
        {
          "name" : "WORKING_DIRECTORY",
          "value" : "/home/voc/projects/snodec/publications/book/build/shutdown-recheck-9746d186/framework-gcc/tests/component/core"
        }
      ]
    },
    {
      "backtrace" : 223,
      "command" : 
      [
        "/home/voc/projects/snodec/publications/book/build/shutdown-recheck-9746d186/framework-gcc/tests/component/core/PipeOwnershipTest"
      ],
      "name" : "PipeOwnershipTest",
      "properties" : 
      [
        {
          "name" : "LABELS",
          "value" : 
          [
            "component",
            "core",
            "pipe"
          ]
        },
        {
          "name" : "SKIP_RETURN_CODE",
          "value" : 77
        },
        {
          "name" : "TIMEOUT",
          "value" : 5.0
        },
        {
          "name" : "WORKING_DIRECTORY",
          "value" : "/home/voc/projects/snodec/publications/book/build/shutdown-recheck-9746d186/framework-gcc/tests/component/core"
        }
      ]
    },
    {
      "backtrace" : 226,
      "command" : 
      [
        "/home/voc/projects/snodec/publications/book/build/shutdown-recheck-9746d186/framework-gcc/tests/component/core/PipeImmediateCloseTest"
      ],
      "name" : "PipeImmediateCloseTest",
      "properties" : 
      [
        {
          "name" : "LABELS",
          "value" : 
          [
            "component",
            "core",
            "pipe"
          ]
        },
        {
          "name" : "SKIP_RETURN_CODE",
          "value" : 77
        },
        {
          "name" : "TIMEOUT",
          "value" : 5.0
        },
        {
          "name" : "WORKING_DIRECTORY",
          "value" : "/home/voc/projects/snodec/publications/book/build/shutdown-recheck-9746d186/framework-gcc/tests/component/core"
        }
      ]
    },
    {
      "backtrace" : 229,
      "command" : 
      [
        "/home/voc/projects/snodec/publications/book/build/shutdown-recheck-9746d186/framework-gcc/tests/component/core/PipeSinkFairnessTest"
      ],
      "name" : "PipeSinkFairnessTest",
      "properties" : 
      [
        {
          "name" : "LABELS",
          "value" : 
          [
            "component",
            "core",
            "pipe"
          ]
        },
        {
          "name" : "SKIP_RETURN_CODE",
          "value" : 77
        },
        {
          "name" : "TIMEOUT",
          "value" : 5.0
        },
        {
          "name" : "WORKING_DIRECTORY",
          "value" : "/home/voc/projects/snodec/publications/book/build/shutdown-recheck-9746d186/framework-gcc/tests/component/core"
        }
      ]
    },
    {
      "backtrace" : 232,
      "command" : 
      [
        "/home/voc/projects/snodec/publications/book/build/shutdown-recheck-9746d186/framework-gcc/tests/component/core/PipeTimeoutTest"
      ],
      "name" : "PipeTimeoutTest",
      "properties" : 
      [
        {
          "name" : "LABELS",
          "value" : 
          [
            "component",
            "core",
            "pipe"
          ]
        },
        {
          "name" : "SKIP_RETURN_CODE",
          "value" : 77
        },
        {
          "name" : "TIMEOUT",
          "value" : 5.0
        },
        {
          "name" : "WORKING_DIRECTORY",
          "value" : "/home/voc/projects/snodec/publications/book/build/shutdown-recheck-9746d186/framework-gcc/tests/component/core"
        }
      ]
    },
    {
      "backtrace" : 235,
      "command" : 
      [
        "/home/voc/projects/snodec/publications/book/build/shutdown-recheck-9746d186/framework-gcc/tests/component/core/DescriptorRegistrationFailureTest"
      ],
      "name" : "DescriptorRegistrationFailureTest",
      "properties" : 
      [
        {
          "name" : "LABELS",
          "value" : 
          [
            "component",
            "core",
            "descriptor"
          ]
        },
        {
          "name" : "SKIP_RETURN_CODE",
          "value" : 77
        },
        {
          "name" : "TIMEOUT",
          "value" : 5.0
        },
        {
          "name" : "WORKING_DIRECTORY",
          "value" : "/home/voc/projects/snodec/publications/book/build/shutdown-recheck-9746d186/framework-gcc/tests/component/core"
        }
      ]
    },
    {
      "backtrace" : 238,
      "command" : 
      [
        "/home/voc/projects/snodec/publications/book/build/shutdown-recheck-9746d186/framework-gcc/tests/component/core/FileReaderTest"
      ],
      "name" : "FileReaderTest",
      "properties" : 
      [
        {
          "name" : "LABELS",
          "value" : 
          [
            "component",
            "core",
            "file",
            "streaming"
          ]
        },
        {
          "name" : "SKIP_RETURN_CODE",
          "value" : 77
        },
        {
          "name" : "TIMEOUT",
          "value" : 5.0
        },
        {
          "name" : "WORKING_DIRECTORY",
          "value" : "/home/voc/projects/snodec/publications/book/build/shutdown-recheck-9746d186/framework-gcc/tests/component/core"
        }
      ]
    },
    {
      "backtrace" : 240,
      "command" : 
      [
        "/home/voc/projects/snodec/publications/book/build/shutdown-recheck-9746d186/framework-gcc/tests/component/core/ShutdownReceiverNotificationTest",
        "requested"
      ],
      "name" : "ShutdownReceiverNotification_requested",
      "properties" : 
      [
        {
          "name" : "LABELS",
          "value" : 
          [
            "component",
            "core",
            "lifecycle",
            "shutdown"
          ]
        },
        {
          "name" : "SKIP_RETURN_CODE",
          "value" : 77
        },
        {
          "name" : "TIMEOUT",
          "value" : 5.0
        },
        {
          "name" : "WORKING_DIRECTORY",
          "value" : "/home/voc/projects/snodec/publications/book/build/shutdown-recheck-9746d186/framework-gcc/tests/component/core"
        }
      ]
    },
    {
      "backtrace" : 242,
      "command" : 
      [
        "/home/voc/projects/snodec/publications/book/build/shutdown-recheck-9746d186/framework-gcc/tests/component/core/ShutdownReceiverNotificationTest",
        "signal"
      ],
      "name" : "ShutdownReceiverNotification_signal",
      "properties" : 
      [
        {
          "name" : "LABELS",
          "value" : 
          [
            "component",
            "core",
            "lifecycle",
            "shutdown"
          ]
        },
        {
          "name" : "SKIP_RETURN_CODE",
          "value" : 77
        },
        {
          "name" : "TIMEOUT",
          "value" : 5.0
        },
        {
          "name" : "WORKING_DIRECTORY",
          "value" : "/home/voc/projects/snodec/publications/book/build/shutdown-recheck-9746d186/framework-gcc/tests/component/core"
        }
      ]
    },
    {
      "backtrace" : 245,
      "command" : 
      [
        "/home/voc/projects/snodec/publications/book/build/shutdown-recheck-9746d186/framework-gcc/tests/component/net/InetLegacyServerClientCompositionTest"
      ],
      "name" : "InetLegacyServerClientCompositionTest",
      "properties" : 
      [
        {
          "name" : "LABELS",
          "value" : 
          [
            "component",
            "composition",
            "ipv4",
            "legacy",
            "net",
            "stream"
          ]
        },
        {
          "name" : "SKIP_RETURN_CODE",
          "value" : 77
        },
        {
          "name" : "TIMEOUT",
          "value" : 5.0
        },
        {
          "name" : "WORKING_DIRECTORY",
          "value" : "/home/voc/projects/snodec/publications/book/build/shutdown-recheck-9746d186/framework-gcc/tests/component/net"
        }
      ]
    },
    {
      "backtrace" : 248,
      "command" : 
      [
        "/home/voc/projects/snodec/publications/book/build/shutdown-recheck-9746d186/framework-gcc/tests/component/net/Inet6LegacyServerClientCompositionTest"
      ],
      "name" : "Inet6LegacyServerClientCompositionTest",
      "properties" : 
      [
        {
          "name" : "LABELS",
          "value" : 
          [
            "component",
            "composition",
            "ipv6",
            "legacy",
            "net",
            "stream"
          ]
        },
        {
          "name" : "SKIP_RETURN_CODE",
          "value" : 77
        },
        {
          "name" : "TIMEOUT",
          "value" : 5.0
        },
        {
          "name" : "WORKING_DIRECTORY",
          "value" : "/home/voc/projects/snodec/publications/book/build/shutdown-recheck-9746d186/framework-gcc/tests/component/net"
        }
      ]
    },
    {
      "backtrace" : 251,
      "command" : 
      [
        "/home/voc/projects/snodec/publications/book/build/shutdown-recheck-9746d186/framework-gcc/tests/component/net/UnixLegacyServerClientCompositionTest"
      ],
      "name" : "UnixLegacyServerClientCompositionTest",
      "properties" : 
      [
        {
          "name" : "LABELS",
          "value" : 
          [
            "component",
            "composition",
            "legacy",
            "net",
            "stream",
            "unix"
          ]
        },
        {
          "name" : "SKIP_RETURN_CODE",
          "value" : 77
        },
        {
          "name" : "TIMEOUT",
          "value" : 5.0
        },
        {
          "name" : "WORKING_DIRECTORY",
          "value" : "/home/voc/projects/snodec/publications/book/build/shutdown-recheck-9746d186/framework-gcc/tests/component/net"
        }
      ]
    },
    {
      "backtrace" : 254,
      "command" : 
      [
        "/home/voc/projects/snodec/publications/book/build/shutdown-recheck-9746d186/framework-gcc/tests/component/net/InetLegacyServerMultipleClientsCompositionTest"
      ],
      "name" : "InetLegacyServerMultipleClientsCompositionTest",
      "properties" : 
      [
        {
          "name" : "LABELS",
          "value" : 
          [
            "component",
            "composition",
            "ipv4",
            "legacy",
            "multi-client",
            "net",
            "stream"
          ]
        },
        {
          "name" : "SKIP_RETURN_CODE",
          "value" : 77
        },
        {
          "name" : "TIMEOUT",
          "value" : 5.0
        },
        {
          "name" : "WORKING_DIRECTORY",
          "value" : "/home/voc/projects/snodec/publications/book/build/shutdown-recheck-9746d186/framework-gcc/tests/component/net"
        }
      ]
    },
    {
      "backtrace" : 257,
      "command" : 
      [
        "/home/voc/projects/snodec/publications/book/build/shutdown-recheck-9746d186/framework-gcc/tests/component/net/Inet6LegacyServerMultipleClientsCompositionTest"
      ],
      "name" : "Inet6LegacyServerMultipleClientsCompositionTest",
      "properties" : 
      [
        {
          "name" : "LABELS",
          "value" : 
          [
            "component",
            "composition",
            "ipv6",
            "legacy",
            "multi-client",
            "net",
            "stream"
          ]
        },
        {
          "name" : "SKIP_RETURN_CODE",
          "value" : 77
        },
        {
          "name" : "TIMEOUT",
          "value" : 5.0
        },
        {
          "name" : "WORKING_DIRECTORY",
          "value" : "/home/voc/projects/snodec/publications/book/build/shutdown-recheck-9746d186/framework-gcc/tests/component/net"
        }
      ]
    },
    {
      "backtrace" : 260,
      "command" : 
      [
        "/home/voc/projects/snodec/publications/book/build/shutdown-recheck-9746d186/framework-gcc/tests/component/net/UnixLegacyServerMultipleClientsCompositionTest"
      ],
      "name" : "UnixLegacyServerMultipleClientsCompositionTest",
      "properties" : 
      [
        {
          "name" : "LABELS",
          "value" : 
          [
            "component",
            "composition",
            "legacy",
            "multi-client",
            "net",
            "stream",
            "unix"
          ]
        },
        {
          "name" : "SKIP_RETURN_CODE",
          "value" : 77
        },
        {
          "name" : "TIMEOUT",
          "value" : 5.0
        },
        {
          "name" : "WORKING_DIRECTORY",
          "value" : "/home/voc/projects/snodec/publications/book/build/shutdown-recheck-9746d186/framework-gcc/tests/component/net"
        }
      ]
    },
    {
      "backtrace" : 263,
      "command" : 
      [
        "/home/voc/projects/snodec/publications/book/build/shutdown-recheck-9746d186/framework-gcc/tests/component/net/InetLegacyServerClientMultiMessagePayloadExchangeTest"
      ],
      "name" : "InetLegacyServerClientMultiMessagePayloadExchangeTest",
      "properties" : 
      [
        {
          "name" : "LABELS",
          "value" : 
          [
            "component",
            "ipv4",
            "legacy",
            "multi-message",
            "net",
            "payload",
            "stream"
          ]
        },
        {
          "name" : "SKIP_RETURN_CODE",
          "value" : 77
        },
        {
          "name" : "TIMEOUT",
          "value" : 5.0
        },
        {
          "name" : "WORKING_DIRECTORY",
          "value" : "/home/voc/projects/snodec/publications/book/build/shutdown-recheck-9746d186/framework-gcc/tests/component/net"
        }
      ]
    },
    {
      "backtrace" : 266,
      "command" : 
      [
        "/home/voc/projects/snodec/publications/book/build/shutdown-recheck-9746d186/framework-gcc/tests/component/net/Inet6LegacyServerClientMultiMessagePayloadExchangeTest"
      ],
      "name" : "Inet6LegacyServerClientMultiMessagePayloadExchangeTest",
      "properties" : 
      [
        {
          "name" : "LABELS",
          "value" : 
          [
            "component",
            "ipv6",
            "legacy",
            "multi-message",
            "net",
            "payload",
            "stream"
          ]
        },
        {
          "name" : "SKIP_RETURN_CODE",
          "value" : 77
        },
        {
          "name" : "TIMEOUT",
          "value" : 5.0
        },
        {
          "name" : "WORKING_DIRECTORY",
          "value" : "/home/voc/projects/snodec/publications/book/build/shutdown-recheck-9746d186/framework-gcc/tests/component/net"
        }
      ]
    },
    {
      "backtrace" : 269,
      "command" : 
      [
        "/home/voc/projects/snodec/publications/book/build/shutdown-recheck-9746d186/framework-gcc/tests/component/net/UnixLegacyServerClientMultiMessagePayloadExchangeTest"
      ],
      "name" : "UnixLegacyServerClientMultiMessagePayloadExchangeTest",
      "properties" : 
      [
        {
          "name" : "LABELS",
          "value" : 
          [
            "component",
            "legacy",
            "multi-message",
            "net",
            "payload",
            "stream",
            "unix"
          ]
        },
        {
          "name" : "SKIP_RETURN_CODE",
          "value" : 77
        },
        {
          "name" : "TIMEOUT",
          "value" : 5.0
        },
        {
          "name" : "WORKING_DIRECTORY",
          "value" : "/home/voc/projects/snodec/publications/book/build/shutdown-recheck-9746d186/framework-gcc/tests/component/net"
        }
      ]
    },
    {
      "backtrace" : 272,
      "command" : 
      [
        "/home/voc/projects/snodec/publications/book/build/shutdown-recheck-9746d186/framework-gcc/tests/component/net/InetLegacyServerMultipleClientsPayloadExchangeTest"
      ],
      "name" : "InetLegacyServerMultipleClientsPayloadExchangeTest",
      "properties" : 
      [
        {
          "name" : "LABELS",
          "value" : 
          [
            "component",
            "ipv4",
            "legacy",
            "multi-client",
            "net",
            "payload",
            "stream"
          ]
        },
        {
          "name" : "SKIP_RETURN_CODE",
          "value" : 77
        },
        {
          "name" : "TIMEOUT",
          "value" : 5.0
        },
        {
          "name" : "WORKING_DIRECTORY",
          "value" : "/home/voc/projects/snodec/publications/book/build/shutdown-recheck-9746d186/framework-gcc/tests/component/net"
        }
      ]
    },
    {
      "backtrace" : 275,
      "command" : 
      [
        "/home/voc/projects/snodec/publications/book/build/shutdown-recheck-9746d186/framework-gcc/tests/component/net/Inet6LegacyServerMultipleClientsPayloadExchangeTest"
      ],
      "name" : "Inet6LegacyServerMultipleClientsPayloadExchangeTest",
      "properties" : 
      [
        {
          "name" : "LABELS",
          "value" : 
          [
            "component",
            "ipv6",
            "legacy",
            "multi-client",
            "net",
            "payload",
            "stream"
          ]
        },
        {
          "name" : "SKIP_RETURN_CODE",
          "value" : 77
        },
        {
          "name" : "TIMEOUT",
          "value" : 5.0
        },
        {
          "name" : "WORKING_DIRECTORY",
          "value" : "/home/voc/projects/snodec/publications/book/build/shutdown-recheck-9746d186/framework-gcc/tests/component/net"
        }
      ]
    },
    {
      "backtrace" : 278,
      "command" : 
      [
        "/home/voc/projects/snodec/publications/book/build/shutdown-recheck-9746d186/framework-gcc/tests/component/net/UnixLegacyServerMultipleClientsPayloadExchangeTest"
      ],
      "name" : "UnixLegacyServerMultipleClientsPayloadExchangeTest",
      "properties" : 
      [
        {
          "name" : "LABELS",
          "value" : 
          [
            "component",
            "legacy",
            "multi-client",
            "net",
            "payload",
            "stream",
            "unix"
          ]
        },
        {
          "name" : "SKIP_RETURN_CODE",
          "value" : 77
        },
        {
          "name" : "TIMEOUT",
          "value" : 5.0
        },
        {
          "name" : "WORKING_DIRECTORY",
          "value" : "/home/voc/projects/snodec/publications/book/build/shutdown-recheck-9746d186/framework-gcc/tests/component/net"
        }
      ]
    },
    {
      "backtrace" : 281,
      "command" : 
      [
        "/home/voc/projects/snodec/publications/book/build/shutdown-recheck-9746d186/framework-gcc/tests/component/net/UnixLegacyServerClientPayloadExchangeTest"
      ],
      "name" : "UnixLegacyServerClientPayloadExchangeTest",
      "properties" : 
      [
        {
          "name" : "LABELS",
          "value" : 
          [
            "component",
            "legacy",
            "net",
            "payload",
            "stream",
            "unix"
          ]
        },
        {
          "name" : "SKIP_RETURN_CODE",
          "value" : 77
        },
        {
          "name" : "TIMEOUT",
          "value" : 5.0
        },
        {
          "name" : "WORKING_DIRECTORY",
          "value" : "/home/voc/projects/snodec/publications/book/build/shutdown-recheck-9746d186/framework-gcc/tests/component/net"
        }
      ]
    },
    {
      "backtrace" : 284,
      "command" : 
      [
        "/home/voc/projects/snodec/publications/book/build/shutdown-recheck-9746d186/framework-gcc/tests/component/net/UnixLegacyServerClientDisconnectLifecycleTest"
      ],
      "name" : "UnixLegacyServerClientDisconnectLifecycleTest",
      "properties" : 
      [
        {
          "name" : "LABELS",
          "value" : 
          [
            "component",
            "disconnect",
            "legacy",
            "net",
            "stream",
            "unix"
          ]
        },
        {
          "name" : "SKIP_RETURN_CODE",
          "value" : 77
        },
        {
          "name" : "TIMEOUT",
          "value" : 5.0
        },
        {
          "name" : "WORKING_DIRECTORY",
          "value" : "/home/voc/projects/snodec/publications/book/build/shutdown-recheck-9746d186/framework-gcc/tests/component/net"
        }
      ]
    },
    {
      "backtrace" : 287,
      "command" : 
      [
        "/home/voc/projects/snodec/publications/book/build/shutdown-recheck-9746d186/framework-gcc/tests/component/net/UnixLegacyClientConnectFailureTest"
      ],
      "name" : "UnixLegacyClientConnectFailureTest",
      "properties" : 
      [
        {
          "name" : "LABELS",
          "value" : 
          [
            "component",
            "connect-failure",
            "legacy",
            "net",
            "stream",
            "unix"
          ]
        },
        {
          "name" : "SKIP_RETURN_CODE",
          "value" : 77
        },
        {
          "name" : "TIMEOUT",
          "value" : 5.0
        },
        {
          "name" : "WORKING_DIRECTORY",
          "value" : "/home/voc/projects/snodec/publications/book/build/shutdown-recheck-9746d186/framework-gcc/tests/component/net"
        }
      ]
    },
    {
      "backtrace" : 290,
      "command" : 
      [
        "/home/voc/projects/snodec/publications/book/build/shutdown-recheck-9746d186/framework-gcc/tests/component/net/InetLegacyServerClientPayloadExchangeTest"
      ],
      "name" : "InetLegacyServerClientPayloadExchangeTest",
      "properties" : 
      [
        {
          "name" : "LABELS",
          "value" : 
          [
            "component",
            "ipv4",
            "legacy",
            "net",
            "payload",
            "stream"
          ]
        },
        {
          "name" : "SKIP_RETURN_CODE",
          "value" : 77
        },
        {
          "name" : "TIMEOUT",
          "value" : 5.0
        },
        {
          "name" : "WORKING_DIRECTORY",
          "value" : "/home/voc/projects/snodec/publications/book/build/shutdown-recheck-9746d186/framework-gcc/tests/component/net"
        }
      ]
    },
    {
      "backtrace" : 293,
      "command" : 
      [
        "/home/voc/projects/snodec/publications/book/build/shutdown-recheck-9746d186/framework-gcc/tests/component/net/InetLegacyServerClientDisconnectLifecycleTest"
      ],
      "name" : "InetLegacyServerClientDisconnectLifecycleTest",
      "properties" : 
      [
        {
          "name" : "LABELS",
          "value" : 
          [
            "component",
            "disconnect",
            "ipv4",
            "legacy",
            "net",
            "stream"
          ]
        },
        {
          "name" : "SKIP_RETURN_CODE",
          "value" : 77
        },
        {
          "name" : "TIMEOUT",
          "value" : 5.0
        },
        {
          "name" : "WORKING_DIRECTORY",
          "value" : "/home/voc/projects/snodec/publications/book/build/shutdown-recheck-9746d186/framework-gcc/tests/component/net"
        }
      ]
    },
    {
      "backtrace" : 296,
      "command" : 
      [
        "/home/voc/projects/snodec/publications/book/build/shutdown-recheck-9746d186/framework-gcc/tests/component/net/InetLegacyClientConnectFailureTest"
      ],
      "name" : "InetLegacyClientConnectFailureTest",
      "properties" : 
      [
        {
          "name" : "LABELS",
          "value" : 
          [
            "component",
            "connect-failure",
            "ipv4",
            "legacy",
            "net",
            "stream"
          ]
        },
        {
          "name" : "SKIP_RETURN_CODE",
          "value" : 77
        },
        {
          "name" : "TIMEOUT",
          "value" : 5.0
        },
        {
          "name" : "WORKING_DIRECTORY",
          "value" : "/home/voc/projects/snodec/publications/book/build/shutdown-recheck-9746d186/framework-gcc/tests/component/net"
        }
      ]
    },
    {
      "backtrace" : 299,
      "command" : 
      [
        "/home/voc/projects/snodec/publications/book/build/shutdown-recheck-9746d186/framework-gcc/tests/component/net/Inet6LegacyServerClientPayloadExchangeTest"
      ],
      "name" : "Inet6LegacyServerClientPayloadExchangeTest",
      "properties" : 
      [
        {
          "name" : "LABELS",
          "value" : 
          [
            "component",
            "ipv6",
            "legacy",
            "net",
            "payload",
            "stream"
          ]
        },
        {
          "name" : "SKIP_RETURN_CODE",
          "value" : 77
        },
        {
          "name" : "TIMEOUT",
          "value" : 5.0
        },
        {
          "name" : "WORKING_DIRECTORY",
          "value" : "/home/voc/projects/snodec/publications/book/build/shutdown-recheck-9746d186/framework-gcc/tests/component/net"
        }
      ]
    },
    {
      "backtrace" : 302,
      "command" : 
      [
        "/home/voc/projects/snodec/publications/book/build/shutdown-recheck-9746d186/framework-gcc/tests/component/net/Inet6LegacyServerClientDisconnectLifecycleTest"
      ],
      "name" : "Inet6LegacyServerClientDisconnectLifecycleTest",
      "properties" : 
      [
        {
          "name" : "LABELS",
          "value" : 
          [
            "component",
            "disconnect",
            "ipv6",
            "legacy",
            "net",
            "stream"
          ]
        },
        {
          "name" : "SKIP_RETURN_CODE",
          "value" : 77
        },
        {
          "name" : "TIMEOUT",
          "value" : 5.0
        },
        {
          "name" : "WORKING_DIRECTORY",
          "value" : "/home/voc/projects/snodec/publications/book/build/shutdown-recheck-9746d186/framework-gcc/tests/component/net"
        }
      ]
    },
    {
      "backtrace" : 305,
      "command" : 
      [
        "/home/voc/projects/snodec/publications/book/build/shutdown-recheck-9746d186/framework-gcc/tests/component/net/Inet6LegacyClientConnectFailureTest"
      ],
      "name" : "Inet6LegacyClientConnectFailureTest",
      "properties" : 
      [
        {
          "name" : "LABELS",
          "value" : 
          [
            "component",
            "connect-failure",
            "ipv6",
            "legacy",
            "net",
            "stream"
          ]
        },
        {
          "name" : "SKIP_RETURN_CODE",
          "value" : 77
        },
        {
          "name" : "TIMEOUT",
          "value" : 5.0
        },
        {
          "name" : "WORKING_DIRECTORY",
          "value" : "/home/voc/projects/snodec/publications/book/build/shutdown-recheck-9746d186/framework-gcc/tests/component/net"
        }
      ]
    },
    {
      "backtrace" : 308,
      "command" : 
      [
        "/home/voc/projects/snodec/publications/book/build/shutdown-recheck-9746d186/framework-gcc/tests/component/net/InetLegacyServerEffectiveListenAddressTest"
      ],
      "name" : "InetLegacyServerEffectiveListenAddressTest",
      "properties" : 
      [
        {
          "name" : "LABELS",
          "value" : 
          [
            "component",
            "effective-address",
            "ipv4",
            "legacy",
            "listen",
            "net",
            "stream"
          ]
        },
        {
          "name" : "SKIP_RETURN_CODE",
          "value" : 77
        },
        {
          "name" : "TIMEOUT",
          "value" : 5.0
        },
        {
          "name" : "WORKING_DIRECTORY",
          "value" : "/home/voc/projects/snodec/publications/book/build/shutdown-recheck-9746d186/framework-gcc/tests/component/net"
        }
      ]
    },
    {
      "backtrace" : 311,
      "command" : 
      [
        "/home/voc/projects/snodec/publications/book/build/shutdown-recheck-9746d186/framework-gcc/tests/component/net/InetPhysicalServerEffectiveBindAddressTest"
      ],
      "name" : "InetPhysicalServerEffectiveBindAddressTest",
      "properties" : 
      [
        {
          "name" : "LABELS",
          "value" : 
          [
            "component",
            "effective-address",
            "ipv4",
            "legacy",
            "listen",
            "net",
            "stream"
          ]
        },
        {
          "name" : "TIMEOUT",
          "value" : 5.0
        },
        {
          "name" : "WORKING_DIRECTORY",
          "value" : "/home/voc/projects/snodec/publications/book/build/shutdown-recheck-9746d186/framework-gcc/tests/component/net"
        }
      ]
    },
    {
      "backtrace" : 314,
      "command" : 
      [
        "/home/voc/projects/snodec/publications/book/build/shutdown-recheck-9746d186/framework-gcc/tests/component/net/UnixPhysicalSocketPathSafetyTest"
      ],
      "name" : "UnixPhysicalSocketPathSafetyTest",
      "properties" : 
      [
        {
          "name" : "LABELS",
          "value" : 
          [
            "component",
            "net",
            "path-safety",
            "stream",
            "unix"
          ]
        },
        {
          "name" : "TIMEOUT",
          "value" : 5.0
        },
        {
          "name" : "WORKING_DIRECTORY",
          "value" : "/home/voc/projects/snodec/publications/book/build/shutdown-recheck-9746d186/framework-gcc/tests/component/net"
        }
      ]
    },
    {
      "backtrace" : 317,
      "command" : 
      [
        "/home/voc/projects/snodec/publications/book/build/shutdown-recheck-9746d186/framework-gcc/tests/component/net/InetLegacyServerClientLargePayloadExchangeTest"
      ],
      "name" : "InetLegacyServerClientLargePayloadExchangeTest",
      "properties" : 
      [
        {
          "name" : "LABELS",
          "value" : 
          [
            "component",
            "ipv4",
            "large-payload",
            "legacy",
            "net",
            "stream"
          ]
        },
        {
          "name" : "SKIP_RETURN_CODE",
          "value" : 77
        },
        {
          "name" : "TIMEOUT",
          "value" : 5.0
        },
        {
          "name" : "WORKING_DIRECTORY",
          "value" : "/home/voc/projects/snodec/publications/book/build/shutdown-recheck-9746d186/framework-gcc/tests/component/net"
        }
      ]
    },
    {
      "backtrace" : 320,
      "command" : 
      [
        "/home/voc/projects/snodec/publications/book/build/shutdown-recheck-9746d186/framework-gcc/tests/component/net/InetLegacyServerClientFramedPayloadExchangeTest"
      ],
      "name" : "InetLegacyServerClientFramedPayloadExchangeTest",
      "properties" : 
      [
        {
          "name" : "LABELS",
          "value" : 
          [
            "component",
            "framed-payload",
            "ipv4",
            "legacy",
            "net",
            "stream"
          ]
        },
        {
          "name" : "SKIP_RETURN_CODE",
          "value" : 77
        },
        {
          "name" : "TIMEOUT",
          "value" : 5.0
        },
        {
          "name" : "WORKING_DIRECTORY",
          "value" : "/home/voc/projects/snodec/publications/book/build/shutdown-recheck-9746d186/framework-gcc/tests/component/net"
        }
      ]
    },
    {
      "backtrace" : 323,
      "command" : 
      [
        "/home/voc/projects/snodec/publications/book/build/shutdown-recheck-9746d186/framework-gcc/tests/component/net/Inet6LegacyServerClientFramedPayloadExchangeTest"
      ],
      "name" : "Inet6LegacyServerClientFramedPayloadExchangeTest",
      "properties" : 
      [
        {
          "name" : "LABELS",
          "value" : 
          [
            "component",
            "framed-payload",
            "ipv6",
            "legacy",
            "net",
            "stream"
          ]
        },
        {
          "name" : "SKIP_RETURN_CODE",
          "value" : 77
        },
        {
          "name" : "TIMEOUT",
          "value" : 5.0
        },
        {
          "name" : "WORKING_DIRECTORY",
          "value" : "/home/voc/projects/snodec/publications/book/build/shutdown-recheck-9746d186/framework-gcc/tests/component/net"
        }
      ]
    },
    {
      "backtrace" : 326,
      "command" : 
      [
        "/home/voc/projects/snodec/publications/book/build/shutdown-recheck-9746d186/framework-gcc/tests/component/net/UnixLegacyServerClientFramedPayloadExchangeTest"
      ],
      "name" : "UnixLegacyServerClientFramedPayloadExchangeTest",
      "properties" : 
      [
        {
          "name" : "LABELS",
          "value" : 
          [
            "component",
            "framed-payload",
            "legacy",
            "net",
            "stream",
            "unix"
          ]
        },
        {
          "name" : "SKIP_RETURN_CODE",
          "value" : 77
        },
        {
          "name" : "TIMEOUT",
          "value" : 5.0
        },
        {
          "name" : "WORKING_DIRECTORY",
          "value" : "/home/voc/projects/snodec/publications/book/build/shutdown-recheck-9746d186/framework-gcc/tests/component/net"
        }
      ]
    },
    {
      "backtrace" : 329,
      "command" : 
      [
        "/home/voc/projects/snodec/publications/book/build/shutdown-recheck-9746d186/framework-gcc/tests/component/net/Inet6LegacyServerClientLargePayloadExchangeTest"
      ],
      "name" : "Inet6LegacyServerClientLargePayloadExchangeTest",
      "properties" : 
      [
        {
          "name" : "LABELS",
          "value" : 
          [
            "component",
            "ipv6",
            "large-payload",
            "legacy",
            "net",
            "stream"
          ]
        },
        {
          "name" : "SKIP_RETURN_CODE",
          "value" : 77
        },
        {
          "name" : "TIMEOUT",
          "value" : 5.0
        },
        {
          "name" : "WORKING_DIRECTORY",
          "value" : "/home/voc/projects/snodec/publications/book/build/shutdown-recheck-9746d186/framework-gcc/tests/component/net"
        }
      ]
    },
    {
      "backtrace" : 332,
      "command" : 
      [
        "/home/voc/projects/snodec/publications/book/build/shutdown-recheck-9746d186/framework-gcc/tests/component/net/UnixLegacyServerClientLargePayloadExchangeTest"
      ],
      "name" : "UnixLegacyServerClientLargePayloadExchangeTest",
      "properties" : 
      [
        {
          "name" : "LABELS",
          "value" : 
          [
            "component",
            "large-payload",
            "legacy",
            "net",
            "stream",
            "unix"
          ]
        },
        {
          "name" : "SKIP_RETURN_CODE",
          "value" : 77
        },
        {
          "name" : "TIMEOUT",
          "value" : 5.0
        },
        {
          "name" : "WORKING_DIRECTORY",
          "value" : "/home/voc/projects/snodec/publications/book/build/shutdown-recheck-9746d186/framework-gcc/tests/component/net"
        }
      ]
    },
    {
      "backtrace" : 335,
      "command" : 
      [
        "/home/voc/projects/snodec/publications/book/build/shutdown-recheck-9746d186/framework-gcc/tests/component/net/InetLegacyServerControlledCloseLifecycleTest"
      ],
      "name" : "InetLegacyServerControlledCloseLifecycleTest",
      "properties" : 
      [
        {
          "name" : "LABELS",
          "value" : 
          [
            "component",
            "ipv4",
            "legacy",
            "net",
            "server-close",
            "stream"
          ]
        },
        {
          "name" : "SKIP_RETURN_CODE",
          "value" : 77
        },
        {
          "name" : "TIMEOUT",
          "value" : 5.0
        },
        {
          "name" : "WORKING_DIRECTORY",
          "value" : "/home/voc/projects/snodec/publications/book/build/shutdown-recheck-9746d186/framework-gcc/tests/component/net"
        }
      ]
    },
    {
      "backtrace" : 338,
      "command" : 
      [
        "/home/voc/projects/snodec/publications/book/build/shutdown-recheck-9746d186/framework-gcc/tests/component/net/Inet6LegacyServerControlledCloseLifecycleTest"
      ],
      "name" : "Inet6LegacyServerControlledCloseLifecycleTest",
      "properties" : 
      [
        {
          "name" : "LABELS",
          "value" : 
          [
            "component",
            "ipv6",
            "legacy",
            "net",
            "server-close",
            "stream"
          ]
        },
        {
          "name" : "SKIP_RETURN_CODE",
          "value" : 77
        },
        {
          "name" : "TIMEOUT",
          "value" : 5.0
        },
        {
          "name" : "WORKING_DIRECTORY",
          "value" : "/home/voc/projects/snodec/publications/book/build/shutdown-recheck-9746d186/framework-gcc/tests/component/net"
        }
      ]
    },
    {
      "backtrace" : 341,
      "command" : 
      [
        "/home/voc/projects/snodec/publications/book/build/shutdown-recheck-9746d186/framework-gcc/tests/component/net/UnixLegacyServerControlledCloseLifecycleTest"
      ],
      "name" : "UnixLegacyServerControlledCloseLifecycleTest",
      "properties" : 
      [
        {
          "name" : "LABELS",
          "value" : 
          [
            "component",
            "legacy",
            "net",
            "server-close",
            "stream",
            "unix"
          ]
        },
        {
          "name" : "SKIP_RETURN_CODE",
          "value" : 77
        },
        {
          "name" : "TIMEOUT",
          "value" : 5.0
        },
        {
          "name" : "WORKING_DIRECTORY",
          "value" : "/home/voc/projects/snodec/publications/book/build/shutdown-recheck-9746d186/framework-gcc/tests/component/net"
        }
      ]
    },
    {
      "backtrace" : 344,
      "command" : 
      [
        "/home/voc/projects/snodec/publications/book/build/shutdown-recheck-9746d186/framework-gcc/tests/component/net/InetLegacyServerMultipleClientsDisconnectLifecycleTest"
      ],
      "name" : "InetLegacyServerMultipleClientsDisconnectLifecycleTest",
      "properties" : 
      [
        {
          "name" : "LABELS",
          "value" : 
          [
            "component",
            "disconnect",
            "ipv4",
            "legacy",
            "multi-client",
            "net",
            "stream"
          ]
        },
        {
          "name" : "SKIP_RETURN_CODE",
          "value" : 77
        },
        {
          "name" : "TIMEOUT",
          "value" : 5.0
        },
        {
          "name" : "WORKING_DIRECTORY",
          "value" : "/home/voc/projects/snodec/publications/book/build/shutdown-recheck-9746d186/framework-gcc/tests/component/net"
        }
      ]
    },
    {
      "backtrace" : 347,
      "command" : 
      [
        "/home/voc/projects/snodec/publications/book/build/shutdown-recheck-9746d186/framework-gcc/tests/component/net/Inet6LegacyServerMultipleClientsDisconnectLifecycleTest"
      ],
      "name" : "Inet6LegacyServerMultipleClientsDisconnectLifecycleTest",
      "properties" : 
      [
        {
          "name" : "LABELS",
          "value" : 
          [
            "component",
            "disconnect",
            "ipv6",
            "legacy",
            "multi-client",
            "net",
            "stream"
          ]
        },
        {
          "name" : "SKIP_RETURN_CODE",
          "value" : 77
        },
        {
          "name" : "TIMEOUT",
          "value" : 5.0
        },
        {
          "name" : "WORKING_DIRECTORY",
          "value" : "/home/voc/projects/snodec/publications/book/build/shutdown-recheck-9746d186/framework-gcc/tests/component/net"
        }
      ]
    },
    {
      "backtrace" : 350,
      "command" : 
      [
        "/home/voc/projects/snodec/publications/book/build/shutdown-recheck-9746d186/framework-gcc/tests/component/net/UnixLegacyServerMultipleClientsDisconnectLifecycleTest"
      ],
      "name" : "UnixLegacyServerMultipleClientsDisconnectLifecycleTest",
      "properties" : 
      [
        {
          "name" : "LABELS",
          "value" : 
          [
            "component",
            "disconnect",
            "legacy",
            "multi-client",
            "net",
            "stream",
            "unix"
          ]
        },
        {
          "name" : "SKIP_RETURN_CODE",
          "value" : 77
        },
        {
          "name" : "TIMEOUT",
          "value" : 5.0
        },
        {
          "name" : "WORKING_DIRECTORY",
          "value" : "/home/voc/projects/snodec/publications/book/build/shutdown-recheck-9746d186/framework-gcc/tests/component/net"
        }
      ]
    },
    {
      "backtrace" : 353,
      "command" : 
      [
        "/home/voc/projects/snodec/publications/book/build/shutdown-recheck-9746d186/framework-gcc/tests/component/net/InetPerCallFlowTest"
      ],
      "name" : "InetPerCallFlowTest",
      "properties" : 
      [
        {
          "name" : "LABELS",
          "value" : 
          [
            "component",
            "flow",
            "ipv4",
            "legacy",
            "net",
            "stream"
          ]
        },
        {
          "name" : "SKIP_RETURN_CODE",
          "value" : 77
        },
        {
          "name" : "TIMEOUT",
          "value" : 5.0
        },
        {
          "name" : "WORKING_DIRECTORY",
          "value" : "/home/voc/projects/snodec/publications/book/build/shutdown-recheck-9746d186/framework-gcc/tests/component/net"
        }
      ]
    },
    {
      "backtrace" : 356,
      "command" : 
      [
        "/home/voc/projects/snodec/publications/book/build/shutdown-recheck-9746d186/framework-gcc/tests/component/http/InetHttpServerClientGetRoundTripTest"
      ],
      "name" : "InetHttpServerClientGetRoundTripTest",
      "properties" : 
      [
        {
          "name" : "LABELS",
          "value" : 
          [
            "client",
            "component",
            "http",
            "ipv4",
            "legacy",
            "server"
          ]
        },
        {
          "name" : "SKIP_RETURN_CODE",
          "value" : 77
        },
        {
          "name" : "TIMEOUT",
          "value" : 5.0
        },
        {
          "name" : "WORKING_DIRECTORY",
          "value" : "/home/voc/projects/snodec/publications/book/build/shutdown-recheck-9746d186/framework-gcc/tests/component/http"
        }
      ]
    },
    {
      "backtrace" : 359,
      "command" : 
      [
        "/home/voc/projects/snodec/publications/book/build/shutdown-recheck-9746d186/framework-gcc/tests/component/http/InetHttpClientParserLimitTest"
      ],
      "name" : "InetHttpClientParserLimitTest",
      "properties" : 
      [
        {
          "name" : "LABELS",
          "value" : 
          [
            "client",
            "component",
            "http",
            "ipv4",
            "legacy",
            "parser-limit"
          ]
        },
        {
          "name" : "SKIP_RETURN_CODE",
          "value" : 77
        },
        {
          "name" : "TIMEOUT",
          "value" : 5.0
        },
        {
          "name" : "WORKING_DIRECTORY",
          "value" : "/home/voc/projects/snodec/publications/book/build/shutdown-recheck-9746d186/framework-gcc/tests/component/http"
        }
      ]
    },
    {
      "backtrace" : 362,
      "command" : 
      [
        "/home/voc/projects/snodec/publications/book/build/shutdown-recheck-9746d186/framework-gcc/tests/component/http/InetHttpServerRequestPolicyTest"
      ],
      "name" : "InetHttpServerRequestPolicyTest",
      "properties" : 
      [
        {
          "name" : "LABELS",
          "value" : 
          [
            "component",
            "http",
            "ipv4",
            "legacy",
            "pending",
            "request-policy",
            "server"
          ]
        },
        {
          "name" : "SKIP_RETURN_CODE",
          "value" : 77
        },
        {
          "name" : "TIMEOUT",
          "value" : 5.0
        },
        {
          "name" : "WORKING_DIRECTORY",
          "value" : "/home/voc/projects/snodec/publications/book/build/shutdown-recheck-9746d186/framework-gcc/tests/component/http"
        }
      ]
    },
    {
      "backtrace" : 365,
      "command" : 
      [
        "/home/voc/projects/snodec/publications/book/build/shutdown-recheck-9746d186/framework-gcc/tests/component/http/InetHttpServerPipeliningPolicyTest"
      ],
      "name" : "InetHttpServerPipeliningPolicyTest",
      "properties" : 
      [
        {
          "name" : "LABELS",
          "value" : 
          [
            "component",
            "http",
            "ipv4",
            "legacy",
            "pipelining",
            "request-policy",
            "server"
          ]
        },
        {
          "name" : "SKIP_RETURN_CODE",
          "value" : 77
        },
        {
          "name" : "TIMEOUT",
          "value" : 5.0
        },
        {
          "name" : "WORKING_DIRECTORY",
          "value" : "/home/voc/projects/snodec/publications/book/build/shutdown-recheck-9746d186/framework-gcc/tests/component/http"
        }
      ]
    },
    {
      "backtrace" : 368,
      "command" : 
      [
        "/home/voc/projects/snodec/publications/book/build/shutdown-recheck-9746d186/framework-gcc/tests/component/http/Inet6HttpServerClientGetRoundTripTest"
      ],
      "name" : "Inet6HttpServerClientGetRoundTripTest",
      "properties" : 
      [
        {
          "name" : "LABELS",
          "value" : 
          [
            "client",
            "component",
            "http",
            "ipv6",
            "legacy",
            "server"
          ]
        },
        {
          "name" : "SKIP_RETURN_CODE",
          "value" : 77
        },
        {
          "name" : "TIMEOUT",
          "value" : 5.0
        },
        {
          "name" : "WORKING_DIRECTORY",
          "value" : "/home/voc/projects/snodec/publications/book/build/shutdown-recheck-9746d186/framework-gcc/tests/component/http"
        }
      ]
    },
    {
      "backtrace" : 371,
      "command" : 
      [
        "/home/voc/projects/snodec/publications/book/build/shutdown-recheck-9746d186/framework-gcc/tests/component/http/UnixHttpServerClientGetRoundTripTest"
      ],
      "name" : "UnixHttpServerClientGetRoundTripTest",
      "properties" : 
      [
        {
          "name" : "LABELS",
          "value" : 
          [
            "client",
            "component",
            "http",
            "legacy",
            "server",
            "unix"
          ]
        },
        {
          "name" : "SKIP_RETURN_CODE",
          "value" : 77
        },
        {
          "name" : "TIMEOUT",
          "value" : 5.0
        },
        {
          "name" : "WORKING_DIRECTORY",
          "value" : "/home/voc/projects/snodec/publications/book/build/shutdown-recheck-9746d186/framework-gcc/tests/component/http"
        }
      ]
    },
    {
      "backtrace" : 374,
      "command" : 
      [
        "/home/voc/projects/snodec/publications/book/build/shutdown-recheck-9746d186/framework-gcc/tests/component/http/InetHttpServerClientPostBodyRoundTripTest"
      ],
      "name" : "InetHttpServerClientPostBodyRoundTripTest",
      "properties" : 
      [
        {
          "name" : "LABELS",
          "value" : 
          [
            "client",
            "component",
            "http",
            "ipv4",
            "legacy",
            "server"
          ]
        },
        {
          "name" : "SKIP_RETURN_CODE",
          "value" : 77
        },
        {
          "name" : "TIMEOUT",
          "value" : 5.0
        },
        {
          "name" : "WORKING_DIRECTORY",
          "value" : "/home/voc/projects/snodec/publications/book/build/shutdown-recheck-9746d186/framework-gcc/tests/component/http"
        }
      ]
    },
    {
      "backtrace" : 377,
      "command" : 
      [
        "/home/voc/projects/snodec/publications/book/build/shutdown-recheck-9746d186/framework-gcc/tests/component/http/Inet6HttpServerClientPostBodyRoundTripTest"
      ],
      "name" : "Inet6HttpServerClientPostBodyRoundTripTest",
      "properties" : 
      [
        {
          "name" : "LABELS",
          "value" : 
          [
            "client",
            "component",
            "http",
            "ipv6",
            "legacy",
            "server"
          ]
        },
        {
          "name" : "SKIP_RETURN_CODE",
          "value" : 77
        },
        {
          "name" : "TIMEOUT",
          "value" : 5.0
        },
        {
          "name" : "WORKING_DIRECTORY",
          "value" : "/home/voc/projects/snodec/publications/book/build/shutdown-recheck-9746d186/framework-gcc/tests/component/http"
        }
      ]
    },
    {
      "backtrace" : 380,
      "command" : 
      [
        "/home/voc/projects/snodec/publications/book/build/shutdown-recheck-9746d186/framework-gcc/tests/component/http/UnixHttpServerClientPostBodyRoundTripTest"
      ],
      "name" : "UnixHttpServerClientPostBodyRoundTripTest",
      "properties" : 
      [
        {
          "name" : "LABELS",
          "value" : 
          [
            "client",
            "component",
            "http",
            "legacy",
            "server",
            "unix"
          ]
        },
        {
          "name" : "SKIP_RETURN_CODE",
          "value" : 77
        },
        {
          "name" : "TIMEOUT",
          "value" : 5.0
        },
        {
          "name" : "WORKING_DIRECTORY",
          "value" : "/home/voc/projects/snodec/publications/book/build/shutdown-recheck-9746d186/framework-gcc/tests/component/http"
        }
      ]
    },
    {
      "backtrace" : 383,
      "command" : 
      [
        "/home/voc/projects/snodec/publications/book/build/shutdown-recheck-9746d186/framework-gcc/tests/component/http/InetHttpServerClientStatusVariantTest"
      ],
      "name" : "InetHttpServerClientStatusVariantTest",
      "properties" : 
      [
        {
          "name" : "LABELS",
          "value" : 
          [
            "client",
            "component",
            "http",
            "ipv4",
            "legacy",
            "server"
          ]
        },
        {
          "name" : "SKIP_RETURN_CODE",
          "value" : 77
        },
        {
          "name" : "TIMEOUT",
          "value" : 5.0
        },
        {
          "name" : "WORKING_DIRECTORY",
          "value" : "/home/voc/projects/snodec/publications/book/build/shutdown-recheck-9746d186/framework-gcc/tests/component/http"
        }
      ]
    },
    {
      "backtrace" : 386,
      "command" : 
      [
        "/home/voc/projects/snodec/publications/book/build/shutdown-recheck-9746d186/framework-gcc/tests/component/http/Inet6HttpServerClientStatusVariantTest"
      ],
      "name" : "Inet6HttpServerClientStatusVariantTest",
      "properties" : 
      [
        {
          "name" : "LABELS",
          "value" : 
          [
            "client",
            "component",
            "http",
            "ipv6",
            "legacy",
            "server"
          ]
        },
        {
          "name" : "SKIP_RETURN_CODE",
          "value" : 77
        },
        {
          "name" : "TIMEOUT",
          "value" : 5.0
        },
        {
          "name" : "WORKING_DIRECTORY",
          "value" : "/home/voc/projects/snodec/publications/book/build/shutdown-recheck-9746d186/framework-gcc/tests/component/http"
        }
      ]
    },
    {
      "backtrace" : 389,
      "command" : 
      [
        "/home/voc/projects/snodec/publications/book/build/shutdown-recheck-9746d186/framework-gcc/tests/component/http/UnixHttpServerClientStatusVariantTest"
      ],
      "name" : "UnixHttpServerClientStatusVariantTest",
      "properties" : 
      [
        {
          "name" : "LABELS",
          "value" : 
          [
            "client",
            "component",
            "http",
            "legacy",
            "server",
            "unix"
          ]
        },
        {
          "name" : "SKIP_RETURN_CODE",
          "value" : 77
        },
        {
          "name" : "TIMEOUT",
          "value" : 5.0
        },
        {
          "name" : "WORKING_DIRECTORY",
          "value" : "/home/voc/projects/snodec/publications/book/build/shutdown-recheck-9746d186/framework-gcc/tests/component/http"
        }
      ]
    },
    {
      "backtrace" : 392,
      "command" : 
      [
        "/home/voc/projects/snodec/publications/book/build/shutdown-recheck-9746d186/framework-gcc/tests/component/http/InetHttpServerClientRepeatedRequestTest"
      ],
      "name" : "InetHttpServerClientRepeatedRequestTest",
      "properties" : 
      [
        {
          "name" : "LABELS",
          "value" : 
          [
            "client",
            "component",
            "http",
            "ipv4",
            "legacy",
            "server"
          ]
        },
        {
          "name" : "SKIP_RETURN_CODE",
          "value" : 77
        },
        {
          "name" : "TIMEOUT",
          "value" : 5.0
        },
        {
          "name" : "WORKING_DIRECTORY",
          "value" : "/home/voc/projects/snodec/publications/book/build/shutdown-recheck-9746d186/framework-gcc/tests/component/http"
        }
      ]
    },
    {
      "backtrace" : 395,
      "command" : 
      [
        "/home/voc/projects/snodec/publications/book/build/shutdown-recheck-9746d186/framework-gcc/tests/component/http/InetHttpServerClientDisconnectLifecycleTest"
      ],
      "name" : "InetHttpServerClientDisconnectLifecycleTest",
      "properties" : 
      [
        {
          "name" : "LABELS",
          "value" : 
          [
            "client",
            "component",
            "http",
            "ipv4",
            "legacy",
            "server"
          ]
        },
        {
          "name" : "SKIP_RETURN_CODE",
          "value" : 77
        },
        {
          "name" : "TIMEOUT",
          "value" : 5.0
        },
        {
          "name" : "WORKING_DIRECTORY",
          "value" : "/home/voc/projects/snodec/publications/book/build/shutdown-recheck-9746d186/framework-gcc/tests/component/http"
        }
      ]
    },
    {
      "backtrace" : 398,
      "command" : 
      [
        "/home/voc/projects/snodec/publications/book/build/shutdown-recheck-9746d186/framework-gcc/tests/component/http/InetHttpClientPrematureServerCloseTest"
      ],
      "name" : "InetHttpClientPrematureServerCloseTest",
      "properties" : 
      [
        {
          "name" : "LABELS",
          "value" : 
          [
            "client",
            "component",
            "http",
            "ipv4",
            "legacy",
            "server"
          ]
        },
        {
          "name" : "SKIP_RETURN_CODE",
          "value" : 77
        },
        {
          "name" : "TIMEOUT",
          "value" : 5.0
        },
        {
          "name" : "WORKING_DIRECTORY",
          "value" : "/home/voc/projects/snodec/publications/book/build/shutdown-recheck-9746d186/framework-gcc/tests/component/http"
        }
      ]
    },
    {
      "backtrace" : 401,
      "command" : 
      [
        "/home/voc/projects/snodec/publications/book/build/shutdown-recheck-9746d186/framework-gcc/tests/component/http/InetHttpServerClientLargeResponseBodyTest"
      ],
      "name" : "InetHttpServerClientLargeResponseBodyTest",
      "properties" : 
      [
        {
          "name" : "LABELS",
          "value" : 
          [
            "client",
            "component",
            "http",
            "ipv4",
            "legacy",
            "server"
          ]
        },
        {
          "name" : "SKIP_RETURN_CODE",
          "value" : 77
        },
        {
          "name" : "TIMEOUT",
          "value" : 5.0
        },
        {
          "name" : "WORKING_DIRECTORY",
          "value" : "/home/voc/projects/snodec/publications/book/build/shutdown-recheck-9746d186/framework-gcc/tests/component/http"
        }
      ]
    },
    {
      "backtrace" : 404,
      "command" : 
      [
        "/home/voc/projects/snodec/publications/book/build/shutdown-recheck-9746d186/framework-gcc/tests/component/http/InetHttpServerClientLargeRequestBodyTest"
      ],
      "name" : "InetHttpServerClientLargeRequestBodyTest",
      "properties" : 
      [
        {
          "name" : "LABELS",
          "value" : 
          [
            "client",
            "component",
            "http",
            "ipv4",
            "legacy",
            "server"
          ]
        },
        {
          "name" : "SKIP_RETURN_CODE",
          "value" : 77
        },
        {
          "name" : "TIMEOUT",
          "value" : 5.0
        },
        {
          "name" : "WORKING_DIRECTORY",
          "value" : "/home/voc/projects/snodec/publications/book/build/shutdown-recheck-9746d186/framework-gcc/tests/component/http"
        }
      ]
    },
    {
      "backtrace" : 407,
      "command" : 
      [
        "/home/voc/projects/snodec/publications/book/build/shutdown-recheck-9746d186/framework-gcc/tests/component/http/InetHttpServerClientHeaderHeavyRequestTest"
      ],
      "name" : "InetHttpServerClientHeaderHeavyRequestTest",
      "properties" : 
      [
        {
          "name" : "LABELS",
          "value" : 
          [
            "component",
            "headers",
            "http",
            "ipv4",
            "legacy",
            "request"
          ]
        },
        {
          "name" : "SKIP_RETURN_CODE",
          "value" : 77
        },
        {
          "name" : "TIMEOUT",
          "value" : 5.0
        },
        {
          "name" : "WORKING_DIRECTORY",
          "value" : "/home/voc/projects/snodec/publications/book/build/shutdown-recheck-9746d186/framework-gcc/tests/component/http"
        }
      ]
    },
    {
      "backtrace" : 410,
      "command" : 
      [
        "/home/voc/projects/snodec/publications/book/build/shutdown-recheck-9746d186/framework-gcc/tests/component/http/InetHttpServerClientHeaderHeavyResponseTest"
      ],
      "name" : "InetHttpServerClientHeaderHeavyResponseTest",
      "properties" : 
      [
        {
          "name" : "LABELS",
          "value" : 
          [
            "component",
            "headers",
            "http",
            "ipv4",
            "legacy",
            "response"
          ]
        },
        {
          "name" : "SKIP_RETURN_CODE",
          "value" : 77
        },
        {
          "name" : "TIMEOUT",
          "value" : 5.0
        },
        {
          "name" : "WORKING_DIRECTORY",
          "value" : "/home/voc/projects/snodec/publications/book/build/shutdown-recheck-9746d186/framework-gcc/tests/component/http"
        }
      ]
    },
    {
      "backtrace" : 413,
      "command" : 
      [
        "/home/voc/projects/snodec/publications/book/build/shutdown-recheck-9746d186/framework-gcc/tests/component/http/InetHttpClientConnectFailureTest"
      ],
      "name" : "InetHttpClientConnectFailureTest",
      "properties" : 
      [
        {
          "name" : "LABELS",
          "value" : 
          [
            "component",
            "connect-failure",
            "http",
            "ipv4",
            "legacy"
          ]
        },
        {
          "name" : "SKIP_RETURN_CODE",
          "value" : 77
        },
        {
          "name" : "TIMEOUT",
          "value" : 5.0
        },
        {
          "name" : "WORKING_DIRECTORY",
          "value" : "/home/voc/projects/snodec/publications/book/build/shutdown-recheck-9746d186/framework-gcc/tests/component/http"
        }
      ]
    },
    {
      "backtrace" : 416,
      "command" : 
      [
        "/home/voc/projects/snodec/publications/book/build/shutdown-recheck-9746d186/framework-gcc/tests/component/http/InetHttpServerClientChunkedResponseTest"
      ],
      "name" : "InetHttpServerClientChunkedResponseTest",
      "properties" : 
      [
        {
          "name" : "LABELS",
          "value" : 
          [
            "chunked",
            "component",
            "http",
            "ipv4",
            "legacy",
            "response"
          ]
        },
        {
          "name" : "SKIP_RETURN_CODE",
          "value" : 77
        },
        {
          "name" : "TIMEOUT",
          "value" : 5.0
        },
        {
          "name" : "WORKING_DIRECTORY",
          "value" : "/home/voc/projects/snodec/publications/book/build/shutdown-recheck-9746d186/framework-gcc/tests/component/http"
        }
      ]
    },
    {
      "backtrace" : 419,
      "command" : 
      [
        "/home/voc/projects/snodec/publications/book/build/shutdown-recheck-9746d186/framework-gcc/tests/component/http/InetHttpServerClientPipeliningTest"
      ],
      "name" : "InetHttpServerClientPipeliningTest",
      "properties" : 
      [
        {
          "name" : "LABELS",
          "value" : 
          [
            "component",
            "http",
            "ipv4",
            "legacy",
            "pipelining"
          ]
        },
        {
          "name" : "SKIP_RETURN_CODE",
          "value" : 77
        },
        {
          "name" : "TIMEOUT",
          "value" : 5.0
        },
        {
          "name" : "WORKING_DIRECTORY",
          "value" : "/home/voc/projects/snodec/publications/book/build/shutdown-recheck-9746d186/framework-gcc/tests/component/http"
        }
      ]
    },
    {
      "backtrace" : 422,
      "command" : 
      [
        "/home/voc/projects/snodec/publications/book/build/shutdown-recheck-9746d186/framework-gcc/tests/component/http/InetHttpServerMalformedRequestBehaviorTest"
      ],
      "name" : "InetHttpServerMalformedRequestBehaviorTest",
      "properties" : 
      [
        {
          "name" : "LABELS",
          "value" : 
          [
            "component",
            "http",
            "ipv4",
            "legacy",
            "malformed-request"
          ]
        },
        {
          "name" : "SKIP_RETURN_CODE",
          "value" : 77
        },
        {
          "name" : "TIMEOUT",
          "value" : 5.0
        },
        {
          "name" : "WORKING_DIRECTORY",
          "value" : "/home/voc/projects/snodec/publications/book/build/shutdown-recheck-9746d186/framework-gcc/tests/component/http"
        }
      ]
    },
    {
      "backtrace" : 425,
      "command" : 
      [
        "/home/voc/projects/snodec/publications/book/build/shutdown-recheck-9746d186/framework-gcc/tests/component/http/InetHttpClientMalformedResponseBehaviorTest"
      ],
      "name" : "InetHttpClientMalformedResponseBehaviorTest",
      "properties" : 
      [
        {
          "name" : "LABELS",
          "value" : 
          [
            "component",
            "http",
            "ipv4",
            "legacy",
            "malformed-response"
          ]
        },
        {
          "name" : "SKIP_RETURN_CODE",
          "value" : 77
        },
        {
          "name" : "TIMEOUT",
          "value" : 5.0
        },
        {
          "name" : "WORKING_DIRECTORY",
          "value" : "/home/voc/projects/snodec/publications/book/build/shutdown-recheck-9746d186/framework-gcc/tests/component/http"
        }
      ]
    },
    {
      "backtrace" : 428,
      "command" : 
      [
        "/home/voc/projects/snodec/publications/book/build/shutdown-recheck-9746d186/framework-gcc/tests/component/http/InetHttpServerClientChunkedRequestTest"
      ],
      "name" : "InetHttpServerClientChunkedRequestTest",
      "properties" : 
      [
        {
          "name" : "LABELS",
          "value" : 
          [
            "chunked",
            "component",
            "http",
            "ipv4",
            "legacy",
            "request"
          ]
        },
        {
          "name" : "SKIP_RETURN_CODE",
          "value" : 77
        },
        {
          "name" : "TIMEOUT",
          "value" : 5.0
        },
        {
          "name" : "WORKING_DIRECTORY",
          "value" : "/home/voc/projects/snodec/publications/book/build/shutdown-recheck-9746d186/framework-gcc/tests/component/http"
        }
      ]
    },
    {
      "backtrace" : 431,
      "command" : 
      [
        "/home/voc/projects/snodec/publications/book/build/shutdown-recheck-9746d186/framework-gcc/tests/component/express/InetExpressRoutingMiddlewareTest"
      ],
      "name" : "InetExpressRoutingMiddlewareTest",
      "properties" : 
      [
        {
          "name" : "LABELS",
          "value" : 
          [
            "component",
            "express",
            "ipv4",
            "legacy",
            "middleware",
            "routing"
          ]
        },
        {
          "name" : "SKIP_RETURN_CODE",
          "value" : 77
        },
        {
          "name" : "TIMEOUT",
          "value" : 5.0
        },
        {
          "name" : "WORKING_DIRECTORY",
          "value" : "/home/voc/projects/snodec/publications/book/build/shutdown-recheck-9746d186/framework-gcc/tests/component/express"
        }
      ]
    },
    {
      "backtrace" : 434,
      "command" : 
      [
        "/home/voc/projects/snodec/publications/book/build/shutdown-recheck-9746d186/framework-gcc/tests/component/express/InetExpressHttpParserLimitTest"
      ],
      "name" : "InetExpressHttpParserLimitTest",
      "properties" : 
      [
        {
          "name" : "LABELS",
          "value" : 
          [
            "component",
            "express",
            "http",
            "ipv4",
            "legacy",
            "middleware",
            "parser-limit"
          ]
        },
        {
          "name" : "SKIP_RETURN_CODE",
          "value" : 77
        },
        {
          "name" : "TIMEOUT",
          "value" : 5.0
        },
        {
          "name" : "WORKING_DIRECTORY",
          "value" : "/home/voc/projects/snodec/publications/book/build/shutdown-recheck-9746d186/framework-gcc/tests/component/express"
        }
      ]
    },
    {
      "backtrace" : 437,
      "command" : 
      [
        "/home/voc/projects/snodec/publications/book/build/shutdown-recheck-9746d186/framework-gcc/tests/component/express/Inet6ExpressTransportSmokeTest"
      ],
      "name" : "Inet6ExpressTransportSmokeTest",
      "properties" : 
      [
        {
          "name" : "LABELS",
          "value" : 
          [
            "component",
            "express",
            "ipv6",
            "legacy",
            "routing"
          ]
        },
        {
          "name" : "SKIP_RETURN_CODE",
          "value" : 77
        },
        {
          "name" : "TIMEOUT",
          "value" : 5.0
        },
        {
          "name" : "WORKING_DIRECTORY",
          "value" : "/home/voc/projects/snodec/publications/book/build/shutdown-recheck-9746d186/framework-gcc/tests/component/express"
        }
      ]
    },
    {
      "backtrace" : 440,
      "command" : 
      [
        "/home/voc/projects/snodec/publications/book/build/shutdown-recheck-9746d186/framework-gcc/tests/component/express/UnixExpressTransportSmokeTest"
      ],
      "name" : "UnixExpressTransportSmokeTest",
      "properties" : 
      [
        {
          "name" : "LABELS",
          "value" : 
          [
            "component",
            "express",
            "legacy",
            "routing",
            "unix"
          ]
        },
        {
          "name" : "SKIP_RETURN_CODE",
          "value" : 77
        },
        {
          "name" : "TIMEOUT",
          "value" : 5.0
        },
        {
          "name" : "WORKING_DIRECTORY",
          "value" : "/home/voc/projects/snodec/publications/book/build/shutdown-recheck-9746d186/framework-gcc/tests/component/express"
        }
      ]
    },
    {
      "backtrace" : 443,
      "command" : 
      [
        "/home/voc/projects/snodec/publications/book/build/shutdown-recheck-9746d186/framework-gcc/tests/component/express/InetExpressMiddlewareShortCircuitTest"
      ],
      "name" : "InetExpressMiddlewareShortCircuitTest",
      "properties" : 
      [
        {
          "name" : "LABELS",
          "value" : 
          [
            "component",
            "express",
            "ipv4",
            "legacy",
            "middleware",
            "routing"
          ]
        },
        {
          "name" : "SKIP_RETURN_CODE",
          "value" : 77
        },
        {
          "name" : "TIMEOUT",
          "value" : 5.0
        },
        {
          "name" : "WORKING_DIRECTORY",
          "value" : "/home/voc/projects/snodec/publications/book/build/shutdown-recheck-9746d186/framework-gcc/tests/component/express"
        }
      ]
    },
    {
      "backtrace" : 446,
      "command" : 
      [
        "/home/voc/projects/snodec/publications/book/build/shutdown-recheck-9746d186/framework-gcc/tests/component/express/InetExpressRoutingEdgeBasicsTest"
      ],
      "name" : "InetExpressRoutingEdgeBasicsTest",
      "properties" : 
      [
        {
          "name" : "LABELS",
          "value" : 
          [
            "component",
            "express",
            "ipv4",
            "legacy",
            "routing"
          ]
        },
        {
          "name" : "SKIP_RETURN_CODE",
          "value" : 77
        },
        {
          "name" : "TIMEOUT",
          "value" : 5.0
        },
        {
          "name" : "WORKING_DIRECTORY",
          "value" : "/home/voc/projects/snodec/publications/book/build/shutdown-recheck-9746d186/framework-gcc/tests/component/express"
        }
      ]
    },
    {
      "backtrace" : 449,
      "command" : 
      [
        "/home/voc/projects/snodec/publications/book/build/shutdown-recheck-9746d186/framework-gcc/tests/component/express/InetExpressMountedRouterBasicsTest"
      ],
      "name" : "InetExpressMountedRouterBasicsTest",
      "properties" : 
      [
        {
          "name" : "LABELS",
          "value" : 
          [
            "component",
            "express",
            "ipv4",
            "legacy",
            "mounted-router",
            "routing"
          ]
        },
        {
          "name" : "SKIP_RETURN_CODE",
          "value" : 77
        },
        {
          "name" : "TIMEOUT",
          "value" : 5.0
        },
        {
          "name" : "WORKING_DIRECTORY",
          "value" : "/home/voc/projects/snodec/publications/book/build/shutdown-recheck-9746d186/framework-gcc/tests/component/express"
        }
      ]
    },
    {
      "backtrace" : 452,
      "command" : 
      [
        "/home/voc/projects/snodec/publications/book/build/shutdown-recheck-9746d186/framework-gcc/tests/component/express/InetExpressNestedRouterBasicsTest"
      ],
      "name" : "InetExpressNestedRouterBasicsTest",
      "properties" : 
      [
        {
          "name" : "LABELS",
          "value" : 
          [
            "component",
            "express",
            "ipv4",
            "legacy",
            "nested-router",
            "routing"
          ]
        },
        {
          "name" : "SKIP_RETURN_CODE",
          "value" : 77
        },
        {
          "name" : "TIMEOUT",
          "value" : 5.0
        },
        {
          "name" : "WORKING_DIRECTORY",
          "value" : "/home/voc/projects/snodec/publications/book/build/shutdown-recheck-9746d186/framework-gcc/tests/component/express"
        }
      ]
    },
    {
      "backtrace" : 455,
      "command" : 
      [
        "/home/voc/projects/snodec/publications/book/build/shutdown-recheck-9746d186/framework-gcc/tests/component/express/InetExpressRouteParameterRegexTest"
      ],
      "name" : "InetExpressRouteParameterRegexTest",
      "properties" : 
      [
        {
          "name" : "LABELS",
          "value" : 
          [
            "component",
            "express",
            "ipv4",
            "legacy",
            "parameter-regex",
            "routing"
          ]
        },
        {
          "name" : "SKIP_RETURN_CODE",
          "value" : 77
        },
        {
          "name" : "TIMEOUT",
          "value" : 5.0
        },
        {
          "name" : "WORKING_DIRECTORY",
          "value" : "/home/voc/projects/snodec/publications/book/build/shutdown-recheck-9746d186/framework-gcc/tests/component/express"
        }
      ]
    },
    {
      "backtrace" : 458,
      "command" : 
      [
        "/home/voc/projects/snodec/publications/book/build/shutdown-recheck-9746d186/framework-gcc/tests/component/express/InetExpressMiddlewareMountOrderTest"
      ],
      "name" : "InetExpressMiddlewareMountOrderTest",
      "properties" : 
      [
        {
          "name" : "LABELS",
          "value" : 
          [
            "component",
            "express",
            "ipv4",
            "legacy",
            "middleware",
            "mount-order"
          ]
        },
        {
          "name" : "SKIP_RETURN_CODE",
          "value" : 77
        },
        {
          "name" : "TIMEOUT",
          "value" : 5.0
        },
        {
          "name" : "WORKING_DIRECTORY",
          "value" : "/home/voc/projects/snodec/publications/book/build/shutdown-recheck-9746d186/framework-gcc/tests/component/express"
        }
      ]
    },
    {
      "backtrace" : 461,
      "command" : 
      [
        "/home/voc/projects/snodec/publications/book/build/shutdown-recheck-9746d186/framework-gcc/tests/component/express/InetExpressQueryMountInteractionTest"
      ],
      "name" : "InetExpressQueryMountInteractionTest",
      "properties" : 
      [
        {
          "name" : "LABELS",
          "value" : 
          [
            "component",
            "express",
            "ipv4",
            "legacy",
            "query",
            "routing"
          ]
        },
        {
          "name" : "SKIP_RETURN_CODE",
          "value" : 77
        },
        {
          "name" : "TIMEOUT",
          "value" : 5.0
        },
        {
          "name" : "WORKING_DIRECTORY",
          "value" : "/home/voc/projects/snodec/publications/book/build/shutdown-recheck-9746d186/framework-gcc/tests/component/express"
        }
      ]
    },
    {
      "backtrace" : 464,
      "command" : 
      [
        "/home/voc/projects/snodec/publications/book/build/shutdown-recheck-9746d186/framework-gcc/tests/component/express/InetExpressFallbackNotFoundTest"
      ],
      "name" : "InetExpressFallbackNotFoundTest",
      "properties" : 
      [
        {
          "name" : "LABELS",
          "value" : 
          [
            "component",
            "express",
            "ipv4",
            "legacy",
            "not-found",
            "routing"
          ]
        },
        {
          "name" : "SKIP_RETURN_CODE",
          "value" : 77
        },
        {
          "name" : "TIMEOUT",
          "value" : 5.0
        },
        {
          "name" : "WORKING_DIRECTORY",
          "value" : "/home/voc/projects/snodec/publications/book/build/shutdown-recheck-9746d186/framework-gcc/tests/component/express"
        }
      ]
    },
    {
      "backtrace" : 467,
      "command" : 
      [
        "/home/voc/projects/snodec/publications/book/build/shutdown-recheck-9746d186/framework-gcc/tests/component/websocket/InetWebSocketServerClientTextEchoTest"
      ],
      "name" : "InetWebSocketServerClientTextEchoTest",
      "properties" : 
      [
        {
          "name" : "LABELS",
          "value" : 
          [
            "client",
            "component",
            "ipv4",
            "legacy",
            "server",
            "websocket"
          ]
        },
        {
          "name" : "SKIP_RETURN_CODE",
          "value" : 77
        },
        {
          "name" : "TIMEOUT",
          "value" : 5.0
        },
        {
          "name" : "WORKING_DIRECTORY",
          "value" : "/home/voc/projects/snodec/publications/book/build/shutdown-recheck-9746d186/framework-gcc/tests/component/websocket"
        }
      ]
    },
    {
      "backtrace" : 470,
      "command" : 
      [
        "/home/voc/projects/snodec/publications/book/build/shutdown-recheck-9746d186/framework-gcc/tests/component/websocket/Inet6WebSocketServerClientTextEchoTest"
      ],
      "name" : "Inet6WebSocketServerClientTextEchoTest",
      "properties" : 
      [
        {
          "name" : "LABELS",
          "value" : 
          [
            "client",
            "component",
            "ipv6",
            "legacy",
            "server",
            "websocket"
          ]
        },
        {
          "name" : "SKIP_RETURN_CODE",
          "value" : 77
        },
        {
          "name" : "TIMEOUT",
          "value" : 5.0
        },
        {
          "name" : "WORKING_DIRECTORY",
          "value" : "/home/voc/projects/snodec/publications/book/build/shutdown-recheck-9746d186/framework-gcc/tests/component/websocket"
        }
      ]
    },
    {
      "backtrace" : 473,
      "command" : 
      [
        "/home/voc/projects/snodec/publications/book/build/shutdown-recheck-9746d186/framework-gcc/tests/component/websocket/UnixWebSocketServerClientTextEchoTest"
      ],
      "name" : "UnixWebSocketServerClientTextEchoTest",
      "properties" : 
      [
        {
          "name" : "LABELS",
          "value" : 
          [
            "client",
            "component",
            "legacy",
            "server",
            "unix",
            "websocket"
          ]
        },
        {
          "name" : "SKIP_RETURN_CODE",
          "value" : 77
        },
        {
          "name" : "TIMEOUT",
          "value" : 5.0
        },
        {
          "name" : "WORKING_DIRECTORY",
          "value" : "/home/voc/projects/snodec/publications/book/build/shutdown-recheck-9746d186/framework-gcc/tests/component/websocket"
        }
      ]
    },
    {
      "backtrace" : 476,
      "command" : 
      [
        "/home/voc/projects/snodec/publications/book/build/shutdown-recheck-9746d186/framework-gcc/tests/component/websocket/InetWebSocketServerClientMultiTextMessageTest"
      ],
      "name" : "InetWebSocketServerClientMultiTextMessageTest",
      "properties" : 
      [
        {
          "name" : "LABELS",
          "value" : 
          [
            "client",
            "component",
            "ipv4",
            "legacy",
            "server",
            "websocket"
          ]
        },
        {
          "name" : "SKIP_RETURN_CODE",
          "value" : 77
        },
        {
          "name" : "TIMEOUT",
          "value" : 5.0
        },
        {
          "name" : "WORKING_DIRECTORY",
          "value" : "/home/voc/projects/snodec/publications/book/build/shutdown-recheck-9746d186/framework-gcc/tests/component/websocket"
        }
      ]
    },
    {
      "backtrace" : 479,
      "command" : 
      [
        "/home/voc/projects/snodec/publications/book/build/shutdown-recheck-9746d186/framework-gcc/tests/component/websocket/InetWebSocketServerClientBinaryEchoTest"
      ],
      "name" : "InetWebSocketServerClientBinaryEchoTest",
      "properties" : 
      [
        {
          "name" : "LABELS",
          "value" : 
          [
            "client",
            "component",
            "ipv4",
            "legacy",
            "server",
            "websocket"
          ]
        },
        {
          "name" : "SKIP_RETURN_CODE",
          "value" : 77
        },
        {
          "name" : "TIMEOUT",
          "value" : 5.0
        },
        {
          "name" : "WORKING_DIRECTORY",
          "value" : "/home/voc/projects/snodec/publications/book/build/shutdown-recheck-9746d186/framework-gcc/tests/component/websocket"
        }
      ]
    },
    {
      "backtrace" : 482,
      "command" : 
      [
        "/home/voc/projects/snodec/publications/book/build/shutdown-recheck-9746d186/framework-gcc/tests/component/websocket/InetWebSocketServerClientCloseHandshakeTest"
      ],
      "name" : "InetWebSocketServerClientCloseHandshakeTest",
      "properties" : 
      [
        {
          "name" : "LABELS",
          "value" : 
          [
            "client",
            "component",
            "ipv4",
            "legacy",
            "server",
            "websocket"
          ]
        },
        {
          "name" : "SKIP_RETURN_CODE",
          "value" : 77
        },
        {
          "name" : "TIMEOUT",
          "value" : 5.0
        },
        {
          "name" : "WORKING_DIRECTORY",
          "value" : "/home/voc/projects/snodec/publications/book/build/shutdown-recheck-9746d186/framework-gcc/tests/component/websocket"
        }
      ]
    },
    {
      "backtrace" : 485,
      "command" : 
      [
        "/home/voc/projects/snodec/publications/book/build/shutdown-recheck-9746d186/framework-gcc/tests/component/websocket/InetWebSocketServerClientPingPongTest"
      ],
      "name" : "InetWebSocketServerClientPingPongTest",
      "properties" : 
      [
        {
          "name" : "LABELS",
          "value" : 
          [
            "client",
            "component",
            "ipv4",
            "legacy",
            "server",
            "websocket"
          ]
        },
        {
          "name" : "SKIP_RETURN_CODE",
          "value" : 77
        },
        {
          "name" : "TIMEOUT",
          "value" : 5.0
        },
        {
          "name" : "WORKING_DIRECTORY",
          "value" : "/home/voc/projects/snodec/publications/book/build/shutdown-recheck-9746d186/framework-gcc/tests/component/websocket"
        }
      ]
    },
    {
      "backtrace" : 488,
      "command" : 
      [
        "/home/voc/projects/snodec/publications/book/build/shutdown-recheck-9746d186/framework-gcc/tests/component/websocket/InetWebSocketServerInitiatedCloseTest"
      ],
      "name" : "InetWebSocketServerInitiatedCloseTest",
      "properties" : 
      [
        {
          "name" : "LABELS",
          "value" : 
          [
            "close",
            "component",
            "ipv4",
            "legacy",
            "server-initiated",
            "websocket"
          ]
        },
        {
          "name" : "SKIP_RETURN_CODE",
          "value" : 77
        },
        {
          "name" : "TIMEOUT",
          "value" : 5.0
        },
        {
          "name" : "WORKING_DIRECTORY",
          "value" : "/home/voc/projects/snodec/publications/book/build/shutdown-recheck-9746d186/framework-gcc/tests/component/websocket"
        }
      ]
    },
    {
      "backtrace" : 491,
      "command" : 
      [
        "/home/voc/projects/snodec/publications/book/build/shutdown-recheck-9746d186/framework-gcc/tests/component/websocket/InetWebSocketUnexpectedCloseLifecycleTest"
      ],
      "name" : "InetWebSocketUnexpectedCloseLifecycleTest",
      "properties" : 
      [
        {
          "name" : "LABELS",
          "value" : 
          [
            "component",
            "ipv4",
            "legacy",
            "lifecycle",
            "unexpected-close",
            "websocket"
          ]
        },
        {
          "name" : "SKIP_RETURN_CODE",
          "value" : 77
        },
        {
          "name" : "TIMEOUT",
          "value" : 5.0
        },
        {
          "name" : "WORKING_DIRECTORY",
          "value" : "/home/voc/projects/snodec/publications/book/build/shutdown-recheck-9746d186/framework-gcc/tests/component/websocket"
        }
      ]
    },
    {
      "backtrace" : 494,
      "command" : 
      [
        "/home/voc/projects/snodec/publications/book/build/shutdown-recheck-9746d186/framework-gcc/tests/component/websocket/InetWebSocketLargeTextMessageTest"
      ],
      "name" : "InetWebSocketLargeTextMessageTest",
      "properties" : 
      [
        {
          "name" : "LABELS",
          "value" : 
          [
            "component",
            "ipv4",
            "large",
            "legacy",
            "text",
            "websocket"
          ]
        },
        {
          "name" : "SKIP_RETURN_CODE",
          "value" : 77
        },
        {
          "name" : "TIMEOUT",
          "value" : 5.0
        },
        {
          "name" : "WORKING_DIRECTORY",
          "value" : "/home/voc/projects/snodec/publications/book/build/shutdown-recheck-9746d186/framework-gcc/tests/component/websocket"
        }
      ]
    },
    {
      "backtrace" : 497,
      "command" : 
      [
        "/home/voc/projects/snodec/publications/book/build/shutdown-recheck-9746d186/framework-gcc/tests/component/websocket/InetWebSocketLargeBinaryMessageTest"
      ],
      "name" : "InetWebSocketLargeBinaryMessageTest",
      "properties" : 
      [
        {
          "name" : "LABELS",
          "value" : 
          [
            "binary",
            "component",
            "ipv4",
            "large",
            "legacy",
            "websocket"
          ]
        },
        {
          "name" : "SKIP_RETURN_CODE",
          "value" : 77
        },
        {
          "name" : "TIMEOUT",
          "value" : 5.0
        },
        {
          "name" : "WORKING_DIRECTORY",
          "value" : "/home/voc/projects/snodec/publications/book/build/shutdown-recheck-9746d186/framework-gcc/tests/component/websocket"
        }
      ]
    },
    {
      "backtrace" : 500,
      "command" : 
      [
        "/home/voc/projects/snodec/publications/book/build/shutdown-recheck-9746d186/framework-gcc/tests/component/eventsource/InetSseEventSourceBasicEventTest"
      ],
      "name" : "InetSseEventSourceBasicEventTest",
      "properties" : 
      [
        {
          "name" : "LABELS",
          "value" : 
          [
            "client",
            "component",
            "eventsource",
            "ipv4",
            "legacy",
            "server",
            "sse"
          ]
        },
        {
          "name" : "SKIP_RETURN_CODE",
          "value" : 77
        },
        {
          "name" : "TIMEOUT",
          "value" : 5.0
        },
        {
          "name" : "WORKING_DIRECTORY",
          "value" : "/home/voc/projects/snodec/publications/book/build/shutdown-recheck-9746d186/framework-gcc/tests/component/eventsource"
        }
      ]
    },
    {
      "backtrace" : 503,
      "command" : 
      [
        "/home/voc/projects/snodec/publications/book/build/shutdown-recheck-9746d186/framework-gcc/tests/component/eventsource/InetSseEventSourceMultiEventSequenceTest"
      ],
      "name" : "InetSseEventSourceMultiEventSequenceTest",
      "properties" : 
      [
        {
          "name" : "LABELS",
          "value" : 
          [
            "client",
            "component",
            "eventsource",
            "ipv4",
            "legacy",
            "server",
            "sse"
          ]
        },
        {
          "name" : "SKIP_RETURN_CODE",
          "value" : 77
        },
        {
          "name" : "TIMEOUT",
          "value" : 5.0
        },
        {
          "name" : "WORKING_DIRECTORY",
          "value" : "/home/voc/projects/snodec/publications/book/build/shutdown-recheck-9746d186/framework-gcc/tests/component/eventsource"
        }
      ]
    },
    {
      "backtrace" : 506,
      "command" : 
      [
        "/home/voc/projects/snodec/publications/book/build/shutdown-recheck-9746d186/framework-gcc/tests/component/eventsource/InetSseEventSourceMultiLineDataTest"
      ],
      "name" : "InetSseEventSourceMultiLineDataTest",
      "properties" : 
      [
        {
          "name" : "LABELS",
          "value" : 
          [
            "client",
            "component",
            "eventsource",
            "ipv4",
            "legacy",
            "server",
            "sse"
          ]
        },
        {
          "name" : "SKIP_RETURN_CODE",
          "value" : 77
        },
        {
          "name" : "TIMEOUT",
          "value" : 5.0
        },
        {
          "name" : "WORKING_DIRECTORY",
          "value" : "/home/voc/projects/snodec/publications/book/build/shutdown-recheck-9746d186/framework-gcc/tests/component/eventsource"
        }
      ]
    },
    {
      "backtrace" : 509,
      "command" : 
      [
        "/home/voc/projects/snodec/publications/book/build/shutdown-recheck-9746d186/framework-gcc/tests/component/eventsource/InetSseEventSourceCommentIgnoredTest"
      ],
      "name" : "InetSseEventSourceCommentIgnoredTest",
      "properties" : 
      [
        {
          "name" : "LABELS",
          "value" : 
          [
            "client",
            "component",
            "eventsource",
            "ipv4",
            "legacy",
            "server",
            "sse"
          ]
        },
        {
          "name" : "SKIP_RETURN_CODE",
          "value" : 77
        },
        {
          "name" : "TIMEOUT",
          "value" : 5.0
        },
        {
          "name" : "WORKING_DIRECTORY",
          "value" : "/home/voc/projects/snodec/publications/book/build/shutdown-recheck-9746d186/framework-gcc/tests/component/eventsource"
        }
      ]
    },
    {
      "backtrace" : 512,
      "command" : 
      [
        "/home/voc/projects/snodec/publications/book/build/shutdown-recheck-9746d186/framework-gcc/tests/component/eventsource/InetSseEventSourceDefaultMessageEventTest"
      ],
      "name" : "InetSseEventSourceDefaultMessageEventTest",
      "properties" : 
      [
        {
          "name" : "LABELS",
          "value" : 
          [
            "client",
            "component",
            "eventsource",
            "ipv4",
            "legacy",
            "server",
            "sse"
          ]
        },
        {
          "name" : "SKIP_RETURN_CODE",
          "value" : 77
        },
        {
          "name" : "TIMEOUT",
          "value" : 5.0
        },
        {
          "name" : "WORKING_DIRECTORY",
          "value" : "/home/voc/projects/snodec/publications/book/build/shutdown-recheck-9746d186/framework-gcc/tests/component/eventsource"
        }
      ]
    },
    {
      "backtrace" : 515,
      "command" : 
      [
        "/home/voc/projects/snodec/publications/book/build/shutdown-recheck-9746d186/framework-gcc/tests/component/eventsource/InetSseEventSourceClientCloseAfterEventTest"
      ],
      "name" : "InetSseEventSourceClientCloseAfterEventTest",
      "properties" : 
      [
        {
          "name" : "LABELS",
          "value" : 
          [
            "client",
            "component",
            "eventsource",
            "ipv4",
            "legacy",
            "server",
            "sse"
          ]
        },
        {
          "name" : "SKIP_RETURN_CODE",
          "value" : 77
        },
        {
          "name" : "TIMEOUT",
          "value" : 5.0
        },
        {
          "name" : "WORKING_DIRECTORY",
          "value" : "/home/voc/projects/snodec/publications/book/build/shutdown-recheck-9746d186/framework-gcc/tests/component/eventsource"
        }
      ]
    },
    {
      "backtrace" : 518,
      "command" : 
      [
        "/home/voc/projects/snodec/publications/book/build/shutdown-recheck-9746d186/framework-gcc/tests/component/eventsource/InetSseEventSourceRetryFieldTest"
      ],
      "name" : "InetSseEventSourceRetryFieldTest",
      "properties" : 
      [
        {
          "name" : "LABELS",
          "value" : 
          [
            "client",
            "component",
            "eventsource",
            "ipv4",
            "legacy",
            "server",
            "sse"
          ]
        },
        {
          "name" : "SKIP_RETURN_CODE",
          "value" : 77
        },
        {
          "name" : "TIMEOUT",
          "value" : 5.0
        },
        {
          "name" : "WORKING_DIRECTORY",
          "value" : "/home/voc/projects/snodec/publications/book/build/shutdown-recheck-9746d186/framework-gcc/tests/component/eventsource"
        }
      ]
    },
    {
      "backtrace" : 521,
      "command" : 
      [
        "/home/voc/projects/snodec/publications/book/build/shutdown-recheck-9746d186/framework-gcc/tests/component/eventsource/InetSseEventSourceReconnectLifecycleTest"
      ],
      "name" : "InetSseEventSourceReconnectLifecycleTest",
      "properties" : 
      [
        {
          "name" : "LABELS",
          "value" : 
          [
            "client",
            "component",
            "eventsource",
            "ipv4",
            "legacy",
            "lifecycle",
            "log",
            "server",
            "sse"
          ]
        },
        {
          "name" : "SKIP_RETURN_CODE",
          "value" : 77
        },
        {
          "name" : "TIMEOUT",
          "value" : 5.0
        },
        {
          "name" : "WORKING_DIRECTORY",
          "value" : "/home/voc/projects/snodec/publications/book/build/shutdown-recheck-9746d186/framework-gcc/tests/component/eventsource"
        }
      ]
    },
    {
      "backtrace" : 524,
      "command" : 
      [
        "/home/voc/projects/snodec/publications/book/build/shutdown-recheck-9746d186/framework-gcc/tests/component/eventsource/InetSseEventSourceDestructionLifecycleTest"
      ],
      "name" : "InetSseEventSourceDestructionLifecycleTest",
      "properties" : 
      [
        {
          "name" : "LABELS",
          "value" : 
          [
            "client",
            "component",
            "eventsource",
            "ipv4",
            "legacy",
            "lifecycle",
            "log",
            "server",
            "sse"
          ]
        },
        {
          "name" : "SKIP_RETURN_CODE",
          "value" : 77
        },
        {
          "name" : "TIMEOUT",
          "value" : 5.0
        },
        {
          "name" : "WORKING_DIRECTORY",
          "value" : "/home/voc/projects/snodec/publications/book/build/shutdown-recheck-9746d186/framework-gcc/tests/component/eventsource"
        }
      ]
    },
    {
      "backtrace" : 528,
      "command" : 
      [
        "/home/voc/projects/snodec/publications/book/build/shutdown-recheck-9746d186/framework-gcc/tests/policy/ParameterlessSemanticLoggerPolicyTest"
      ],
      "name" : "ParameterlessSemanticLoggerPolicyTest",
      "properties" : 
      [
        {
          "name" : "ENVIRONMENT",
          "value" : 
          [
            "SNODEC_SOURCE_DIR=/home/voc/projects/snodec/publications/book/build/shutdown-recheck-9746d186/source"
          ]
        },
        {
          "name" : "LABELS",
          "value" : 
          [
            "architecture",
            "log",
            "policy"
          ]
        },
        {
          "name" : "TIMEOUT",
          "value" : 10.0
        },
        {
          "name" : "WORKING_DIRECTORY",
          "value" : "/home/voc/projects/snodec/publications/book/build/shutdown-recheck-9746d186/framework-gcc/tests/policy"
        }
      ]
    },
    {
      "backtrace" : 532,
      "command" : 
      [
        "/home/voc/projects/snodec/publications/book/build/shutdown-recheck-9746d186/framework-gcc/tests/policy/LoggingApiSurfacePolicyTest"
      ],
      "name" : "LoggingApiSurfacePolicyTest",
      "properties" : 
      [
        {
          "name" : "ENVIRONMENT",
          "value" : 
          [
            "SNODEC_SOURCE_DIR=/home/voc/projects/snodec/publications/book/build/shutdown-recheck-9746d186/source"
          ]
        },
        {
          "name" : "LABELS",
          "value" : 
          [
            "api",
            "architecture",
            "log",
            "policy"
          ]
        },
        {
          "name" : "TIMEOUT",
          "value" : 10.0
        },
        {
          "name" : "WORKING_DIRECTORY",
          "value" : "/home/voc/projects/snodec/publications/book/build/shutdown-recheck-9746d186/framework-gcc/tests/policy"
        }
      ]
    },
    {
      "backtrace" : 536,
      "command" : 
      [
        "/home/voc/projects/snodec/publications/book/build/shutdown-recheck-9746d186/framework-gcc/tests/policy/EpollDescriptorPublisherPolicyTest"
      ],
      "name" : "EpollDescriptorPublisherPolicyTest",
      "properties" : 
      [
        {
          "name" : "ENVIRONMENT",
          "value" : 
          [
            "SNODEC_SOURCE_DIR=/home/voc/projects/snodec/publications/book/build/shutdown-recheck-9746d186/source"
          ]
        },
        {
          "name" : "LABELS",
          "value" : 
          [
            "core",
            "epoll",
            "policy"
          ]
        },
        {
          "name" : "TIMEOUT",
          "value" : 10.0
        },
        {
          "name" : "WORKING_DIRECTORY",
          "value" : "/home/voc/projects/snodec/publications/book/build/shutdown-recheck-9746d186/framework-gcc/tests/policy"
        }
      ]
    },
    {
      "backtrace" : 540,
      "command" : 
      [
        "/home/voc/projects/snodec/publications/book/build/shutdown-recheck-9746d186/framework-gcc/tests/policy/EventLoopSyscallDisciplinePolicyTest"
      ],
      "name" : "EventLoopSyscallDisciplinePolicyTest",
      "properties" : 
      [
        {
          "name" : "ENVIRONMENT",
          "value" : 
          [
            "SNODEC_SOURCE_DIR=/home/voc/projects/snodec/publications/book/build/shutdown-recheck-9746d186/source"
          ]
        },
        {
          "name" : "LABELS",
          "value" : 
          [
            "core",
            "policy",
            "syscall"
          ]
        },
        {
          "name" : "TIMEOUT",
          "value" : 10.0
        },
        {
          "name" : "WORKING_DIRECTORY",
          "value" : "/home/voc/projects/snodec/publications/book/build/shutdown-recheck-9746d186/framework-gcc/tests/policy"
        }
      ]
    },
    {
      "backtrace" : 544,
      "command" : 
      [
        "/home/voc/projects/snodec/publications/book/build/shutdown-recheck-9746d186/framework-gcc/tests/policy/SensitiveLoggingPolicyTest"
      ],
      "name" : "SensitiveLoggingPolicyTest",
      "properties" : 
      [
        {
          "name" : "ENVIRONMENT",
          "value" : 
          [
            "SNODEC_SOURCE_DIR=/home/voc/projects/snodec/publications/book/build/shutdown-recheck-9746d186/source"
          ]
        },
        {
          "name" : "LABELS",
          "value" : 
          [
            "log",
            "policy",
            "security"
          ]
        },
        {
          "name" : "TIMEOUT",
          "value" : 10.0
        },
        {
          "name" : "WORKING_DIRECTORY",
          "value" : "/home/voc/projects/snodec/publications/book/build/shutdown-recheck-9746d186/framework-gcc/tests/policy"
        }
      ]
    },
    {
      "backtrace" : 548,
      "command" : 
      [
        "/home/voc/projects/snodec/publications/book/build/shutdown-recheck-9746d186/framework-gcc/tests/policy/CiWorkflowPathsPolicyTest"
      ],
      "name" : "CiWorkflowPathsPolicyTest",
      "properties" : 
      [
        {
          "name" : "ENVIRONMENT",
          "value" : 
          [
            "SNODEC_SOURCE_DIR=/home/voc/projects/snodec/publications/book/build/shutdown-recheck-9746d186/source"
          ]
        },
        {
          "name" : "LABELS",
          "value" : 
          [
            "architecture",
            "ci",
            "policy"
          ]
        },
        {
          "name" : "TIMEOUT",
          "value" : 10.0
        },
        {
          "name" : "WORKING_DIRECTORY",
          "value" : "/home/voc/projects/snodec/publications/book/build/shutdown-recheck-9746d186/framework-gcc/tests/policy"
        }
      ]
    }
  ],
  "version" : 
  {
    "major" : 1,
    "minor" : 0
  }
}