Chapter references passed: 32 chapters + Appendix A, 56 stable topics, 317 current references, 374 old-reference dispositions.
Source alignment passed: 33 chapter/appendix evidence records, 37 exact complete listings; SNode.C 2.0.0, master content manifest 2face99fc58fb1ec5374c35d88e6fcd9c7a7d56b52ea44cb00e49eb4825b9a2b
Source alignment passed: 33 chapter/appendix evidence records, 37 exact complete listings; SNode.C 2.0.0, master content manifest 2face99fc58fb1ec5374c35d88e6fcd9c7a7d56b52ea44cb00e49eb4825b9a2b
Observed SNode.C master HEAD: 07ca9a2936ee72582df7d159cb06666fe23e30f8
Source alignment passed: 33 chapter/appendix evidence records, 37 exact complete listings; SNode.C 2.0.0, master content manifest 2face99fc58fb1ec5374c35d88e6fcd9c7a7d56b52ea44cb00e49eb4825b9a2b
CMake Warning at cmake/clang-format.cmake:80 (message):
   clang-format not found:
      clang-format is used to format all source files consistently.
      It is highly recommented to install it, if you intend to modify the code of SNode.C.
      In case you have it installed run "cmake --target format" to format all source files.
      If you do not want to contribute to SNode.C, you can ignore this warning.

Call Stack (most recent call first):
  cmake/format.cmake:48 (include)
  CMakeLists.txt:57 (include)


CMake Warning at cmake/cmake-format.cmake:55 (message):
   cmake-format not found:
      cmake-format is used to format all CMakeLists.txt files consitently.
      It is highly recommented to install it, if you intend to modify the code of SNode.C.
      In case you have it installed run "cmake --target format" to format all CMakeLists.txt files.
      If you do not want to contribute to SNode.C, you can ignore this warning.

Call Stack (most recent call first):
  cmake/format.cmake:49 (include)
  CMakeLists.txt:57 (include)


-- Could NOT find Doxygen (missing: DOXYGEN_EXECUTABLE) 
CMake Warning at cmake/doxygen.cmake:92 (message):
   Docygen not found:
      Doxygen is used to build the documentation of snode.c in html format.
      If you do not intend to build the documentation you can ignore this warning
      Otherwise,  you can install doxygen on an debian-style system by executing
         sudo apt install doxygen
Call Stack (most recent call first):
  CMakeLists.txt:58 (include)


-- GNU compiler version 13.3.0 >= 12.2: Good
CMake Warning at src/cmake/iwyu.cmake:68 (message):
  Include-what-you-use (iwyu) is needed for checking include dependencies
Call Stack (most recent call first):
  src/CMakeLists.txt:74 (include)


-- Build spdlog: 1.17.0
-- Build type: Debug
-- Adding compile definition 'GROUP_NAME=snodec' for '/workspace/external/snode.c/src/utils/Config.cpp'
-- I/O-Multiplexer selected: 'epoll'
-- Adding compile definition 'READ_BLOCKSIZE=16384' for '/workspace/external/snode.c/src/net/config/ConfigConnection.cpp'
-- Adding compile definition 'WRITE_BLOCKSIZE=16384' for '/workspace/external/snode.c/src/net/config/ConfigConnection.cpp'
-- Adding compile definition 'READ_TIMEOUT=60' for '/workspace/external/snode.c/src/net/config/ConfigConnection.cpp'
-- Adding compile definition 'WRITE_TIMEOUT=60' for '/workspace/external/snode.c/src/net/config/ConfigConnection.cpp'
-- Adding compile definition 'TERMINATE_TIMEOUT=1' for '/workspace/external/snode.c/src/net/config/ConfigConnection.cpp'
-- Adding compile definition 'MAXIMUM_WRITE_QUEUE_BYTES=0' for '/workspace/external/snode.c/src/net/config/ConfigConnection.cpp'
-- Adding compile definition 'WRITE_QUEUE_HIGH_WATERMARK=0' for '/workspace/external/snode.c/src/net/config/ConfigConnection.cpp'
-- Adding compile definition 'WRITE_QUEUE_LOW_WATERMARK=0' for '/workspace/external/snode.c/src/net/config/ConfigConnection.cpp'
-- Adding compile definition 'ACCEPTS_PER_TICK=1' for '/workspace/external/snode.c/src/net/config/ConfigPhysicalSocketServer.cpp'
-- Adding compile definition 'BACKLOG=5' for '/workspace/external/snode.c/src/net/config/ConfigPhysicalSocketServer.cpp'
-- Adding compile definition 'RETRY=false' for '/workspace/external/snode.c/src/net/config/ConfigPhysicalSocket.cpp'
-- Adding compile definition 'RETRY_ON_FATAL=false' for '/workspace/external/snode.c/src/net/config/ConfigPhysicalSocket.cpp'
-- Adding compile definition 'RETRY_TIMEOUT=1' for '/workspace/external/snode.c/src/net/config/ConfigPhysicalSocket.cpp'
-- Adding compile definition 'RETRY_TRIES=0' for '/workspace/external/snode.c/src/net/config/ConfigPhysicalSocket.cpp'
-- Adding compile definition 'RETRY_BASE=1.8' for '/workspace/external/snode.c/src/net/config/ConfigPhysicalSocket.cpp'
-- Adding compile definition 'RETRY_JITTER=0' for '/workspace/external/snode.c/src/net/config/ConfigPhysicalSocket.cpp'
-- Adding compile definition 'RETRY_LIMIT=0' for '/workspace/external/snode.c/src/net/config/ConfigPhysicalSocket.cpp'
-- Adding compile definition 'ACCEPT_TIMEOUT=0' for '/workspace/external/snode.c/src/net/config/ConfigPhysicalSocketServer.cpp'
-- Adding compile definition 'RECONNECT=false' for '/workspace/external/snode.c/src/net/config/ConfigPhysicalSocketClient.cpp'
-- Adding compile definition 'RECONNECT_TIME=1' for '/workspace/external/snode.c/src/net/config/ConfigPhysicalSocketClient.cpp'
-- Adding compile definition 'CONNECT_TIMEOUT=10' for '/workspace/external/snode.c/src/net/config/ConfigPhysicalSocketClient.cpp'
-- Adding compile definition 'TLS_INIT_TIMEOUT=10' for '/workspace/external/snode.c/src/net/config/ConfigTlsServer.cpp'
-- Adding compile definition 'TLS_INIT_TIMEOUT=10' for '/workspace/external/snode.c/src/net/config/ConfigTlsClient.cpp'
-- Adding compile definition 'TLS_SHUTDOWN_TIMEOUT=1' for '/workspace/external/snode.c/src/net/config/ConfigTlsServer.cpp'
-- Adding compile definition 'TLS_SHUTDOWN_TIMEOUT=1' for '/workspace/external/snode.c/src/net/config/ConfigTlsClient.cpp'
-- Adding compile definition 'IN_NUMERIC=false' for '/workspace/external/snode.c/src/net/in/config/ConfigAddress.cpp'
-- Adding compile definition 'IN_NUMERIC_REVERSE=false' for '/workspace/external/snode.c/src/net/in/config/ConfigAddress.cpp'
-- Adding compile definition 'IN_REUSE_ADDRESS=false' for '/workspace/external/snode.c/src/net/in/stream/config/ConfigSocketServer.cpp'
-- Adding compile definition 'IN_REUSE_PORT=false' for '/workspace/external/snode.c/src/net/in/stream/config/ConfigSocketServer.cpp'
-- Adding compile definition 'IN_SERVER_DISABLE_NAGLE_ALGORITHM=default' for '/workspace/external/snode.c/src/net/in/stream/config/ConfigSocketServer.cpp'
-- Adding compile definition 'IN_CLIENT_DISABLE_NAGLE_ALGORITHM=default' for '/workspace/external/snode.c/src/net/in/stream/config/ConfigSocketClient.cpp'
-- Adding compile definition 'IN6_NUMERIC=false' for '/workspace/external/snode.c/src/net/in6/config/ConfigAddress.cpp'
-- Adding compile definition 'IN6_NUMERIC_REVERSE=false' for '/workspace/external/snode.c/src/net/in6/config/ConfigAddress.cpp'
-- Adding compile definition 'IN6_IPV4_MAPPED=false' for '/workspace/external/snode.c/src/net/in6/config/ConfigAddress.cpp'
-- Adding compile definition 'IN6_REUSE_ADDRESS=false' for '/workspace/external/snode.c/src/net/in6/stream/config/ConfigSocketServer.cpp'
-- Adding compile definition 'IN6_REUSE_PORT=false' for '/workspace/external/snode.c/src/net/in6/stream/config/ConfigSocketServer.cpp'
-- Adding compile definition 'IN6_IPV6_ONLY=default' for '/workspace/external/snode.c/src/net/in6/stream/config/ConfigSocketServer.cpp'
-- Adding compile definition 'IN6_SERVER_DISABLE_NAGLE_ALGORITHM=default' for '/workspace/external/snode.c/src/net/in6/stream/config/ConfigSocketServer.cpp'
-- Adding compile definition 'IN6_CLIENT_DISABLE_NAGLE_ALGORITHM=default' for '/workspace/external/snode.c/src/net/in6/stream/config/ConfigSocketClient.cpp'
-- Adding compile definition 'HTTP_REQUEST_PIPELINED=true' for '/workspace/external/snode.c/src/web/http/client/ConfigHTTP.cpp'
-- snodec-control: building with interactive UI support (--ui), Curses found
-- Configuring done (0.4s)
-- Generating done (0.3s)
-- Build files have been written to: /workspace/build/snodec
[1/962] Building CXX object src/log/CMakeFiles/logger.dir/Logger.cpp.o
[2/962] Building CXX object src/log/CMakeFiles/logger.dir/Log.cpp.o
[3/962] Building CXX object src/log/CMakeFiles/logger.dir/LogScopeOwner.cpp.o
[4/962] Building CXX object src/log/CMakeFiles/logger.dir/SemanticLogger.cpp.o
[5/962] Building CXX object src/log/CMakeFiles/logger.dir/__/utils/hexdump.cpp.o
[6/962] Building CXX object src/utils/CMakeFiles/utils.dir/Config.cpp.o
[7/962] Building CXX object src/utils/CMakeFiles/utils.dir/Daemon.cpp.o
[8/962] Building CXX object src/log/CMakeFiles/logger.dir/detail/SpdlogBackend.cpp.o
[9/962] Linking CXX shared library src/log/libsnodec-logger.so.2.0.0
[10/962] Creating library symlink src/log/libsnodec-logger.so.2 src/log/libsnodec-logger.so
[11/962] Building CXX object src/utils/CMakeFiles/utils.dir/PreserveErrno.cpp.o
[12/962] Building CXX object src/utils/CMakeFiles/utils.dir/Random.cpp.o
[13/962] Building CXX object src/utils/CMakeFiles/utils.dir/Formatter.cpp.o
[14/962] Building CXX object src/utils/CMakeFiles/utils.dir/Timeval.cpp.o
[15/962] Building CXX object src/utils/CMakeFiles/utils.dir/Uuid.cpp.o
[16/962] Building CXX object src/utils/CMakeFiles/utils.dir/base64.cpp.o
[17/962] Building CXX object src/utils/CMakeFiles/utils.dir/sha1.cpp.o
[18/962] Building CXX object src/utils/CMakeFiles/utils.dir/system/signal.cpp.o
[19/962] Building CXX object src/utils/CMakeFiles/utils.dir/system/time.cpp.o
[20/962] Building CXX object src/core/CMakeFiles/core.dir/Descriptor.cpp.o
[21/962] Building CXX object src/utils/CMakeFiles/utils.dir/SubCommand.cpp.o
[22/962] Linking CXX shared library src/utils/libsnodec-utils.so.2.0.0
[23/962] Creating library symlink src/utils/libsnodec-utils.so.2 src/utils/libsnodec-utils.so
[24/962] Building CXX object src/core/CMakeFiles/core.dir/DescriptorEventPublisher.cpp.o
[25/962] Building CXX object src/core/CMakeFiles/core.dir/DescriptorEventReceiver.cpp.o
[26/962] Building CXX object src/core/CMakeFiles/core.dir/DynamicLoader.cpp.o
[27/962] Building CXX object src/core/CMakeFiles/core.dir/Event.cpp.o
[28/962] Building CXX object src/core/CMakeFiles/core.dir/EventMultiplexer.cpp.o
[29/962] Building CXX object src/core/CMakeFiles/core.dir/EventReceiver.cpp.o
[30/962] Building CXX object src/core/CMakeFiles/core.dir/SNodeC.cpp.o
[31/962] Building CXX object src/core/CMakeFiles/core.dir/State.cpp.o
[32/962] Building CXX object src/core/CMakeFiles/core.dir/EventLoop.cpp.o
[33/962] Building CXX object src/core/CMakeFiles/core.dir/Timer.cpp.o
[34/962] Building CXX object src/core/CMakeFiles/core.dir/TimerEventPublisher.cpp.o
[35/962] Building CXX object src/core/CMakeFiles/core.dir/TimerEventReceiver.cpp.o
[36/962] Building CXX object src/core/CMakeFiles/core.dir/eventreceiver/AcceptEventReceiver.cpp.o
[37/962] Building CXX object src/core/CMakeFiles/core.dir/eventreceiver/ConnectEventReceiver.cpp.o
[38/962] Building CXX object src/core/CMakeFiles/core.dir/eventreceiver/ExceptionalConditionEventReceiver.cpp.o
[39/962] Building CXX object src/core/CMakeFiles/core.dir/eventreceiver/ReadEventReceiver.cpp.o
[40/962] Building CXX object src/core/CMakeFiles/core.dir/file/File.cpp.o
[41/962] Building CXX object src/core/CMakeFiles/core.dir/eventreceiver/WriteEventReceiver.cpp.o
[42/962] Building CXX object src/core/CMakeFiles/core.dir/file/FileReader.cpp.o
[43/962] Building CXX object src/core/CMakeFiles/core.dir/pipe/Sink.cpp.o
[44/962] Building CXX object src/core/CMakeFiles/core.dir/pipe/Source.cpp.o
[45/962] Building CXX object src/core/CMakeFiles/core.dir/pipe/Pipe.cpp.o
[46/962] Building CXX object src/core/CMakeFiles/core.dir/pipe/PipeSink.cpp.o
[47/962] Building CXX object src/core/CMakeFiles/core.dir/system/dlfcn.cpp.o
[48/962] Building CXX object src/core/CMakeFiles/core.dir/system/epoll.cpp.o
[49/962] Building CXX object src/core/CMakeFiles/core.dir/system/netdb.cpp.o
[50/962] Building CXX object src/core/CMakeFiles/core.dir/system/poll.cpp.o
[51/962] Building CXX object src/core/CMakeFiles/core.dir/system/select.cpp.o
[52/962] Building CXX object src/core/CMakeFiles/core.dir/system/socket.cpp.o
[53/962] Building CXX object src/core/CMakeFiles/core.dir/system/unistd.cpp.o
[54/962] Building CXX object src/core/CMakeFiles/core.dir/pipe/PipeSource.cpp.o
[55/962] Building CXX object src/core/CMakeFiles/core.dir/timer/IntervalTimer.cpp.o
[56/962] Building CXX object src/core/CMakeFiles/core.dir/timer/IntervalTimerStopable.cpp.o
[57/962] Building CXX object src/core/CMakeFiles/core.dir/timer/SingleshotTimer.cpp.o
[58/962] Building CXX object src/core/CMakeFiles/core.dir/timer/Timer.cpp.o
[59/962] Building CXX object src/core/multiplexer/epoll/CMakeFiles/mux-epoll.dir/DescriptorEventPublisher.cpp.o
[60/962] Building CXX object src/core/multiplexer/epoll/CMakeFiles/mux-epoll.dir/EventMultiplexer.cpp.o
[61/962] Linking CXX shared library src/core/multiplexer/epoll/libsnodec-core-mux-epoll.so.2.0.0
[62/962] Creating library symlink src/core/multiplexer/epoll/libsnodec-core-mux-epoll.so.2 src/core/multiplexer/epoll/libsnodec-core-mux-epoll.so
[63/962] Linking CXX shared library src/core/libsnodec-core.so.2.0.0
[64/962] Creating library symlink src/core/libsnodec-core.so.2 src/core/libsnodec-core.so
[65/962] Building CXX object src/core/multiplexer/poll/CMakeFiles/mux-poll.dir/DescriptorEventPublisher.cpp.o
[66/962] Building CXX object src/core/multiplexer/select/CMakeFiles/mux-select.dir/DescriptorEventPublisher.cpp.o
[67/962] Building CXX object src/core/multiplexer/poll/CMakeFiles/mux-poll.dir/EventMultiplexer.cpp.o
[68/962] Linking CXX shared library src/core/multiplexer/poll/libsnodec-core-mux-poll.so.2.0.0
[69/962] Creating library symlink src/core/multiplexer/poll/libsnodec-core-mux-poll.so.2 src/core/multiplexer/poll/libsnodec-core-mux-poll.so
[70/962] Building CXX object src/core/socket/CMakeFiles/core-socket.dir/SocketAddress.cpp.o
[71/962] Building CXX object src/core/socket/CMakeFiles/core-socket.dir/SocketContext.cpp.o
[72/962] Building CXX object src/core/multiplexer/select/CMakeFiles/mux-select.dir/EventMultiplexer.cpp.o
[73/962] Linking CXX shared library src/core/multiplexer/select/libsnodec-core-mux-select.so.2.0.0
[74/962] Creating library symlink src/core/multiplexer/select/libsnodec-core-mux-select.so.2 src/core/multiplexer/select/libsnodec-core-mux-select.so
[75/962] Building CXX object src/core/socket/CMakeFiles/core-socket.dir/State.cpp.o
[76/962] Linking CXX shared library src/core/socket/libsnodec-core-socket.so.2.0.0
[77/962] Creating library symlink src/core/socket/libsnodec-core-socket.so.2 src/core/socket/libsnodec-core-socket.so
[78/962] Building CXX object src/core/socket/stream/CMakeFiles/core-socket-stream.dir/ClientFlowController.cpp.o
[79/962] Building CXX object src/core/socket/stream/CMakeFiles/core-socket-stream.dir/ServerFlowController.cpp.o
[80/962] Building CXX object src/core/socket/stream/CMakeFiles/core-socket-stream.dir/SocketContextFactory.cpp.o
[81/962] Building CXX object src/core/socket/stream/CMakeFiles/core-socket-stream.dir/SocketContext.cpp.o
[82/962] Building CXX object src/core/socket/stream/CMakeFiles/core-socket-stream.dir/SocketReader.cpp.o
[83/962] Building CXX object src/core/socket/stream/CMakeFiles/core-socket-stream.dir/SocketWriter.cpp.o
[84/962] Building CXX object src/core/socket/stream/CMakeFiles/core-socket-stream.dir/SocketConnection.cpp.o
[85/962] Linking CXX shared library src/core/socket/stream/libsnodec-core-socket-stream.so.2.0.0
[86/962] Creating library symlink src/core/socket/stream/libsnodec-core-socket-stream.so.2 src/core/socket/stream/libsnodec-core-socket-stream.so
[87/962] Building CXX object src/core/socket/stream/legacy/CMakeFiles/core-socket-stream-legacy.dir/SocketReader.cpp.o
[88/962] Building CXX object src/core/socket/stream/legacy/CMakeFiles/core-socket-stream-legacy.dir/SocketWriter.cpp.o
[89/962] Linking CXX shared library src/core/socket/stream/legacy/libsnodec-core-socket-stream-legacy.so.2.0.0
[90/962] Creating library symlink src/core/socket/stream/legacy/libsnodec-core-socket-stream-legacy.so.2 src/core/socket/stream/legacy/libsnodec-core-socket-stream-legacy.so
[91/962] Building CXX object src/core/socket/stream/tls/CMakeFiles/core-socket-stream-tls.dir/ssl_utils.cpp.o
[92/962] Building CXX object src/core/socket/stream/tls/CMakeFiles/core-socket-stream-tls.dir/TLSHandshake.cpp.o
[93/962] Building CXX object src/core/socket/stream/tls/CMakeFiles/core-socket-stream-tls.dir/system/ssl.cpp.o
[94/962] Building CXX object src/core/socket/stream/tls/CMakeFiles/core-socket-stream-tls.dir/TLSShutdown.cpp.o
[95/962] Building CXX object src/core/socket/stream/tls/CMakeFiles/core-socket-stream-tls.dir/SocketReader.cpp.o
[96/962] Building CXX object src/net/CMakeFiles/net.dir/phy/PhysicalSocketOption.cpp.o
[97/962] Building CXX object src/core/socket/stream/tls/CMakeFiles/core-socket-stream-tls.dir/SocketWriter.cpp.o
[98/962] Linking CXX shared library src/core/socket/stream/tls/libsnodec-core-socket-stream-tls.so.2.0.0
[99/962] Creating library symlink src/core/socket/stream/tls/libsnodec-core-socket-stream-tls.so.2 src/core/socket/stream/tls/libsnodec-core-socket-stream-tls.so
[100/962] Building CXX object src/net/CMakeFiles/net.dir/config/ConfigInstance.cpp.o
[101/962] Building CXX object src/net/CMakeFiles/net.dir/config/ConfigConnection.cpp.o
[102/962] Building CXX object src/net/CMakeFiles/net.dir/config/ConfigLegacy.cpp.o
[103/962] Building CXX object src/net/CMakeFiles/net.dir/config/ConfigPhysicalSocket.cpp.o
[104/962] Building CXX object src/net/CMakeFiles/net.dir/config/ConfigPhysicalSocketClient.cpp.o
[105/962] Building CXX object src/net/CMakeFiles/net.dir/config/ConfigPhysicalSocketServer.cpp.o
[106/962] Building CXX object src/net/CMakeFiles/net.dir/config/ConfigTls.cpp.o
[107/962] Building CXX object src/net/CMakeFiles/net.dir/config/ConfigSection.cpp.o
[108/962] Building CXX object src/net/CMakeFiles/net.dir/config/ConfigTlsClient.cpp.o
[109/962] Building CXX object src/net/CMakeFiles/net.dir/config/ConfigTlsServer.cpp.o
[110/962] Building CXX object src/net/in/CMakeFiles/net-in.dir/SocketAddress.cpp.o
[111/962] Linking CXX shared library src/net/libsnodec-net.so.2.0.0
[112/962] Creating library symlink src/net/libsnodec-net.so.2 src/net/libsnodec-net.so
[113/962] Building CXX object src/net/in/CMakeFiles/net-in.dir/SocketAddrInfo.cpp.o
[114/962] Building CXX object src/net/in/phy/CMakeFiles/net-in-phy.dir/PhysicalSocket.cpp.o
[115/962] Building CXX object src/net/in/phy/stream/CMakeFiles/net-in-phy-stream.dir/PhysicalSocket.cpp.o
[116/962] Building CXX object src/net/in/phy/stream/CMakeFiles/net-in-phy-stream.dir/PhysicalSocketClient.cpp.o
[117/962] Building CXX object src/net/in/phy/stream/CMakeFiles/net-in-phy-stream.dir/PhysicalSocketServer.cpp.o
[118/962] Building CXX object src/net/in/CMakeFiles/net-in.dir/config/ConfigAddress.cpp.o
[119/962] Linking CXX shared library src/net/in/libsnodec-net-in.so.2.0.0
[120/962] Creating library symlink src/net/in/libsnodec-net-in.so.2 src/net/in/libsnodec-net-in.so
[121/962] Linking CXX shared library src/net/in/phy/libsnodec-net-in-phy.so.2.0.0
[122/962] Creating library symlink src/net/in/phy/libsnodec-net-in-phy.so.2 src/net/in/phy/libsnodec-net-in-phy.so
[123/962] Linking CXX shared library src/net/in/phy/stream/libsnodec-net-in-phy-stream.so.2.0.0
[124/962] Creating library symlink src/net/in/phy/stream/libsnodec-net-in-phy-stream.so.2 src/net/in/phy/stream/libsnodec-net-in-phy-stream.so
[125/962] Building CXX object src/net/in/stream/CMakeFiles/net-in-stream.dir/config/ConfigSocketClient.cpp.o
[126/962] Building CXX object src/net/in/stream/CMakeFiles/net-in-stream.dir/config/ConfigSocketServer.cpp.o
[127/962] Linking CXX shared library src/net/in/stream/libsnodec-net-in-stream.so.2.0.0
[128/962] Creating library symlink src/net/in/stream/libsnodec-net-in-stream.so.2 src/net/in/stream/libsnodec-net-in-stream.so
[129/962] Building CXX object src/net/in/stream/legacy/CMakeFiles/net-in-stream-legacy.dir/SocketClient.cpp.o
[130/962] Building CXX object src/net/in/stream/legacy/CMakeFiles/net-in-stream-legacy.dir/SocketServer.cpp.o
[131/962] Building CXX object src/net/in/stream/legacy/CMakeFiles/net-in-stream-legacy.dir/config/ConfigSocketClient.cpp.o
[132/962] Building CXX object src/net/in/stream/legacy/CMakeFiles/net-in-stream-legacy.dir/config/ConfigSocketServer.cpp.o
[133/962] Linking CXX shared library src/net/in/stream/legacy/libsnodec-net-in-stream-legacy.so.2.0.0
[134/962] Creating library symlink src/net/in/stream/legacy/libsnodec-net-in-stream-legacy.so.2 src/net/in/stream/legacy/libsnodec-net-in-stream-legacy.so
[135/962] Building CXX object src/net/in/stream/tls/CMakeFiles/net-in-stream-tls.dir/SocketClient.cpp.o
[136/962] Building CXX object src/net/in/stream/tls/CMakeFiles/net-in-stream-tls.dir/SocketServer.cpp.o
[137/962] Building CXX object src/net/in/stream/tls/CMakeFiles/net-in-stream-tls.dir/config/ConfigSocketClient.cpp.o
[138/962] Building CXX object src/net/in6/CMakeFiles/net-in6.dir/SocketAddress.cpp.o
[139/962] Building CXX object src/net/in6/CMakeFiles/net-in6.dir/SocketAddrInfo.cpp.o
[140/962] Building CXX object src/net/in/stream/tls/CMakeFiles/net-in-stream-tls.dir/config/ConfigSocketServer.cpp.o
[141/962] Linking CXX shared library src/net/in/stream/tls/libsnodec-net-in-stream-tls.so.2.0.0
[142/962] Creating library symlink src/net/in/stream/tls/libsnodec-net-in-stream-tls.so.2 src/net/in/stream/tls/libsnodec-net-in-stream-tls.so
[143/962] Building CXX object src/net/in6/phy/CMakeFiles/net-in6-phy.dir/PhysicalSocket.cpp.o
[144/962] Building CXX object src/net/in6/phy/stream/CMakeFiles/net-in6-phy-stream.dir/PhysicalSocket.cpp.o
[145/962] Building CXX object src/net/in6/phy/stream/CMakeFiles/net-in6-phy-stream.dir/PhysicalSocketClient.cpp.o
[146/962] Building CXX object src/net/in6/phy/stream/CMakeFiles/net-in6-phy-stream.dir/PhysicalSocketServer.cpp.o
[147/962] Building CXX object src/net/in6/CMakeFiles/net-in6.dir/config/ConfigAddress.cpp.o
[148/962] Linking CXX shared library src/net/in6/libsnodec-net-in6.so.2.0.0
[149/962] Creating library symlink src/net/in6/libsnodec-net-in6.so.2 src/net/in6/libsnodec-net-in6.so
[150/962] Linking CXX shared library src/net/in6/phy/libsnodec-net-in6-phy.so.2.0.0
[151/962] Creating library symlink src/net/in6/phy/libsnodec-net-in6-phy.so.2 src/net/in6/phy/libsnodec-net-in6-phy.so
[152/962] Linking CXX shared library src/net/in6/phy/stream/libsnodec-net-in6-phy-stream.so.2.0.0
[153/962] Creating library symlink src/net/in6/phy/stream/libsnodec-net-in6-phy-stream.so.2 src/net/in6/phy/stream/libsnodec-net-in6-phy-stream.so
[154/962] Building CXX object src/net/in6/stream/CMakeFiles/net-in6-stream.dir/config/ConfigSocketClient.cpp.o
[155/962] Building CXX object src/net/in6/stream/CMakeFiles/net-in6-stream.dir/config/ConfigSocketServer.cpp.o
[156/962] Linking CXX shared library src/net/in6/stream/libsnodec-net-in6-stream.so.2.0.0
[157/962] Creating library symlink src/net/in6/stream/libsnodec-net-in6-stream.so.2 src/net/in6/stream/libsnodec-net-in6-stream.so
[158/962] Building CXX object src/net/in6/stream/legacy/CMakeFiles/net-in6-stream-legacy.dir/SocketClient.cpp.o
[159/962] Building CXX object src/net/in6/stream/legacy/CMakeFiles/net-in6-stream-legacy.dir/SocketServer.cpp.o
[160/962] Building CXX object src/net/in6/stream/legacy/CMakeFiles/net-in6-stream-legacy.dir/config/ConfigSocketClient.cpp.o
[161/962] Building CXX object src/net/in6/stream/legacy/CMakeFiles/net-in6-stream-legacy.dir/config/ConfigSocketServer.cpp.o
[162/962] Linking CXX shared library src/net/in6/stream/legacy/libsnodec-net-in6-stream-legacy.so.2.0.0
[163/962] Creating library symlink src/net/in6/stream/legacy/libsnodec-net-in6-stream-legacy.so.2 src/net/in6/stream/legacy/libsnodec-net-in6-stream-legacy.so
[164/962] Building CXX object src/net/in6/stream/tls/CMakeFiles/net-in6-stream-tls.dir/SocketClient.cpp.o
[165/962] Building CXX object src/net/in6/stream/tls/CMakeFiles/net-in6-stream-tls.dir/SocketServer.cpp.o
[166/962] Building CXX object src/net/in6/stream/tls/CMakeFiles/net-in6-stream-tls.dir/config/ConfigSocketClient.cpp.o
[167/962] Building CXX object src/net/l2/CMakeFiles/net-l2.dir/SocketAddress.cpp.o
[168/962] Building CXX object src/net/in6/stream/tls/CMakeFiles/net-in6-stream-tls.dir/config/ConfigSocketServer.cpp.o
[169/962] Linking CXX shared library src/net/in6/stream/tls/libsnodec-net-in6-stream-tls.so.2.0.0
[170/962] Creating library symlink src/net/in6/stream/tls/libsnodec-net-in6-stream-tls.so.2 src/net/in6/stream/tls/libsnodec-net-in6-stream-tls.so
[171/962] Building CXX object src/net/l2/phy/CMakeFiles/net-l2-phy.dir/PhysicalSocket.cpp.o
[172/962] Building CXX object src/net/l2/phy/stream/CMakeFiles/net-l2-phy-stream.dir/PhysicalSocket.cpp.o
[173/962] Building CXX object src/net/l2/phy/stream/CMakeFiles/net-l2-phy-stream.dir/PhysicalSocketClient.cpp.o
[174/962] Building CXX object src/net/l2/phy/stream/CMakeFiles/net-l2-phy-stream.dir/PhysicalSocketServer.cpp.o
[175/962] Building CXX object src/net/l2/CMakeFiles/net-l2.dir/config/ConfigAddress.cpp.o
[176/962] Linking CXX shared library src/net/l2/libsnodec-net-l2.so.2.0.0
[177/962] Creating library symlink src/net/l2/libsnodec-net-l2.so.2 src/net/l2/libsnodec-net-l2.so
[178/962] Linking CXX shared library src/net/l2/phy/libsnodec-net-l2-phy.so.2.0.0
[179/962] Creating library symlink src/net/l2/phy/libsnodec-net-l2-phy.so.2 src/net/l2/phy/libsnodec-net-l2-phy.so
[180/962] Linking CXX shared library src/net/l2/phy/stream/libsnodec-net-l2-phy-stream.so.2.0.0
[181/962] Creating library symlink src/net/l2/phy/stream/libsnodec-net-l2-phy-stream.so.2 src/net/l2/phy/stream/libsnodec-net-l2-phy-stream.so
[182/962] Building CXX object src/net/l2/stream/CMakeFiles/net-l2-stream.dir/config/ConfigSocketClient.cpp.o
[183/962] Building CXX object src/net/l2/stream/CMakeFiles/net-l2-stream.dir/config/ConfigSocketServer.cpp.o
[184/962] Linking CXX shared library src/net/l2/stream/libsnodec-net-l2-stream.so.2.0.0
[185/962] Creating library symlink src/net/l2/stream/libsnodec-net-l2-stream.so.2 src/net/l2/stream/libsnodec-net-l2-stream.so
[186/962] Building CXX object src/net/l2/stream/legacy/CMakeFiles/net-l2-stream-legacy.dir/SocketClient.cpp.o
[187/962] Building CXX object src/net/l2/stream/legacy/CMakeFiles/net-l2-stream-legacy.dir/SocketServer.cpp.o
[188/962] Building CXX object src/net/l2/stream/legacy/CMakeFiles/net-l2-stream-legacy.dir/config/ConfigSocketClient.cpp.o
[189/962] Building CXX object src/net/l2/stream/legacy/CMakeFiles/net-l2-stream-legacy.dir/config/ConfigSocketServer.cpp.o
[190/962] Linking CXX shared library src/net/l2/stream/legacy/libsnodec-net-l2-stream-legacy.so.2.0.0
[191/962] Creating library symlink src/net/l2/stream/legacy/libsnodec-net-l2-stream-legacy.so.2 src/net/l2/stream/legacy/libsnodec-net-l2-stream-legacy.so
[192/962] Building CXX object src/net/l2/stream/tls/CMakeFiles/net-l2-stream-tls.dir/SocketClient.cpp.o
[193/962] Building CXX object src/net/l2/stream/tls/CMakeFiles/net-l2-stream-tls.dir/SocketServer.cpp.o
[194/962] Building CXX object src/net/l2/stream/tls/CMakeFiles/net-l2-stream-tls.dir/config/ConfigSocketClient.cpp.o
[195/962] Building CXX object src/net/rc/CMakeFiles/net-rc.dir/SocketAddress.cpp.o
[196/962] Building CXX object src/net/l2/stream/tls/CMakeFiles/net-l2-stream-tls.dir/config/ConfigSocketServer.cpp.o
[197/962] Linking CXX shared library src/net/l2/stream/tls/libsnodec-net-l2-stream-tls.so.2.0.0
[198/962] Creating library symlink src/net/l2/stream/tls/libsnodec-net-l2-stream-tls.so.2 src/net/l2/stream/tls/libsnodec-net-l2-stream-tls.so
[199/962] Building CXX object src/net/rc/phy/CMakeFiles/net-rc-phy.dir/PhysicalSocket.cpp.o
[200/962] Building CXX object src/net/rc/phy/stream/CMakeFiles/net-rc-phy-stream.dir/PhysicalSocket.cpp.o
[201/962] Building CXX object src/net/rc/phy/stream/CMakeFiles/net-rc-phy-stream.dir/PhysicalSocketClient.cpp.o
[202/962] Building CXX object src/net/rc/phy/stream/CMakeFiles/net-rc-phy-stream.dir/PhysicalSocketServer.cpp.o
[203/962] Building CXX object src/net/rc/CMakeFiles/net-rc.dir/config/ConfigAddress.cpp.o
[204/962] Linking CXX shared library src/net/rc/libsnodec-net-rc.so.2.0.0
[205/962] Creating library symlink src/net/rc/libsnodec-net-rc.so.2 src/net/rc/libsnodec-net-rc.so
[206/962] Linking CXX shared library src/net/rc/phy/libsnodec-net-rc-phy.so.2.0.0
[207/962] Creating library symlink src/net/rc/phy/libsnodec-net-rc-phy.so.2 src/net/rc/phy/libsnodec-net-rc-phy.so
[208/962] Linking CXX shared library src/net/rc/phy/stream/libsnodec-net-rc-phy-stream.so.2.0.0
[209/962] Creating library symlink src/net/rc/phy/stream/libsnodec-net-rc-phy-stream.so.2 src/net/rc/phy/stream/libsnodec-net-rc-phy-stream.so
[210/962] Building CXX object src/net/rc/stream/CMakeFiles/net-rc-stream.dir/config/ConfigSocketClient.cpp.o
[211/962] Building CXX object src/net/rc/stream/CMakeFiles/net-rc-stream.dir/config/ConfigSocketServer.cpp.o
[212/962] Linking CXX shared library src/net/rc/stream/libsnodec-net-rc-stream.so.2.0.0
[213/962] Creating library symlink src/net/rc/stream/libsnodec-net-rc-stream.so.2 src/net/rc/stream/libsnodec-net-rc-stream.so
[214/962] Building CXX object src/net/rc/stream/legacy/CMakeFiles/net-rc-stream-legacy.dir/SocketClient.cpp.o
[215/962] Building CXX object src/net/rc/stream/legacy/CMakeFiles/net-rc-stream-legacy.dir/SocketServer.cpp.o
[216/962] Building CXX object src/net/rc/stream/legacy/CMakeFiles/net-rc-stream-legacy.dir/config/ConfigSocketClient.cpp.o
[217/962] Building CXX object src/net/rc/stream/legacy/CMakeFiles/net-rc-stream-legacy.dir/config/ConfigSocketServer.cpp.o
[218/962] Linking CXX shared library src/net/rc/stream/legacy/libsnodec-net-rc-stream-legacy.so.2.0.0
[219/962] Creating library symlink src/net/rc/stream/legacy/libsnodec-net-rc-stream-legacy.so.2 src/net/rc/stream/legacy/libsnodec-net-rc-stream-legacy.so
[220/962] Building CXX object src/net/rc/stream/tls/CMakeFiles/net-rc-stream-tls.dir/SocketClient.cpp.o
[221/962] Building CXX object src/net/rc/stream/tls/CMakeFiles/net-rc-stream-tls.dir/SocketServer.cpp.o
[222/962] Building CXX object src/net/rc/stream/tls/CMakeFiles/net-rc-stream-tls.dir/config/ConfigSocketClient.cpp.o
[223/962] Building CXX object src/net/un/CMakeFiles/net-un.dir/PeerCredentials.cpp.o
[224/962] Building CXX object src/net/un/CMakeFiles/net-un.dir/SocketAddress.cpp.o
[225/962] Building CXX object src/net/rc/stream/tls/CMakeFiles/net-rc-stream-tls.dir/config/ConfigSocketServer.cpp.o
[226/962] Linking CXX shared library src/net/rc/stream/tls/libsnodec-net-rc-stream-tls.so.2.0.0
[227/962] Creating library symlink src/net/rc/stream/tls/libsnodec-net-rc-stream-tls.so.2 src/net/rc/stream/tls/libsnodec-net-rc-stream-tls.so
[228/962] Building CXX object src/net/un/phy/CMakeFiles/net-un-phy.dir/PhysicalSocket.cpp.o
[229/962] Building CXX object src/net/un/phy/stream/CMakeFiles/net-un-phy-stream.dir/PhysicalSocket.cpp.o
[230/962] Building CXX object src/net/un/CMakeFiles/net-un.dir/config/ConfigAddress.cpp.o
[231/962] Linking CXX shared library src/net/un/libsnodec-net-un.so.2.0.0
[232/962] Creating library symlink src/net/un/libsnodec-net-un.so.2 src/net/un/libsnodec-net-un.so
[233/962] Linking CXX shared library src/net/un/phy/libsnodec-net-un-phy.so.2.0.0
[234/962] Creating library symlink src/net/un/phy/libsnodec-net-un-phy.so.2 src/net/un/phy/libsnodec-net-un-phy.so
[235/962] Building CXX object src/net/un/phy/stream/CMakeFiles/net-un-phy-stream.dir/PhysicalSocketClient.cpp.o
[236/962] Building CXX object src/net/un/phy/stream/CMakeFiles/net-un-phy-stream.dir/PhysicalSocketServer.cpp.o
[237/962] Linking CXX shared library src/net/un/phy/stream/libsnodec-net-un-phy-stream.so.2.0.0
[238/962] Creating library symlink src/net/un/phy/stream/libsnodec-net-un-phy-stream.so.2 src/net/un/phy/stream/libsnodec-net-un-phy-stream.so
[239/962] Building CXX object src/net/un/stream/CMakeFiles/net-un-stream.dir/config/ConfigSocketClient.cpp.o
[240/962] Building CXX object src/net/un/stream/CMakeFiles/net-un-stream.dir/config/ConfigSocketServer.cpp.o
[241/962] Linking CXX shared library src/net/un/stream/libsnodec-net-un-stream.so.2.0.0
[242/962] Creating library symlink src/net/un/stream/libsnodec-net-un-stream.so.2 src/net/un/stream/libsnodec-net-un-stream.so
[243/962] Building CXX object src/net/un/stream/legacy/CMakeFiles/net-un-stream-legacy.dir/SocketClient.cpp.o
[244/962] Building CXX object src/net/un/stream/legacy/CMakeFiles/net-un-stream-legacy.dir/SocketServer.cpp.o
[245/962] Building CXX object src/net/un/stream/legacy/CMakeFiles/net-un-stream-legacy.dir/config/ConfigSocketClient.cpp.o
[246/962] Building CXX object src/net/un/stream/legacy/CMakeFiles/net-un-stream-legacy.dir/config/ConfigSocketServer.cpp.o
[247/962] Linking CXX shared library src/net/un/stream/legacy/libsnodec-net-un-stream-legacy.so.2.0.0
[248/962] Creating library symlink src/net/un/stream/legacy/libsnodec-net-un-stream-legacy.so.2 src/net/un/stream/legacy/libsnodec-net-un-stream-legacy.so
[249/962] Building CXX object src/net/un/stream/tls/CMakeFiles/net-un-stream-tls.dir/SocketClient.cpp.o
[250/962] Building CXX object src/net/un/stream/tls/CMakeFiles/net-un-stream-tls.dir/SocketServer.cpp.o
[251/962] Building CXX object src/net/un/stream/tls/CMakeFiles/net-un-stream-tls.dir/config/ConfigSocketClient.cpp.o
[252/962] Building CXX object src/net/un/dgram/CMakeFiles/net-un-dgram.dir/Socket.cpp.o
[253/962] Linking CXX shared library src/net/un/dgram/libsnodec-net-un-dgram.so.2.0.0
[254/962] Creating library symlink src/net/un/dgram/libsnodec-net-un-dgram.so.2 src/net/un/dgram/libsnodec-net-un-dgram.so
[255/962] Building CXX object src/web/http/CMakeFiles/http.dir/CiStringMap.cpp.o
[256/962] Building CXX object src/net/un/stream/tls/CMakeFiles/net-un-stream-tls.dir/config/ConfigSocketServer.cpp.o
[257/962] Linking CXX shared library src/net/un/stream/tls/libsnodec-net-un-stream-tls.so.2.0.0
[258/962] Creating library symlink src/net/un/stream/tls/libsnodec-net-un-stream-tls.so.2 src/net/un/stream/tls/libsnodec-net-un-stream-tls.so
[259/962] Building CXX object src/web/http/CMakeFiles/http.dir/ConfigHttpParser.cpp.o
[260/962] Building CXX object src/web/http/CMakeFiles/http.dir/ContentDecoder.cpp.o
[261/962] Building CXX object src/web/http/CMakeFiles/http.dir/ConfigWebSocket.cpp.o
[262/962] Building CXX object src/web/http/CMakeFiles/http.dir/MimeTypes.cpp.o
[263/962] Building CXX object src/web/http/CMakeFiles/http.dir/StatusCodes.cpp.o
[264/962] Building CXX object src/web/http/CMakeFiles/http.dir/decoder/Chunked.cpp.o
[265/962] Building CXX object src/web/http/CMakeFiles/http.dir/Parser.cpp.o
[266/962] Building CXX object src/web/http/CMakeFiles/http.dir/decoder/Fields.cpp.o
[267/962] Building CXX object src/web/http/CMakeFiles/http.dir/decoder/HTTP10Response.cpp.o
[268/962] Building CXX object src/web/http/CMakeFiles/http.dir/decoder/Identity.cpp.o
[269/962] Building CXX object src/web/http/CMakeFiles/http.dir/http_utils.cpp.o
[270/962] Linking CXX shared library snode.c/http/libsnodec-http.so.2.0.0
[271/962] Creating library symlink snode.c/http/libsnodec-http.so.2 snode.c/http/libsnodec-http.so
[272/962] Building CXX object src/web/http/server/CMakeFiles/http-server.dir/Request.cpp.o
[273/962] Building CXX object src/web/http/server/CMakeFiles/http-server.dir/RequestParser.cpp.o
[274/962] Building CXX object src/web/http/server/CMakeFiles/http-server.dir/ConfigHttpServer.cpp.o
[275/962] Building CXX object src/web/http/server/CMakeFiles/http-server.dir/Response.cpp.o
[276/962] Building CXX object src/web/http/server/CMakeFiles/http-server.dir/SocketContext.cpp.o
[277/962] Building CXX object src/web/http/server/CMakeFiles/http-server.dir/SocketContextUpgradeFactory.cpp.o
[278/962] Building CXX object src/web/http/server/CMakeFiles/http-server.dir/SocketContextUpgradeFactorySelector.cpp.o
[279/962] Building CXX object src/web/http/server/CMakeFiles/http-server.dir/SocketContextFactory.cpp.o
[280/962] Linking CXX shared library snode.c/http/libsnodec-http-server.so.2.0.0
[281/962] Creating library symlink snode.c/http/libsnodec-http-server.so.2 snode.c/http/libsnodec-http-server.so
[282/962] Building CXX object src/web/http/client/CMakeFiles/http-client.dir/Request.cpp.o
[283/962] Building CXX object src/web/http/client/CMakeFiles/http-client.dir/RequestCommand.cpp.o
[284/962] Building CXX object src/web/http/client/CMakeFiles/http-client.dir/Response.cpp.o
[285/962] Building CXX object src/web/http/client/CMakeFiles/http-client.dir/ConfigHTTP.cpp.o
[286/962] Building CXX object src/web/http/client/CMakeFiles/http-client.dir/ResponseParser.cpp.o
[287/962] Building CXX object src/web/http/client/CMakeFiles/http-client.dir/SocketContext.cpp.o
[288/962] Building CXX object src/web/http/client/CMakeFiles/http-client.dir/SocketContextUpgradeFactory.cpp.o
[289/962] Building CXX object src/web/http/client/CMakeFiles/http-client.dir/SocketContextUpgradeFactorySelector.cpp.o
[290/962] Building CXX object src/web/http/client/CMakeFiles/http-client.dir/SocketContextFactory.cpp.o
[291/962] Building CXX object src/web/http/client/CMakeFiles/http-client.dir/tools/EventSource.cpp.o
[292/962] Building CXX object src/web/http/client/commands/CMakeFiles/http-client-commands.dir/EndCommand.cpp.o
[293/962] Building CXX object src/web/http/client/commands/CMakeFiles/http-client-commands.dir/SendFragmentCommand.cpp.o
[294/962] Building CXX object src/web/http/client/commands/CMakeFiles/http-client-commands.dir/SendHeaderCommand.cpp.o
[295/962] Building CXX object src/web/http/client/commands/CMakeFiles/http-client-commands.dir/SendFileCommand.cpp.o
[296/962] Building CXX object src/web/http/client/commands/CMakeFiles/http-client-commands.dir/SseCommand.cpp.o
[297/962] Building CXX object src/web/http/client/commands/CMakeFiles/http-client-commands.dir/UpgradeCommand.cpp.o
[298/962] Linking CXX static library src/web/http/client/commands/libhttp-client-commands.a
[299/962] Linking CXX shared library snode.c/http/libsnodec-http-client.so.2.0.0
[300/962] Creating library symlink snode.c/http/libsnodec-http-client.so.2 snode.c/http/libsnodec-http-client.so
[301/962] Building CXX object src/web/websocket/CMakeFiles/websocket.dir/Receiver.cpp.o
[302/962] Building CXX object src/web/websocket/CMakeFiles/websocket.dir/SubProtocolContext.cpp.o
[303/962] Building CXX object src/web/websocket/CMakeFiles/websocket.dir/Transmitter.cpp.o
[304/962] Linking CXX shared library snode.c/http/upgrade/libsnodec-websocket.so.2.0.0
[305/962] Creating library symlink snode.c/http/upgrade/libsnodec-websocket.so.2 snode.c/http/upgrade/libsnodec-websocket.so
[306/962] Building CXX object src/web/websocket/server/CMakeFiles/websocket-server.dir/GroupsManager.cpp.o
[307/962] Building CXX object src/web/websocket/server/CMakeFiles/websocket-server.dir/SocketContextUpgradeFactory.cpp.o
[308/962] Building CXX object src/web/websocket/server/CMakeFiles/websocket-server.dir/SubProtocol.cpp.o
[309/962] Building CXX object src/web/websocket/server/CMakeFiles/websocket-server.dir/SocketContextUpgrade.cpp.o
[310/962] Building CXX object src/web/websocket/server/CMakeFiles/websocket-server.dir/SubProtocolFactorySelector.cpp.o
[311/962] Linking CXX shared library snode.c/http/upgrade/libsnodec-websocket-server.so.2.0.0
[312/962] Creating library symlink snode.c/http/upgrade/libsnodec-websocket-server.so.2 snode.c/http/upgrade/libsnodec-websocket-server.so
[313/962] Building CXX object src/web/websocket/client/CMakeFiles/websocket-client.dir/SocketContextUpgrade.cpp.o
[314/962] Building CXX object src/web/websocket/client/CMakeFiles/websocket-client.dir/SocketContextUpgradeFactory.cpp.o
[315/962] Building CXX object src/web/websocket/client/CMakeFiles/websocket-client.dir/SubProtocol.cpp.o
[316/962] Building CXX object src/express/CMakeFiles/http-server-express.dir/Controller.cpp.o
[317/962] Building CXX object src/express/CMakeFiles/http-server-express.dir/Dispatcher.cpp.o
[318/962] Building CXX object src/express/CMakeFiles/http-server-express.dir/MountPoint.cpp.o
[319/962] Building CXX object src/express/CMakeFiles/http-server-express.dir/Next.cpp.o
[320/962] Building CXX object src/web/websocket/client/CMakeFiles/websocket-client.dir/SubProtocolFactorySelector.cpp.o
[321/962] Linking CXX shared library snode.c/http/upgrade/libsnodec-websocket-client.so.2.0.0
[322/962] Creating library symlink snode.c/http/upgrade/libsnodec-websocket-client.so.2 snode.c/http/upgrade/libsnodec-websocket-client.so
[323/962] Building CXX object src/express/CMakeFiles/http-server-express.dir/Request.cpp.o
[324/962] Building CXX object src/express/CMakeFiles/http-server-express.dir/Route.cpp.o
[325/962] Building CXX object src/express/CMakeFiles/http-server-express.dir/Response.cpp.o
[326/962] Building CXX object src/express/CMakeFiles/http-server-express.dir/RootRoute.cpp.o
[327/962] Building CXX object src/express/CMakeFiles/http-server-express.dir/Router.cpp.o
[328/962] Building CXX object src/express/CMakeFiles/http-server-express.dir/WebApp.cpp.o
[329/962] Building CXX object src/express/CMakeFiles/http-server-express.dir/dispatcher/ApplicationDispatcher.cpp.o
[330/962] Building CXX object src/express/CMakeFiles/http-server-express.dir/dispatcher/MiddlewareDispatcher.cpp.o
[331/962] Building CXX object src/express/CMakeFiles/http-server-express.dir/dispatcher/regex_utils.cpp.o
[332/962] Building CXX object src/express/CMakeFiles/http-server-express.dir/middleware/BasicAuthentication.cpp.o
[333/962] Building CXX object src/express/CMakeFiles/http-server-express.dir/dispatcher/RouterDispatcher.cpp.o
[334/962] Building CXX object src/express/CMakeFiles/http-server-express.dir/middleware/VHost.cpp.o
[335/962] Building CXX object src/express/CMakeFiles/http-server-express.dir/middleware/StaticMiddleware.cpp.o
[336/962] Building CXX object src/express/CMakeFiles/http-server-express.dir/middleware/VerboseRequest.cpp.o
[337/962] Building CXX object src/express/CMakeFiles/http-server-express.dir/middleware/JsonMiddleware.cpp.o
[338/962] Linking CXX shared library snode.c/http/libsnodec-http-server-express.so.2.0.0
[339/962] Creating library symlink snode.c/http/libsnodec-http-server-express.so.2 snode.c/http/libsnodec-http-server-express.so
[340/962] Building CXX object src/express/legacy/in/CMakeFiles/http-server-express-legacy-in.dir/Server.cpp.o
[341/962] Linking CXX shared library snode.c/http/libsnodec-http-server-express-legacy-in.so.2.0.0
[342/962] Creating library symlink snode.c/http/libsnodec-http-server-express-legacy-in.so.2 snode.c/http/libsnodec-http-server-express-legacy-in.so
[343/962] Building CXX object src/express/legacy/in6/CMakeFiles/http-server-express-legacy-in6.dir/Server.cpp.o
[344/962] Linking CXX shared library snode.c/http/libsnodec-http-server-express-legacy-in6.so.2.0.0
[345/962] Creating library symlink snode.c/http/libsnodec-http-server-express-legacy-in6.so.2 snode.c/http/libsnodec-http-server-express-legacy-in6.so
[346/962] Building CXX object src/express/legacy/rc/CMakeFiles/http-server-express-legacy-rc.dir/Server.cpp.o
[347/962] Linking CXX shared library snode.c/http/libsnodec-http-server-express-legacy-rc.so.2.0.0
[348/962] Creating library symlink snode.c/http/libsnodec-http-server-express-legacy-rc.so.2 snode.c/http/libsnodec-http-server-express-legacy-rc.so
[349/962] Building CXX object src/express/legacy/un/CMakeFiles/http-server-express-legacy-un.dir/Server.cpp.o
[350/962] Linking CXX shared library snode.c/http/libsnodec-http-server-express-legacy-un.so.2.0.0
[351/962] Creating library symlink snode.c/http/libsnodec-http-server-express-legacy-un.so.2 snode.c/http/libsnodec-http-server-express-legacy-un.so
[352/962] Building CXX object src/express/tls/in/CMakeFiles/http-server-express-tls-in.dir/Server.cpp.o
[353/962] Linking CXX shared library snode.c/http/libsnodec-http-server-express-tls-in.so.2.0.0
[354/962] Creating library symlink snode.c/http/libsnodec-http-server-express-tls-in.so.2 snode.c/http/libsnodec-http-server-express-tls-in.so
[355/962] Building CXX object src/express/tls/in6/CMakeFiles/http-server-express-tls-in6.dir/Server.cpp.o
[356/962] Linking CXX shared library snode.c/http/libsnodec-http-server-express-tls-in6.so.2.0.0
[357/962] Creating library symlink snode.c/http/libsnodec-http-server-express-tls-in6.so.2 snode.c/http/libsnodec-http-server-express-tls-in6.so
[358/962] Building CXX object src/express/tls/rc/CMakeFiles/http-server-express-tls-rc.dir/Server.cpp.o
[359/962] Linking CXX shared library snode.c/http/libsnodec-http-server-express-tls-rc.so.2.0.0
[360/962] Creating library symlink snode.c/http/libsnodec-http-server-express-tls-rc.so.2 snode.c/http/libsnodec-http-server-express-tls-rc.so
[361/962] Building CXX object src/database/mariadb/CMakeFiles/db-mariadb.dir/MariaDBClient.cpp.o
[362/962] Building CXX object src/database/mariadb/CMakeFiles/db-mariadb.dir/MariaDBClientASyncAPI.cpp.o
[363/962] Building CXX object src/express/tls/un/CMakeFiles/http-server-express-tls-un.dir/Server.cpp.o
[364/962] Building CXX object src/database/mariadb/CMakeFiles/db-mariadb.dir/MariaDBClientSyncAPI.cpp.o
[365/962] Linking CXX shared library snode.c/http/libsnodec-http-server-express-tls-un.so.2.0.0
[366/962] Creating library symlink snode.c/http/libsnodec-http-server-express-tls-un.so.2 snode.c/http/libsnodec-http-server-express-tls-un.so
[367/962] Building CXX object src/database/mariadb/CMakeFiles/db-mariadb.dir/MariaDBCommand.cpp.o
[368/962] Building CXX object src/database/mariadb/CMakeFiles/db-mariadb.dir/MariaDBCommandASync.cpp.o
[369/962] Building CXX object src/database/mariadb/CMakeFiles/db-mariadb.dir/MariaDBCommandSync.cpp.o
[370/962] Building CXX object src/database/mariadb/CMakeFiles/db-mariadb.dir/MariaDBCommandSequence.cpp.o
[371/962] Building CXX object src/database/mariadb/CMakeFiles/db-mariadb.dir/MariaDBLibrary.cpp.o
[372/962] Building CXX object src/database/mariadb/CMakeFiles/db-mariadb.dir/MariaDBConnection.cpp.o
[373/962] Building CXX object src/database/mariadb/CMakeFiles/db-mariadb.dir/commands/sync/MariaDBAffectedRowsCommand.cpp.o
[374/962] Building CXX object src/database/mariadb/CMakeFiles/db-mariadb.dir/commands/sync/MariaDBFieldCountCommand.cpp.o
[375/962] Building CXX object src/database/mariadb/CMakeFiles/db-mariadb.dir/commands/sync/MariaDBUseResultCommand.cpp.o
[376/962] Building CXX object src/database/mariadb/CMakeFiles/db-mariadb.dir/commands/async/MariaDBAutoCommitCommand.cpp.o
[377/962] Building CXX object src/database/mariadb/CMakeFiles/db-mariadb.dir/commands/async/MariaDBCommitCommand.cpp.o
[378/962] Building CXX object src/database/mariadb/CMakeFiles/db-mariadb.dir/commands/async/MariaDBExecCommand.cpp.o
[379/962] Building CXX object src/database/mariadb/CMakeFiles/db-mariadb.dir/commands/async/MariaDBConnectCommand.cpp.o
[380/962] Building CXX object src/database/mariadb/CMakeFiles/db-mariadb.dir/commands/async/MariaDBFetchRowCommand.cpp.o
[381/962] Building CXX object src/database/mariadb/CMakeFiles/db-mariadb.dir/commands/async/MariaDBFreeResultCommand.cpp.o
[382/962] Building CXX object src/database/mariadb/CMakeFiles/db-mariadb.dir/commands/async/MariaDBRollbackCommand.cpp.o
[383/962] Building CXX object src/database/mariadb/CMakeFiles/db-mariadb.dir/commands/async/MariaDBQueryCommand.cpp.o
[384/962] Linking CXX shared library src/database/mariadb/libsnodec-db-mariadb.so.2.0.0
[385/962] Creating library symlink src/database/mariadb/libsnodec-db-mariadb.so.2 src/database/mariadb/libsnodec-db-mariadb.so
[386/962] Building CXX object src/iot/mqtt/CMakeFiles/mqtt.dir/ControlPacketDeserializer.cpp.o
[387/962] Building CXX object src/iot/mqtt/CMakeFiles/mqtt.dir/ControlPacket.cpp.o
[388/962] Building CXX object src/iot/mqtt/CMakeFiles/mqtt.dir/FixedHeader.cpp.o
[389/962] Building CXX object src/iot/mqtt/CMakeFiles/mqtt.dir/MqttContext.cpp.o
[390/962] Building CXX object src/iot/mqtt/CMakeFiles/mqtt.dir/Mqtt.cpp.o
[391/962] Building CXX object src/iot/mqtt/CMakeFiles/mqtt.dir/SocketContext.cpp.o
[392/962] Building CXX object src/iot/mqtt/CMakeFiles/mqtt.dir/SubProtocol.cpp.o
[393/962] Building CXX object src/iot/mqtt/CMakeFiles/mqtt.dir/Topic.cpp.o
[394/962] Building CXX object src/iot/mqtt/CMakeFiles/mqtt.dir/Session.cpp.o
[395/962] Building CXX object src/iot/mqtt/packets/CMakeFiles/mqtt-packets.dir/Connect.cpp.o
[396/962] Building CXX object src/iot/mqtt/packets/CMakeFiles/mqtt-packets.dir/Connack.cpp.o
[397/962] Building CXX object src/iot/mqtt/packets/CMakeFiles/mqtt-packets.dir/Disconnect.cpp.o
[398/962] Building CXX object src/iot/mqtt/packets/CMakeFiles/mqtt-packets.dir/Pingreq.cpp.o
[399/962] Building CXX object src/iot/mqtt/packets/CMakeFiles/mqtt-packets.dir/Pingresp.cpp.o
[400/962] Building CXX object src/iot/mqtt/packets/CMakeFiles/mqtt-packets.dir/Publish.cpp.o
[401/962] Building CXX object src/iot/mqtt/packets/CMakeFiles/mqtt-packets.dir/Puback.cpp.o
[402/962] Building CXX object src/iot/mqtt/packets/CMakeFiles/mqtt-packets.dir/Pubcomp.cpp.o
[403/962] Building CXX object src/iot/mqtt/packets/CMakeFiles/mqtt-packets.dir/Pubrec.cpp.o
[404/962] Building CXX object src/iot/mqtt/packets/CMakeFiles/mqtt-packets.dir/Pubrel.cpp.o
[405/962] Building CXX object src/iot/mqtt/packets/CMakeFiles/mqtt-packets.dir/Subscribe.cpp.o
[406/962] Building CXX object src/iot/mqtt/packets/CMakeFiles/mqtt-packets.dir/Suback.cpp.o
[407/962] Building CXX object src/iot/mqtt/packets/CMakeFiles/mqtt-packets.dir/Unsubscribe.cpp.o
[408/962] Building CXX object src/iot/mqtt/packets/CMakeFiles/mqtt-packets.dir/Unsuback.cpp.o
[409/962] Building CXX object src/iot/mqtt/types/CMakeFiles/mqtt-types.dir/StringRaw.cpp.o
[410/962] Building CXX object src/iot/mqtt/types/CMakeFiles/mqtt-types.dir/String.cpp.o
[411/962] Building CXX object src/iot/mqtt/types/CMakeFiles/mqtt-types.dir/UInt16.cpp.o
[412/962] Building CXX object src/iot/mqtt/types/CMakeFiles/mqtt-types.dir/UInt32.cpp.o
[413/962] Building CXX object src/iot/mqtt/types/CMakeFiles/mqtt-types.dir/UInt8.cpp.o
[414/962] Building CXX object src/iot/mqtt/types/CMakeFiles/mqtt-types.dir/UIntV.cpp.o
[415/962] Linking CXX static library src/iot/mqtt/types/libmqtt-types.a
[416/962] Linking CXX static library src/iot/mqtt/packets/libmqtt-packets.a
[417/962] Linking CXX shared library src/iot/mqtt/libsnodec-mqtt.so.2.0.0
[418/962] Creating library symlink src/iot/mqtt/libsnodec-mqtt.so.2 src/iot/mqtt/libsnodec-mqtt.so
[419/962] Building CXX object src/iot/mqtt/server/CMakeFiles/mqtt-server.dir/ControlPacketDeserializer.cpp.o
[420/962] Building CXX object src/iot/mqtt/server/CMakeFiles/mqtt-server.dir/Mqtt.cpp.o
[421/962] Building CXX object src/iot/mqtt/server/CMakeFiles/mqtt-server.dir/SharedSocketContextFactory.cpp.o
[422/962] Building CXX object src/iot/mqtt/server/CMakeFiles/mqtt-server.dir/SocketContextFactory.cpp.o
[423/962] Building CXX object src/iot/mqtt/server/CMakeFiles/mqtt-server-websocket.dir/SubProtocol.cpp.o
[424/962] Building CXX object src/iot/mqtt/server/packets/CMakeFiles/mqtt-server-packets.dir/Connect.cpp.o
[425/962] Building CXX object src/iot/mqtt/server/packets/CMakeFiles/mqtt-server-packets.dir/Disconnect.cpp.o
[426/962] Building CXX object src/iot/mqtt/server/packets/CMakeFiles/mqtt-server-packets.dir/Pingreq.cpp.o
[427/962] Building CXX object src/iot/mqtt/server/packets/CMakeFiles/mqtt-server-packets.dir/Publish.cpp.o
[428/962] Building CXX object src/iot/mqtt/server/packets/CMakeFiles/mqtt-server-packets.dir/Puback.cpp.o
[429/962] Building CXX object src/iot/mqtt/server/packets/CMakeFiles/mqtt-server-packets.dir/Pubcomp.cpp.o
[430/962] Building CXX object src/iot/mqtt/server/packets/CMakeFiles/mqtt-server-packets.dir/Pubrec.cpp.o
[431/962] Building CXX object src/iot/mqtt/server/packets/CMakeFiles/mqtt-server-packets.dir/Pubrel.cpp.o
[432/962] Building CXX object src/iot/mqtt/server/packets/CMakeFiles/mqtt-server-packets.dir/Subscribe.cpp.o
[433/962] Building CXX object src/iot/mqtt/server/packets/CMakeFiles/mqtt-server-packets.dir/Unsubscribe.cpp.o
[434/962] Linking CXX static library src/iot/mqtt/server/packets/libmqtt-server-packets.a
[435/962] Building CXX object src/iot/mqtt/server/broker/CMakeFiles/mqtt-broker.dir/Message.cpp.o
[436/962] Building CXX object src/iot/mqtt/server/broker/CMakeFiles/mqtt-broker.dir/Broker.cpp.o
[437/962] Building CXX object src/iot/mqtt/server/broker/CMakeFiles/mqtt-broker.dir/Session.cpp.o
[438/962] Building CXX object src/iot/mqtt/server/broker/CMakeFiles/mqtt-broker.dir/SubscriptionTree.cpp.o
[439/962] Building CXX object src/iot/mqtt/client/CMakeFiles/mqtt-client.dir/ControlPacketDeserializer.cpp.o
[440/962] Building CXX object src/iot/mqtt/server/broker/CMakeFiles/mqtt-broker.dir/RetainTree.cpp.o
[441/962] Linking CXX static library src/iot/mqtt/server/broker/libmqtt-broker.a
[442/962] Linking CXX shared library src/iot/mqtt/server/libsnodec-mqtt-server.so.2.0.0
[443/962] Creating library symlink src/iot/mqtt/server/libsnodec-mqtt-server.so.2 src/iot/mqtt/server/libsnodec-mqtt-server.so
[444/962] Linking CXX shared library src/iot/mqtt/server/libsnodec-mqtt-server-websocket.so.2.0.0
[445/962] Creating library symlink src/iot/mqtt/server/libsnodec-mqtt-server-websocket.so.2 src/iot/mqtt/server/libsnodec-mqtt-server-websocket.so
[446/962] Building CXX object src/iot/mqtt/client/CMakeFiles/mqtt-client-websocket.dir/SubProtocol.cpp.o
[447/962] Building CXX object src/iot/mqtt/client/CMakeFiles/mqtt-client.dir/Mqtt.cpp.o
[448/962] Building CXX object src/iot/mqtt/client/packets/CMakeFiles/mqtt-client-packets.dir/Connack.cpp.o
[449/962] Building CXX object src/iot/mqtt/client/packets/CMakeFiles/mqtt-client-packets.dir/Pingresp.cpp.o
[450/962] Building CXX object src/iot/mqtt/client/packets/CMakeFiles/mqtt-client-packets.dir/Publish.cpp.o
[451/962] Building CXX object src/iot/mqtt/client/packets/CMakeFiles/mqtt-client-packets.dir/Puback.cpp.o
[452/962] Building CXX object src/iot/mqtt/client/packets/CMakeFiles/mqtt-client-packets.dir/Pubcomp.cpp.o
[453/962] Building CXX object src/iot/mqtt/client/packets/CMakeFiles/mqtt-client-packets.dir/Pubrec.cpp.o
[454/962] Building CXX object src/iot/mqtt/client/packets/CMakeFiles/mqtt-client-packets.dir/Pubrel.cpp.o
[455/962] Building CXX object src/iot/mqtt/client/packets/CMakeFiles/mqtt-client-packets.dir/Suback.cpp.o
[456/962] Building CXX object src/iot/mqtt/client/packets/CMakeFiles/mqtt-client-packets.dir/Unsuback.cpp.o
[457/962] Linking CXX static library src/iot/mqtt/client/packets/libmqtt-client-packets.a
[458/962] Linking CXX shared library src/iot/mqtt/client/libsnodec-mqtt-client.so.2.0.0
[459/962] Creating library symlink src/iot/mqtt/client/libsnodec-mqtt-client.so.2 src/iot/mqtt/client/libsnodec-mqtt-client.so
[460/962] Linking CXX shared library src/iot/mqtt/client/libsnodec-mqtt-client-websocket.so.2.0.0
[461/962] Creating library symlink src/iot/mqtt/client/libsnodec-mqtt-client-websocket.so.2 src/iot/mqtt/client/libsnodec-mqtt-client-websocket.so
[462/962] Building CXX object src/apps/CMakeFiles/snode.c.dir/main.cpp.o
[463/962] Linking CXX executable src/apps/snode.c
[464/962] Building CXX object src/apps/CMakeFiles/express-compat-server.dir/express_compat_server.cpp.o
[465/962] Linking CXX executable src/apps/express-compat-server
[466/962] Building CXX object src/apps/CMakeFiles/testpost.dir/testpost.cpp.o
[467/962] Linking CXX executable src/apps/testpost
[468/962] Building CXX object src/apps/CMakeFiles/jsonserver.dir/jsonserver.cpp.o
[469/962] Linking CXX executable src/apps/jsonserver
[470/962] Building CXX object src/apps/CMakeFiles/jsonclient.dir/jsonclient.cpp.o
[471/962] Linking CXX executable src/apps/jsonclient
[472/962] Building CXX object src/apps/CMakeFiles/testregex.dir/testregex.cpp.o
[473/962] Linking CXX executable src/apps/testregex
[474/962] Building CXX object src/apps/CMakeFiles/testpipe.dir/testpipe.cpp.o
[475/962] Linking CXX executable src/apps/testpipe
[476/962] Building CXX object src/apps/CMakeFiles/warema-jalousien.dir/warema-jalousien.cpp.o
[477/962] Linking CXX executable src/apps/warema-jalousien
[478/962] Building CXX object src/apps/CMakeFiles/configtest.dir/configtest.cpp.o
[479/962] Linking CXX executable src/apps/configtest
[480/962] Building CXX object src/apps/database/CMakeFiles/testmariadb.dir/testmariadb.cpp.o
[481/962] Linking CXX executable src/apps/database/testmariadb
[482/962] Building CXX object src/apps/echo/CMakeFiles/echoclient-legacy-in.dir/echoclient.cpp.o
[483/962] Building CXX object src/apps/echo/CMakeFiles/echoserver-legacy-in.dir/echoserver.cpp.o
[484/962] Building CXX object src/apps/echo/CMakeFiles/echoclient-tls-in.dir/echoclient.cpp.o
[485/962] Building CXX object src/apps/echo/CMakeFiles/echoserver-tls-in.dir/echoserver.cpp.o
[486/962] Building CXX object src/apps/echo/CMakeFiles/echoclient-legacy-in6.dir/echoclient.cpp.o
[487/962] Building CXX object src/apps/echo/CMakeFiles/echoserver-legacy-in6.dir/echoserver.cpp.o
[488/962] Building CXX object src/apps/echo/CMakeFiles/echoclient-tls-in6.dir/echoclient.cpp.o
[489/962] Building CXX object src/apps/echo/CMakeFiles/echoserver-tls-in6.dir/echoserver.cpp.o
[490/962] Building CXX object src/apps/echo/CMakeFiles/echoclient-legacy-un.dir/echoclient.cpp.o
[491/962] Building CXX object src/apps/echo/CMakeFiles/echoserver-legacy-un.dir/echoserver.cpp.o
[492/962] Building CXX object src/apps/echo/CMakeFiles/echoclient-tls-un.dir/echoclient.cpp.o
[493/962] Building CXX object src/apps/echo/CMakeFiles/echoserver-tls-un.dir/echoserver.cpp.o
[494/962] Building CXX object src/apps/echo/CMakeFiles/echoclient-legacy-l2.dir/echoclient.cpp.o
[495/962] Building CXX object src/apps/echo/CMakeFiles/echoserver-legacy-l2.dir/echoserver.cpp.o
[496/962] Building CXX object src/apps/echo/CMakeFiles/echoclient-tls-l2.dir/echoclient.cpp.o
[497/962] Building CXX object src/apps/echo/CMakeFiles/echoserver-tls-l2.dir/echoserver.cpp.o
[498/962] Building CXX object src/apps/echo/CMakeFiles/echoclient-legacy-rc.dir/echoclient.cpp.o
[499/962] Building CXX object src/apps/echo/CMakeFiles/echoserver-legacy-rc.dir/echoserver.cpp.o
[500/962] Building CXX object src/apps/echo/CMakeFiles/echoclient-tls-rc.dir/echoclient.cpp.o
[501/962] Building CXX object src/apps/echo/model/CMakeFiles/echosocketcontext.dir/EchoSocketContext.cpp.o
[502/962] Linking CXX static library src/apps/echo/model/libechosocketcontext.a
[503/962] Linking CXX executable src/apps/echo/echoclient-legacy-in
[504/962] Linking CXX executable src/apps/echo/echoserver-legacy-in
[505/962] Linking CXX executable src/apps/echo/echoclient-tls-in
[506/962] Linking CXX executable src/apps/echo/echoserver-tls-in
[507/962] Linking CXX executable src/apps/echo/echoclient-legacy-in6
[508/962] Building CXX object src/apps/echo/CMakeFiles/echoserver-tls-rc.dir/echoserver.cpp.o
[509/962] Linking CXX executable src/apps/echo/echoserver-legacy-in6
[510/962] Linking CXX executable src/apps/echo/echoclient-tls-in6
[511/962] Linking CXX executable src/apps/echo/echoserver-tls-in6
[512/962] Linking CXX executable src/apps/echo/echoclient-legacy-un
[513/962] Linking CXX executable src/apps/echo/echoserver-legacy-un
[514/962] Linking CXX executable src/apps/echo/echoclient-tls-un
[515/962] Linking CXX executable src/apps/echo/echoserver-tls-un
[516/962] Linking CXX executable src/apps/echo/echoclient-legacy-l2
[517/962] Linking CXX executable src/apps/echo/echoserver-legacy-l2
[518/962] Linking CXX executable src/apps/echo/echoserver-tls-l2
[519/962] Linking CXX executable src/apps/echo/echoclient-tls-l2
[520/962] Linking CXX executable src/apps/echo/echoclient-legacy-rc
[521/962] Linking CXX executable src/apps/echo/echoserver-legacy-rc
[522/962] Linking CXX executable src/apps/echo/echoclient-tls-rc
[523/962] Linking CXX executable src/apps/echo/echoserver-tls-rc
[524/962] Building CXX object src/apps/http/CMakeFiles/httpserver-legacy-in.dir/ConfigWWW.cpp.o
[525/962] Building CXX object src/apps/http/CMakeFiles/httpserver-legacy-in.dir/httpserver.cpp.o
[526/962] Linking CXX executable src/apps/http/httpserver-legacy-in
[527/962] Building CXX object src/apps/http/CMakeFiles/httpserver-tls-in.dir/httpserver.cpp.o
[528/962] Building CXX object src/apps/http/CMakeFiles/httpclient-legacy-in.dir/httpclient.cpp.o
[529/962] Linking CXX executable src/apps/http/httpclient-legacy-in
[530/962] Building CXX object src/apps/http/CMakeFiles/httpserver-tls-in.dir/ConfigWWW.cpp.o
[531/962] Linking CXX executable src/apps/http/httpserver-tls-in
[532/962] Building CXX object src/apps/http/CMakeFiles/httpclient-tls-in.dir/httpclient.cpp.o
[533/962] Linking CXX executable src/apps/http/httpclient-tls-in
[534/962] Building CXX object src/apps/http/CMakeFiles/httpserver-legacy-in6.dir/httpserver.cpp.o
[535/962] Building CXX object src/apps/http/CMakeFiles/httpserver-legacy-in6.dir/ConfigWWW.cpp.o
[536/962] Linking CXX executable src/apps/http/httpserver-legacy-in6
[537/962] Building CXX object src/apps/http/CMakeFiles/httpclient-legacy-in6.dir/httpclient.cpp.o
[538/962] Linking CXX executable src/apps/http/httpclient-legacy-in6
[539/962] Building CXX object src/apps/http/CMakeFiles/httpserver-tls-in6.dir/httpserver.cpp.o
[540/962] Building CXX object src/apps/http/CMakeFiles/httpserver-tls-in6.dir/ConfigWWW.cpp.o
[541/962] Linking CXX executable src/apps/http/httpserver-tls-in6
[542/962] Building CXX object src/apps/http/CMakeFiles/httpclient-tls-in6.dir/httpclient.cpp.o
[543/962] Linking CXX executable src/apps/http/httpclient-tls-in6
[544/962] Building CXX object src/apps/http/CMakeFiles/httpserver-legacy-un.dir/httpserver.cpp.o
[545/962] Building CXX object src/apps/http/CMakeFiles/httpserver-legacy-un.dir/ConfigWWW.cpp.o
[546/962] Linking CXX executable src/apps/http/httpserver-legacy-un
[547/962] Building CXX object src/apps/http/CMakeFiles/httpclient-legacy-un.dir/httpclient.cpp.o
[548/962] Building CXX object src/apps/http/CMakeFiles/httpserver-tls-un.dir/httpserver.cpp.o
[549/962] Linking CXX executable src/apps/http/httpclient-legacy-un
[550/962] Building CXX object src/apps/http/CMakeFiles/httpserver-tls-un.dir/ConfigWWW.cpp.o
[551/962] Linking CXX executable src/apps/http/httpserver-tls-un
[552/962] Building CXX object src/apps/http/CMakeFiles/httpclient-tls-un.dir/httpclient.cpp.o
[553/962] Linking CXX executable src/apps/http/httpclient-tls-un
[554/962] Building CXX object src/apps/http/CMakeFiles/httpserver-legacy-rc.dir/httpserver.cpp.o
[555/962] Building CXX object src/apps/http/CMakeFiles/httpserver-legacy-rc.dir/ConfigWWW.cpp.o
[556/962] Linking CXX executable src/apps/http/httpserver-legacy-rc
[557/962] Building CXX object src/apps/http/CMakeFiles/httpserver-tls-rc.dir/httpserver.cpp.o
[558/962] Building CXX object src/apps/http/CMakeFiles/httpclient-legacy-rc.dir/httpclient.cpp.o
[559/962] Linking CXX executable src/apps/http/httpclient-legacy-rc
[560/962] Building CXX object src/apps/http/CMakeFiles/httpserver-tls-rc.dir/ConfigWWW.cpp.o
[561/962] Linking CXX executable src/apps/http/httpserver-tls-rc
[562/962] Building CXX object src/apps/http/CMakeFiles/httpclient-tls-rc.dir/httpclient.cpp.o
[563/962] Linking CXX executable src/apps/http/httpclient-tls-rc
[564/962] Building CXX object src/apps/http/CMakeFiles/httplowlevelclient.dir/httplowlevelclient.cpp.o
[565/962] Linking CXX executable src/apps/http/httplowlevelclient
[566/962] Building CXX object src/apps/http/CMakeFiles/verysimpleserver.dir/ConfigWWW.cpp.o
[567/962] Building CXX object src/apps/http/CMakeFiles/verysimpleserver.dir/verysimpleserver.cpp.o
[568/962] Linking CXX executable src/apps/http/verysimpleserver
[569/962] Building CXX object src/apps/http/CMakeFiles/vhostserver.dir/ConfigWWW.cpp.o
[570/962] Building CXX object src/apps/http/CMakeFiles/vhostserver.dir/vhostserver.cpp.o
[571/962] Linking CXX executable src/apps/http/vhostserver
[572/962] Building CXX object src/apps/http/CMakeFiles/testbasicauthentication.dir/ConfigWWW.cpp.o
[573/962] Building CXX object src/apps/http/CMakeFiles/testbasicauthentication.dir/testbasicauthentication.cpp.o
[574/962] Linking CXX executable src/apps/http/testbasicauthentication
[575/962] Building CXX object src/apps/http/CMakeFiles/testexpressnext.dir/testexpressnext.cpp.o
[576/962] Linking CXX executable src/apps/http/testexpressnext
[577/962] Building CXX object src/apps/oauth2/authorization_server/CMakeFiles/authorization_server.dir/AuthorizationServer.cpp.o
[578/962] Linking CXX executable src/apps/oauth2/authorization_server/authorization_server
[579/962] Building CXX object src/apps/oauth2/client_app/CMakeFiles/client_app.dir/ClientApp.cpp.o
[580/962] Linking CXX executable src/apps/oauth2/client_app/client_app
[581/962] Building CXX object src/apps/tlslegacy/CMakeFiles/tlslegacysocketcontext.dir/TlsLegacySocketContext.cpp.o
[582/962] Linking CXX static library src/apps/tlslegacy/libtlslegacysocketcontext.a
[583/962] Building CXX object src/apps/oauth2/resource_server/CMakeFiles/resource_server.dir/ResourceServer.cpp.o
[584/962] Linking CXX executable src/apps/oauth2/resource_server/resource_server
[585/962] Building CXX object src/apps/tlslegacy/CMakeFiles/tlslegacyserver.dir/tlslegacyserver.cpp.o
[586/962] Linking CXX executable src/apps/tlslegacy/tlslegacyserver
[587/962] Building CXX object src/apps/towercalculator/CMakeFiles/towerCalculation.dir/towerCalculation.cpp.o
[588/962] Building CXX object src/apps/towercalculator/CMakeFiles/towerCalculation.dir/KeyboardReader.cpp.o
[589/962] Building CXX object src/apps/towercalculator/CMakeFiles/towerCalculation.dir/TowerCalculator.cpp.o
[590/962] Linking CXX executable src/apps/towercalculator/towerCalculation
[591/962] Building CXX object src/apps/tlslegacy/CMakeFiles/tlslegacyclient.dir/tlslegacyclient.cpp.o
[592/962] Linking CXX executable src/apps/tlslegacy/tlslegacyclient
[593/962] Building CXX object src/apps/websocket/CMakeFiles/wsechoserver.dir/echoserver.cpp.o
[594/962] Linking CXX executable src/apps/websocket/wsechoserver
[595/962] Building CXX object src/apps/websocket/subprotocol/server/echo/CMakeFiles/websocket-echo-server.dir/Echo.cpp.o
[596/962] Building CXX object src/apps/websocket/subprotocol/server/echo/CMakeFiles/websocket-echo-server.dir/EchoFactory.cpp.o
[597/962] Building CXX object src/apps/websocket/CMakeFiles/wsechoclient.dir/echoclient.cpp.o
[598/962] Linking CXX shared library snode.c/http/upgrade/websocket/libsnodec-websocket-echo-server.so.2.0.0
[599/962] Creating library symlink snode.c/http/upgrade/websocket/libsnodec-websocket-echo-server.so.2 snode.c/http/upgrade/websocket/libsnodec-websocket-echo-server.so
[600/962] Linking CXX executable src/apps/websocket/wsechoclient
[601/962] Building CXX object src/apps/websocket/subprotocol/client/echo/CMakeFiles/websocket-echo-client.dir/EchoFactory.cpp.o
[602/962] Building CXX object src/apps/websocket/subprotocol/client/echo/CMakeFiles/websocket-echo-client.dir/Echo.cpp.o
[603/962] Linking CXX shared library snode.c/http/upgrade/websocket/libsnodec-websocket-echo-client.so.2.0.0
[604/962] Creating library symlink snode.c/http/upgrade/websocket/libsnodec-websocket-echo-client.so.2 snode.c/http/upgrade/websocket/libsnodec-websocket-echo-client.so
[605/962] Building CXX object src/tools/snodec-control/src/CMakeFiles/snodec-control-core.dir/CommandBuilder.cpp.o
[606/962] Building CXX object src/tools/snodec-control/src/CMakeFiles/snodec-control-core.dir/ConfigEditor.cpp.o
[607/962] Building CXX object src/tools/snodec-control/src/CMakeFiles/snodec-control-core.dir/ConfigActions.cpp.o
[608/962] Building CXX object src/tools/snodec-control/src/CMakeFiles/snodec-control-core.dir/ConfigModel.cpp.o
[609/962] Building CXX object src/tools/snodec-control/src/CMakeFiles/snodec-control-core.dir/Json.cpp.o
[610/962] Building CXX object src/tools/snodec-control/src/CMakeFiles/snodec-control-core.dir/JsonWriter.cpp.o
[611/962] Building CXX object src/tools/snodec-control/src/CMakeFiles/snodec-control-core.dir/Materializer.cpp.o
[612/962] Building CXX object src/tools/snodec-control/src/CMakeFiles/snodec-control-core.dir/ConfigParser.cpp.o
[613/962] Building CXX object src/tools/snodec-control/src/CMakeFiles/snodec-control-core.dir/ProcessRunner.cpp.o
[614/962] Building CXX object src/tools/snodec-control/src/CMakeFiles/snodec-control-core.dir/Metadata.cpp.o
[615/962] Linking CXX static library src/tools/snodec-control/src/libsnodec-control-core.a
[616/962] Building CXX object src/tools/snodec-control/src/CMakeFiles/snodec-control-ui-logic.dir/ui/UiState.cpp.o
[617/962] Building CXX object src/tools/snodec-control/src/CMakeFiles/snodec-control-ui-logic.dir/ui/LineEditor.cpp.o
[618/962] Building CXX object src/tools/snodec-control/src/CMakeFiles/snodec-control-ui-logic.dir/ui/UiTree.cpp.o
[619/962] Building CXX object src/tools/snodec-control/src/CMakeFiles/snodec-control-ui-logic.dir/ui/RenderUtil.cpp.o
[620/962] Linking CXX static library src/tools/snodec-control/src/libsnodec-control-ui-logic.a
[621/962] Building CXX object src/tools/snodec-control/src/CMakeFiles/snodec-control.dir/main.cpp.o
[622/962] Building CXX object src/tools/snodec-control/src/CMakeFiles/snodec-control-ui.dir/ui/CursesUi.cpp.o
[623/962] Linking CXX static library src/tools/snodec-control/src/libsnodec-control-ui.a
[624/962] Building CXX object src/tools/snodec-control/src/CMakeFiles/snodec-control.dir/Cli.cpp.o
[625/962] Building CXX object src/tools/snodec-control/src/CMakeFiles/snodec-control.dir/ArgTokenizer.cpp.o
[626/962] Building CXX object tests/support/CMakeFiles/snodec-test-support.dir/TestResult.cpp.o
[627/962] Linking CXX executable src/tools/snodec-control/src/snodec-control
[628/962] Linking CXX static library tests/support/libsnodec-test-support.a
[629/962] Building CXX object tests/unit/core/CMakeFiles/SNodeCInitFreeSmokeTest.dir/SNodeCInitFreeSmokeTest.cpp.o
[630/962] Linking CXX executable tests/unit/core/SNodeCInitFreeSmokeTest
[631/962] Building CXX object tests/unit/core/CMakeFiles/TLSResultClassificationTest.dir/TLSResultClassificationTest.cpp.o
[632/962] Linking CXX executable tests/unit/core/TLSResultClassificationTest
[633/962] Building CXX object tests/unit/core/CMakeFiles/SNodeCAsyncLogDrainTest.dir/SNodeCAsyncLogDrainTest.cpp.o
[634/962] Linking CXX executable tests/unit/core/SNodeCAsyncLogDrainTest
[635/962] Building CXX object tests/unit/core/CMakeFiles/TLSIoFatalPathTest.dir/TLSIoFatalPathTest.cpp.o
[636/962] Linking CXX executable tests/unit/core/TLSIoFatalPathTest
[637/962] Building CXX object tests/unit/core/CMakeFiles/TLSLifecycleHelperOwnershipTest.dir/TLSLifecycleHelperOwnershipTest.cpp.o
[638/962] Linking CXX executable tests/unit/core/TLSLifecycleHelperOwnershipTest
[639/962] Building CXX object tests/unit/core/CMakeFiles/TLSLifecycleAbiSourceCompatibilityTest.dir/TLSLifecycleAbiSourceCompatibilityTest.cpp.o
[640/962] Linking CXX executable tests/unit/core/TLSLifecycleAbiSourceCompatibilityTest
[641/962] Building CXX object tests/unit/core/CMakeFiles/TLSTransportStateMachineTest.dir/TLSTransportStateMachineTest.cpp.o
/workspace/external/snode.c/tests/unit/core/TLSTransportStateMachineTest.cpp: In function ‘EVP_PKEY* {anonymous}::makeKey()’:
/workspace/external/snode.c/tests/unit/core/TLSTransportStateMachineTest.cpp:260:27: warning: ‘RSA* RSA_new()’ is deprecated: Since OpenSSL 3.0 [-Wdeprecated-declarations]
  260 |         RSA* rsa = RSA_new();
      |                    ~~~~~~~^~
In file included from /usr/include/openssl/x509.h:36,
                 from /usr/include/openssl/ssl.h:31,
                 from /workspace/external/snode.c/src/core/socket/stream/tls/SocketConnection.hpp:57,
                 from /workspace/external/snode.c/tests/unit/core/TLSTransportStateMachineTest.cpp:6:
/usr/include/openssl/rsa.h:206:28: note: declared here
  206 | OSSL_DEPRECATEDIN_3_0 RSA *RSA_new(void);
      |                            ^~~~~~~
/workspace/external/snode.c/tests/unit/core/TLSTransportStateMachineTest.cpp:263:28: warning: ‘int RSA_generate_key_ex(RSA*, int, BIGNUM*, BN_GENCB*)’ is deprecated: Since OpenSSL 3.0 [-Wdeprecated-declarations]
  263 |         RSA_generate_key_ex(rsa, 2048, e, nullptr);
      |         ~~~~~~~~~~~~~~~~~~~^~~~~~~~~~~~~~~~~~~~~~~
/usr/include/openssl/rsa.h:265:27: note: declared here
  265 | OSSL_DEPRECATEDIN_3_0 int RSA_generate_key_ex(RSA *rsa, int bits, BIGNUM *e,
      |                           ^~~~~~~~~~~~~~~~~~~
[642/962] Linking CXX executable tests/unit/core/TLSTransportStateMachineTest
[643/962] Building CXX object tests/unit/core/CMakeFiles/StreamFrameworkShutdownTest.dir/StreamFrameworkShutdownTest.cpp.o
[644/962] Linking CXX executable tests/unit/core/StreamFrameworkShutdownTest
[645/962] Building CXX object tests/unit/core/CMakeFiles/SocketContextLifecycleTest.dir/SocketContextLifecycleTest.cpp.o
[646/962] Linking CXX executable tests/unit/core/SocketContextLifecycleTest
[647/962] Building CXX object tests/unit/core/CMakeFiles/SocketWriterResourcePolicyTest.dir/SocketWriterResourcePolicyTest.cpp.o
[648/962] Linking CXX executable tests/unit/core/SocketWriterResourcePolicyTest
[649/962] Building CXX object tests/unit/core/CMakeFiles/ListenerLifecycleTest.dir/ListenerLifecycleTest.cpp.o
[650/962] Linking CXX executable tests/unit/core/ListenerLifecycleTest
[651/962] Building CXX object tests/unit/core/CMakeFiles/EndpointLifetimeCountersTest.dir/EndpointLifetimeCountersTest.cpp.o
[652/962] Linking CXX executable tests/unit/core/EndpointLifetimeCountersTest
[653/962] Building CXX object tests/unit/core/CMakeFiles/TlsOpenSslLoggingTest.dir/TlsOpenSslLoggingTest.cpp.o
[654/962] Linking CXX executable tests/unit/core/TlsOpenSslLoggingTest
[655/962] Building CXX object tests/unit/core/CMakeFiles/ConnectionAttemptLifecycleTest.dir/ConnectionAttemptLifecycleTest.cpp.o
[656/962] Linking CXX executable tests/unit/core/ConnectionAttemptLifecycleTest
[657/962] Building CXX object tests/unit/net/CMakeFiles/InetSocketAddressTest.dir/InetSocketAddressTest.cpp.o
[658/962] Linking CXX executable tests/unit/net/InetSocketAddressTest
[659/962] Building CXX object tests/unit/net/CMakeFiles/InetSocketAddressNativeTest.dir/InetSocketAddressNativeTest.cpp.o
[660/962] Linking CXX executable tests/unit/net/InetSocketAddressNativeTest
[661/962] Building CXX object tests/unit/net/CMakeFiles/Inet6SocketAddressTest.dir/Inet6SocketAddressTest.cpp.o
[662/962] Linking CXX executable tests/unit/net/Inet6SocketAddressTest
[663/962] Building CXX object tests/unit/net/CMakeFiles/Inet6SocketAddressNativeTest.dir/Inet6SocketAddressNativeTest.cpp.o
[664/962] Linking CXX executable tests/unit/net/Inet6SocketAddressNativeTest
[665/962] Building CXX object tests/unit/net/CMakeFiles/UnixSocketAddressTest.dir/UnixSocketAddressTest.cpp.o
[666/962] Building CXX object tests/unit/core/CMakeFiles/TLSFrameworkShutdownTest.dir/TLSFrameworkShutdownTest.cpp.o
[667/962] Linking CXX executable tests/unit/net/UnixSocketAddressTest
[668/962] Linking CXX executable tests/unit/core/TLSFrameworkShutdownTest
[669/962] Building CXX object tests/unit/net/CMakeFiles/UnixSocketAddressInitTest.dir/UnixSocketAddressInitTest.cpp.o
[670/962] Linking CXX executable tests/unit/net/UnixSocketAddressInitTest
[671/962] Building CXX object tests/unit/net/CMakeFiles/InetSocketAddressInvalidInputTest.dir/InetSocketAddressInvalidInputTest.cpp.o
[672/962] Linking CXX executable tests/unit/net/InetSocketAddressInvalidInputTest
[673/962] Building CXX object tests/unit/net/CMakeFiles/Inet6SocketAddressInvalidInputTest.dir/Inet6SocketAddressInvalidInputTest.cpp.o
[674/962] Linking CXX executable tests/unit/net/Inet6SocketAddressInvalidInputTest
[675/962] Building CXX object tests/unit/net/CMakeFiles/UnixSocketAddressPathLengthTest.dir/UnixSocketAddressPathLengthTest.cpp.o
[676/962] Linking CXX executable tests/unit/net/UnixSocketAddressPathLengthTest
[677/962] Building CXX object tests/unit/net/CMakeFiles/UnixPeerCredentialsTest.dir/UnixPeerCredentialsTest.cpp.o
[678/962] Linking CXX executable tests/unit/net/UnixPeerCredentialsTest
[679/962] Building CXX object tests/unit/net/CMakeFiles/SocketAddressFormattingTest.dir/SocketAddressFormattingTest.cpp.o
[680/962] Linking CXX executable tests/unit/net/SocketAddressFormattingTest
[681/962] Building CXX object tests/unit/http/CMakeFiles/HttpMessageParserTest.dir/HttpMessageParserTest.cpp.o
[682/962] Linking CXX executable tests/unit/http/HttpMessageParserTest
[683/962] Building CXX object tests/unit/http/CMakeFiles/HttpRequestFormatterRawWireTest.dir/HttpRequestFormatterRawWireTest.cpp.o
[684/962] Linking CXX executable tests/unit/http/HttpRequestFormatterRawWireTest
[685/962] Building CXX object tests/unit/http/CMakeFiles/HttpResponseFormatterRawWireTest.dir/HttpResponseFormatterRawWireTest.cpp.o
[686/962] Linking CXX executable tests/unit/http/HttpResponseFormatterRawWireTest
[687/962] Building CXX object tests/unit/http/CMakeFiles/HttpPolicyConfigTest.dir/HttpPolicyConfigTest.cpp.o
[688/962] Linking CXX executable tests/unit/http/HttpPolicyConfigTest
[689/962] Building CXX object tests/unit/http/CMakeFiles/HttpMessagePresentationTest.dir/HttpMessagePresentationTest.cpp.o
[690/962] Linking CXX executable tests/unit/http/HttpMessagePresentationTest
[691/962] Building CXX object tests/unit/http/CMakeFiles/HttpMessageHeaderCasingTest.dir/HttpMessageHeaderCasingTest.cpp.o
[692/962] Linking CXX executable tests/unit/http/HttpMessageHeaderCasingTest
[693/962] Building CXX object tests/unit/http/CMakeFiles/HttpMessageTargetQueryEdgeTest.dir/HttpMessageTargetQueryEdgeTest.cpp.o
[694/962] Linking CXX executable tests/unit/http/HttpMessageTargetQueryEdgeTest
[695/962] Building CXX object tests/unit/http/CMakeFiles/HttpServerUpgradeMissingRequestTest.dir/HttpServerUpgradeMissingRequestTest.cpp.o
[696/962] Linking CXX executable tests/unit/http/HttpServerUpgradeMissingRequestTest
[697/962] Building CXX object tests/unit/http/CMakeFiles/HttpStreamingSourceFailureTest.dir/HttpStreamingSourceFailureTest.cpp.o
[698/962] Building CXX object tests/unit/websocket/CMakeFiles/WebSocketReceiverValidationTest.dir/WebSocketReceiverValidationTest.cpp.o
[699/962] Linking CXX executable tests/unit/http/HttpStreamingSourceFailureTest
[700/962] Linking CXX executable tests/unit/websocket/WebSocketReceiverValidationTest
[701/962] Building CXX object tests/unit/log/CMakeFiles/PublicLogApiTest.dir/PublicLogApiTest.cpp.o
[702/962] Linking CXX executable tests/unit/log/PublicLogApiTest
[703/962] Building CXX object tests/unit/log/CMakeFiles/SemanticLoggerFormattingTest.dir/SemanticLoggerFormattingTest.cpp.o
[704/962] Linking CXX executable tests/unit/log/SemanticLoggerFormattingTest
[705/962] Building CXX object tests/unit/log/CMakeFiles/LogScopeOwnerTest.dir/LogScopeOwnerTest.cpp.o
[706/962] Linking CXX executable tests/unit/log/LogScopeOwnerTest
[707/962] Building CXX object tests/unit/websocket/CMakeFiles/WebSocketLimitCloseFrameTest.dir/WebSocketLimitCloseFrameTest.cpp.o
[708/962] Linking CXX executable tests/unit/websocket/WebSocketLimitCloseFrameTest
[709/962] Building CXX object tests/unit/log/CMakeFiles/SemanticLoggerScopeTest.dir/SemanticLoggerScopeTest.cpp.o
[710/962] Linking CXX executable tests/unit/log/SemanticLoggerScopeTest
[711/962] Building CXX object tests/unit/log/CMakeFiles/SemanticLoggerBackendTest.dir/SemanticLoggerBackendTest.cpp.o
[712/962] Linking CXX executable tests/unit/log/SemanticLoggerBackendTest
[713/962] Building CXX object tests/unit/log/CMakeFiles/SemanticLoggerDisabledPathTest.dir/SemanticLoggerDisabledPathTest.cpp.o
[714/962] Linking CXX executable tests/unit/log/SemanticLoggerDisabledPathTest
[715/962] Building CXX object tests/unit/log/CMakeFiles/SemanticLoggerCacheTest.dir/SemanticLoggerCacheTest.cpp.o
[716/962] Linking CXX executable tests/unit/log/SemanticLoggerCacheTest
[717/962] Building CXX object tests/unit/log/CMakeFiles/SemanticLoggerFilteringTest.dir/SemanticLoggerFilteringTest.cpp.o
[718/962] Linking CXX executable tests/unit/log/SemanticLoggerFilteringTest
[719/962] Building CXX object tests/unit/log/CMakeFiles/SemanticEndToEndOutputTest.dir/SemanticEndToEndOutputTest.cpp.o
[720/962] Linking CXX executable tests/unit/log/SemanticEndToEndOutputTest
[721/962] Building CXX object tests/unit/log/CMakeFiles/SemanticTerminalColorRoutingTest.dir/SemanticTerminalColorRoutingTest.cpp.o
[722/962] Linking CXX executable tests/unit/log/SemanticTerminalColorRoutingTest
[723/962] Building CXX object tests/unit/mqtt/CMakeFiles/Mqtt311PacketValidationTest.dir/Mqtt311PacketValidationTest.cpp.o
[724/962] Linking CXX executable tests/unit/mqtt/Mqtt311PacketValidationTest
[725/962] Building CXX object tests/unit/log/CMakeFiles/SemanticCliIntegrationTest.dir/SemanticCliIntegrationTest.cpp.o
[726/962] Linking CXX executable tests/unit/log/SemanticCliIntegrationTest
[727/962] Building CXX object tests/unit/mqtt/CMakeFiles/MqttLifecycleTest.dir/MqttLifecycleTest.cpp.o
[728/962] Linking CXX executable tests/unit/mqtt/MqttLifecycleTest
[729/962] Building CXX object tests/unit/utils/CMakeFiles/ConfigFormatterCommentMetadataTest.dir/ConfigFormatterCommentMetadataTest.cpp.o
[730/962] Linking CXX executable tests/unit/utils/ConfigFormatterCommentMetadataTest
[731/962] Building CXX object tests/unit/utils/CMakeFiles/HexDumpPresentationTest.dir/HexDumpPresentationTest.cpp.o
[732/962] Linking CXX executable tests/unit/utils/HexDumpPresentationTest
[733/962] Building CXX object tests/unit/utils/CMakeFiles/ConfigRequirementStateTest.dir/ConfigRequirementStateTest.cpp.o
[734/962] Linking CXX executable tests/unit/utils/ConfigRequirementStateTest
[735/962] Building CXX object tests/component/core/CMakeFiles/SingleshotTimerTest.dir/SingleshotTimerTest.cpp.o
[736/962] Linking CXX executable tests/component/core/SingleshotTimerTest
[737/962] Building CXX object tests/component/core/CMakeFiles/IntervalTimerStopableTest.dir/IntervalTimerStopableTest.cpp.o
[738/962] Linking CXX executable tests/component/core/IntervalTimerStopableTest
[739/962] Building CXX object tests/component/core/CMakeFiles/SNodeCStopFromCallbackTest.dir/SNodeCStopFromCallbackTest.cpp.o
[740/962] Linking CXX executable tests/component/core/SNodeCStopFromCallbackTest
[741/962] Building CXX object tests/component/core/CMakeFiles/ShutdownReceiverNotificationTest.dir/ShutdownReceiverNotificationTest.cpp.o
[742/962] Linking CXX executable tests/component/core/ShutdownReceiverNotificationTest
[743/962] Building CXX object tests/component/core/CMakeFiles/TimerCancelBeforeFireTest.dir/TimerCancelBeforeFireTest.cpp.o
[744/962] Linking CXX executable tests/component/core/TimerCancelBeforeFireTest
[745/962] Building CXX object tests/component/core/CMakeFiles/IntervalTimerCancelFromCallbackTest.dir/IntervalTimerCancelFromCallbackTest.cpp.o
[746/962] Linking CXX executable tests/component/core/IntervalTimerCancelFromCallbackTest
[747/962] Building CXX object tests/component/core/CMakeFiles/PipeBoundedQueueTest.dir/PipeBoundedQueueTest.cpp.o
[748/962] Linking CXX executable tests/component/core/PipeBoundedQueueTest
[749/962] Building CXX object tests/component/core/CMakeFiles/SNodeCReconfigureTest.dir/SNodeCReconfigureTest.cpp.o
[750/962] Linking CXX executable tests/component/core/SNodeCReconfigureTest
[751/962] Building CXX object tests/component/core/CMakeFiles/PipeOwnershipTest.dir/PipeOwnershipTest.cpp.o
[752/962] Linking CXX executable tests/component/core/PipeOwnershipTest
[753/962] Building CXX object tests/component/core/CMakeFiles/PipeImmediateCloseTest.dir/PipeImmediateCloseTest.cpp.o
[754/962] Linking CXX executable tests/component/core/PipeImmediateCloseTest
[755/962] Building CXX object tests/component/core/CMakeFiles/PipeSinkFairnessTest.dir/PipeSinkFairnessTest.cpp.o
[756/962] Linking CXX executable tests/component/core/PipeSinkFairnessTest
[757/962] Building CXX object tests/component/core/CMakeFiles/PipeTimeoutTest.dir/PipeTimeoutTest.cpp.o
[758/962] Linking CXX executable tests/component/core/PipeTimeoutTest
[759/962] Building CXX object tests/component/core/CMakeFiles/DescriptorRegistrationFailureTest.dir/DescriptorRegistrationFailureTest.cpp.o
[760/962] Linking CXX executable tests/component/core/DescriptorRegistrationFailureTest
[761/962] Building CXX object tests/component/core/CMakeFiles/FileReaderTest.dir/FileReaderTest.cpp.o
[762/962] Linking CXX executable tests/component/core/FileReaderTest
[763/962] Building CXX object tests/component/net/CMakeFiles/InetLegacyServerClientCompositionTest.dir/InetLegacyServerClientCompositionTest.cpp.o
[764/962] Linking CXX executable tests/component/net/InetLegacyServerClientCompositionTest
[765/962] Building CXX object tests/component/net/CMakeFiles/Inet6LegacyServerClientCompositionTest.dir/Inet6LegacyServerClientCompositionTest.cpp.o
[766/962] Linking CXX executable tests/component/net/Inet6LegacyServerClientCompositionTest
[767/962] Building CXX object tests/component/net/CMakeFiles/UnixLegacyServerClientCompositionTest.dir/UnixLegacyServerClientCompositionTest.cpp.o
[768/962] Linking CXX executable tests/component/net/UnixLegacyServerClientCompositionTest
[769/962] Building CXX object tests/component/net/CMakeFiles/InetLegacyServerMultipleClientsCompositionTest.dir/InetLegacyServerMultipleClientsCompositionTest.cpp.o
[770/962] Linking CXX executable tests/component/net/InetLegacyServerMultipleClientsCompositionTest
[771/962] Building CXX object tests/component/net/CMakeFiles/Inet6LegacyServerMultipleClientsCompositionTest.dir/Inet6LegacyServerMultipleClientsCompositionTest.cpp.o
[772/962] Linking CXX executable tests/component/net/Inet6LegacyServerMultipleClientsCompositionTest
[773/962] Building CXX object tests/component/net/CMakeFiles/UnixLegacyServerMultipleClientsCompositionTest.dir/UnixLegacyServerMultipleClientsCompositionTest.cpp.o
[774/962] Linking CXX executable tests/component/net/UnixLegacyServerMultipleClientsCompositionTest
[775/962] Building CXX object tests/component/net/CMakeFiles/InetLegacyServerClientMultiMessagePayloadExchangeTest.dir/InetLegacyServerClientMultiMessagePayloadExchangeTest.cpp.o
[776/962] Linking CXX executable tests/component/net/InetLegacyServerClientMultiMessagePayloadExchangeTest
[777/962] Building CXX object tests/component/net/CMakeFiles/Inet6LegacyServerClientMultiMessagePayloadExchangeTest.dir/Inet6LegacyServerClientMultiMessagePayloadExchangeTest.cpp.o
[778/962] Linking CXX executable tests/component/net/Inet6LegacyServerClientMultiMessagePayloadExchangeTest
[779/962] Building CXX object tests/component/net/CMakeFiles/UnixLegacyServerClientMultiMessagePayloadExchangeTest.dir/UnixLegacyServerClientMultiMessagePayloadExchangeTest.cpp.o
[780/962] Linking CXX executable tests/component/net/UnixLegacyServerClientMultiMessagePayloadExchangeTest
[781/962] Building CXX object tests/component/net/CMakeFiles/InetLegacyServerMultipleClientsPayloadExchangeTest.dir/InetLegacyServerMultipleClientsPayloadExchangeTest.cpp.o
[782/962] Linking CXX executable tests/component/net/InetLegacyServerMultipleClientsPayloadExchangeTest
[783/962] Building CXX object tests/component/net/CMakeFiles/Inet6LegacyServerMultipleClientsPayloadExchangeTest.dir/Inet6LegacyServerMultipleClientsPayloadExchangeTest.cpp.o
[784/962] Linking CXX executable tests/component/net/Inet6LegacyServerMultipleClientsPayloadExchangeTest
[785/962] Building CXX object tests/component/net/CMakeFiles/UnixLegacyServerMultipleClientsPayloadExchangeTest.dir/UnixLegacyServerMultipleClientsPayloadExchangeTest.cpp.o
[786/962] Linking CXX executable tests/component/net/UnixLegacyServerMultipleClientsPayloadExchangeTest
[787/962] Building CXX object tests/component/net/CMakeFiles/UnixLegacyServerClientPayloadExchangeTest.dir/UnixLegacyServerClientPayloadExchangeTest.cpp.o
[788/962] Linking CXX executable tests/component/net/UnixLegacyServerClientPayloadExchangeTest
[789/962] Building CXX object tests/component/net/CMakeFiles/UnixLegacyServerClientDisconnectLifecycleTest.dir/UnixLegacyServerClientDisconnectLifecycleTest.cpp.o
[790/962] Linking CXX executable tests/component/net/UnixLegacyServerClientDisconnectLifecycleTest
[791/962] Building CXX object tests/component/net/CMakeFiles/UnixLegacyClientConnectFailureTest.dir/UnixLegacyClientConnectFailureTest.cpp.o
[792/962] Linking CXX executable tests/component/net/UnixLegacyClientConnectFailureTest
[793/962] Building CXX object tests/component/net/CMakeFiles/InetLegacyServerClientPayloadExchangeTest.dir/InetLegacyServerClientPayloadExchangeTest.cpp.o
[794/962] Linking CXX executable tests/component/net/InetLegacyServerClientPayloadExchangeTest
[795/962] Building CXX object tests/component/net/CMakeFiles/InetLegacyServerClientDisconnectLifecycleTest.dir/InetLegacyServerClientDisconnectLifecycleTest.cpp.o
[796/962] Linking CXX executable tests/component/net/InetLegacyServerClientDisconnectLifecycleTest
[797/962] Building CXX object tests/component/net/CMakeFiles/InetLegacyClientConnectFailureTest.dir/InetLegacyClientConnectFailureTest.cpp.o
[798/962] Linking CXX executable tests/component/net/InetLegacyClientConnectFailureTest
[799/962] Building CXX object tests/component/net/CMakeFiles/Inet6LegacyServerClientPayloadExchangeTest.dir/Inet6LegacyServerClientPayloadExchangeTest.cpp.o
[800/962] Linking CXX executable tests/component/net/Inet6LegacyServerClientPayloadExchangeTest
[801/962] Building CXX object tests/component/net/CMakeFiles/Inet6LegacyServerClientDisconnectLifecycleTest.dir/Inet6LegacyServerClientDisconnectLifecycleTest.cpp.o
[802/962] Linking CXX executable tests/component/net/Inet6LegacyServerClientDisconnectLifecycleTest
[803/962] Building CXX object tests/component/net/CMakeFiles/Inet6LegacyClientConnectFailureTest.dir/Inet6LegacyClientConnectFailureTest.cpp.o
[804/962] Linking CXX executable tests/component/net/Inet6LegacyClientConnectFailureTest
[805/962] Building CXX object tests/component/net/CMakeFiles/InetPhysicalServerEffectiveBindAddressTest.dir/InetPhysicalServerEffectiveBindAddressTest.cpp.o
[806/962] Linking CXX executable tests/component/net/InetPhysicalServerEffectiveBindAddressTest
[807/962] Building CXX object tests/component/net/CMakeFiles/InetLegacyServerEffectiveListenAddressTest.dir/InetLegacyServerEffectiveListenAddressTest.cpp.o
[808/962] Linking CXX executable tests/component/net/InetLegacyServerEffectiveListenAddressTest
[809/962] Building CXX object tests/component/net/CMakeFiles/UnixPhysicalSocketPathSafetyTest.dir/UnixPhysicalSocketPathSafetyTest.cpp.o
[810/962] Linking CXX executable tests/component/net/UnixPhysicalSocketPathSafetyTest
[811/962] Building CXX object tests/component/net/CMakeFiles/InetLegacyServerClientLargePayloadExchangeTest.dir/InetLegacyServerClientLargePayloadExchangeTest.cpp.o
[812/962] Linking CXX executable tests/component/net/InetLegacyServerClientLargePayloadExchangeTest
[813/962] Building CXX object tests/component/net/CMakeFiles/InetLegacyServerClientFramedPayloadExchangeTest.dir/InetLegacyServerClientFramedPayloadExchangeTest.cpp.o
[814/962] Linking CXX executable tests/component/net/InetLegacyServerClientFramedPayloadExchangeTest
[815/962] Building CXX object tests/component/net/CMakeFiles/Inet6LegacyServerClientFramedPayloadExchangeTest.dir/Inet6LegacyServerClientFramedPayloadExchangeTest.cpp.o
[816/962] Linking CXX executable tests/component/net/Inet6LegacyServerClientFramedPayloadExchangeTest
[817/962] Building CXX object tests/component/net/CMakeFiles/UnixLegacyServerClientFramedPayloadExchangeTest.dir/UnixLegacyServerClientFramedPayloadExchangeTest.cpp.o
[818/962] Linking CXX executable tests/component/net/UnixLegacyServerClientFramedPayloadExchangeTest
[819/962] Building CXX object tests/component/net/CMakeFiles/Inet6LegacyServerClientLargePayloadExchangeTest.dir/Inet6LegacyServerClientLargePayloadExchangeTest.cpp.o
[820/962] Linking CXX executable tests/component/net/Inet6LegacyServerClientLargePayloadExchangeTest
[821/962] Building CXX object tests/component/net/CMakeFiles/UnixLegacyServerClientLargePayloadExchangeTest.dir/UnixLegacyServerClientLargePayloadExchangeTest.cpp.o
[822/962] Linking CXX executable tests/component/net/UnixLegacyServerClientLargePayloadExchangeTest
[823/962] Building CXX object tests/component/net/CMakeFiles/InetLegacyServerControlledCloseLifecycleTest.dir/InetLegacyServerControlledCloseLifecycleTest.cpp.o
[824/962] Linking CXX executable tests/component/net/InetLegacyServerControlledCloseLifecycleTest
[825/962] Building CXX object tests/component/net/CMakeFiles/Inet6LegacyServerControlledCloseLifecycleTest.dir/Inet6LegacyServerControlledCloseLifecycleTest.cpp.o
[826/962] Linking CXX executable tests/component/net/Inet6LegacyServerControlledCloseLifecycleTest
[827/962] Building CXX object tests/component/net/CMakeFiles/UnixLegacyServerControlledCloseLifecycleTest.dir/UnixLegacyServerControlledCloseLifecycleTest.cpp.o
[828/962] Linking CXX executable tests/component/net/UnixLegacyServerControlledCloseLifecycleTest
[829/962] Building CXX object tests/component/net/CMakeFiles/InetLegacyServerMultipleClientsDisconnectLifecycleTest.dir/InetLegacyServerMultipleClientsDisconnectLifecycleTest.cpp.o
[830/962] Linking CXX executable tests/component/net/InetLegacyServerMultipleClientsDisconnectLifecycleTest
[831/962] Building CXX object tests/component/net/CMakeFiles/Inet6LegacyServerMultipleClientsDisconnectLifecycleTest.dir/Inet6LegacyServerMultipleClientsDisconnectLifecycleTest.cpp.o
[832/962] Linking CXX executable tests/component/net/Inet6LegacyServerMultipleClientsDisconnectLifecycleTest
[833/962] Building CXX object tests/component/net/CMakeFiles/UnixLegacyServerMultipleClientsDisconnectLifecycleTest.dir/UnixLegacyServerMultipleClientsDisconnectLifecycleTest.cpp.o
[834/962] Linking CXX executable tests/component/net/UnixLegacyServerMultipleClientsDisconnectLifecycleTest
[835/962] Building CXX object tests/component/net/CMakeFiles/InetPerCallFlowTest.dir/InetPerCallFlowTest.cpp.o
[836/962] Linking CXX executable tests/component/net/InetPerCallFlowTest
[837/962] Building CXX object tests/component/http/CMakeFiles/InetHttpServerClientGetRoundTripTest.dir/InetHttpServerClientGetRoundTripTest.cpp.o
[838/962] Linking CXX executable tests/component/http/InetHttpServerClientGetRoundTripTest
[839/962] Building CXX object tests/component/http/CMakeFiles/InetHttpClientParserLimitTest.dir/InetHttpClientParserLimitTest.cpp.o
[840/962] Linking CXX executable tests/component/http/InetHttpClientParserLimitTest
[841/962] Building CXX object tests/component/http/CMakeFiles/InetHttpServerRequestPolicyTest.dir/InetHttpServerRequestPolicyTest.cpp.o
[842/962] Linking CXX executable tests/component/http/InetHttpServerRequestPolicyTest
[843/962] Building CXX object tests/component/http/CMakeFiles/InetHttpServerPipeliningPolicyTest.dir/InetHttpServerPipeliningPolicyTest.cpp.o
[844/962] Linking CXX executable tests/component/http/InetHttpServerPipeliningPolicyTest
[845/962] Building CXX object tests/component/http/CMakeFiles/Inet6HttpServerClientGetRoundTripTest.dir/Inet6HttpServerClientGetRoundTripTest.cpp.o
[846/962] Linking CXX executable tests/component/http/Inet6HttpServerClientGetRoundTripTest
[847/962] Building CXX object tests/component/http/CMakeFiles/UnixHttpServerClientGetRoundTripTest.dir/UnixHttpServerClientGetRoundTripTest.cpp.o
[848/962] Linking CXX executable tests/component/http/UnixHttpServerClientGetRoundTripTest
[849/962] Building CXX object tests/component/http/CMakeFiles/InetHttpServerClientPostBodyRoundTripTest.dir/InetHttpServerClientPostBodyRoundTripTest.cpp.o
[850/962] Linking CXX executable tests/component/http/InetHttpServerClientPostBodyRoundTripTest
[851/962] Building CXX object tests/component/http/CMakeFiles/Inet6HttpServerClientPostBodyRoundTripTest.dir/Inet6HttpServerClientPostBodyRoundTripTest.cpp.o
[852/962] Linking CXX executable tests/component/http/Inet6HttpServerClientPostBodyRoundTripTest
[853/962] Building CXX object tests/component/http/CMakeFiles/UnixHttpServerClientPostBodyRoundTripTest.dir/UnixHttpServerClientPostBodyRoundTripTest.cpp.o
[854/962] Linking CXX executable tests/component/http/UnixHttpServerClientPostBodyRoundTripTest
[855/962] Building CXX object tests/component/http/CMakeFiles/InetHttpServerClientStatusVariantTest.dir/InetHttpServerClientStatusVariantTest.cpp.o
[856/962] Linking CXX executable tests/component/http/InetHttpServerClientStatusVariantTest
[857/962] Building CXX object tests/component/http/CMakeFiles/Inet6HttpServerClientStatusVariantTest.dir/Inet6HttpServerClientStatusVariantTest.cpp.o
[858/962] Linking CXX executable tests/component/http/Inet6HttpServerClientStatusVariantTest
[859/962] Building CXX object tests/component/http/CMakeFiles/UnixHttpServerClientStatusVariantTest.dir/UnixHttpServerClientStatusVariantTest.cpp.o
[860/962] Linking CXX executable tests/component/http/UnixHttpServerClientStatusVariantTest
[861/962] Building CXX object tests/component/http/CMakeFiles/InetHttpServerClientRepeatedRequestTest.dir/InetHttpServerClientRepeatedRequestTest.cpp.o
[862/962] Linking CXX executable tests/component/http/InetHttpServerClientRepeatedRequestTest
[863/962] Building CXX object tests/component/http/CMakeFiles/InetHttpServerClientDisconnectLifecycleTest.dir/InetHttpServerClientDisconnectLifecycleTest.cpp.o
[864/962] Linking CXX executable tests/component/http/InetHttpServerClientDisconnectLifecycleTest
[865/962] Building CXX object tests/component/http/CMakeFiles/InetHttpClientPrematureServerCloseTest.dir/InetHttpClientPrematureServerCloseTest.cpp.o
[866/962] Linking CXX executable tests/component/http/InetHttpClientPrematureServerCloseTest
[867/962] Building CXX object tests/component/http/CMakeFiles/InetHttpServerClientLargeResponseBodyTest.dir/InetHttpServerClientLargeResponseBodyTest.cpp.o
[868/962] Linking CXX executable tests/component/http/InetHttpServerClientLargeResponseBodyTest
[869/962] Building CXX object tests/component/http/CMakeFiles/InetHttpServerClientLargeRequestBodyTest.dir/InetHttpServerClientLargeRequestBodyTest.cpp.o
[870/962] Linking CXX executable tests/component/http/InetHttpServerClientLargeRequestBodyTest
[871/962] Building CXX object tests/component/http/CMakeFiles/InetHttpServerClientHeaderHeavyRequestTest.dir/InetHttpServerClientHeaderHeavyRequestTest.cpp.o
[872/962] Linking CXX executable tests/component/http/InetHttpServerClientHeaderHeavyRequestTest
[873/962] Building CXX object tests/component/http/CMakeFiles/InetHttpClientConnectFailureTest.dir/InetHttpClientConnectFailureTest.cpp.o
[874/962] Linking CXX executable tests/component/http/InetHttpClientConnectFailureTest
[875/962] Building CXX object tests/component/http/CMakeFiles/InetHttpServerClientHeaderHeavyResponseTest.dir/InetHttpServerClientHeaderHeavyResponseTest.cpp.o
[876/962] Linking CXX executable tests/component/http/InetHttpServerClientHeaderHeavyResponseTest
[877/962] Building CXX object tests/component/http/CMakeFiles/InetHttpServerClientChunkedResponseTest.dir/InetHttpServerClientChunkedResponseTest.cpp.o
[878/962] Linking CXX executable tests/component/http/InetHttpServerClientChunkedResponseTest
[879/962] Building CXX object tests/component/http/CMakeFiles/InetHttpServerClientPipeliningTest.dir/InetHttpServerClientPipeliningTest.cpp.o
[880/962] Linking CXX executable tests/component/http/InetHttpServerClientPipeliningTest
[881/962] Building CXX object tests/component/http/CMakeFiles/InetHttpClientMalformedResponseBehaviorTest.dir/InetHttpClientMalformedResponseBehaviorTest.cpp.o
[882/962] Linking CXX executable tests/component/http/InetHttpClientMalformedResponseBehaviorTest
[883/962] Building CXX object tests/component/http/CMakeFiles/InetHttpServerMalformedRequestBehaviorTest.dir/InetHttpServerMalformedRequestBehaviorTest.cpp.o
[884/962] Linking CXX executable tests/component/http/InetHttpServerMalformedRequestBehaviorTest
[885/962] Building CXX object tests/component/http/CMakeFiles/InetHttpServerClientChunkedRequestTest.dir/InetHttpServerClientChunkedRequestTest.cpp.o
[886/962] Linking CXX executable tests/component/http/InetHttpServerClientChunkedRequestTest
[887/962] Building CXX object tests/component/express/CMakeFiles/InetExpressRoutingMiddlewareTest.dir/InetExpressRoutingMiddlewareTest.cpp.o
[888/962] Linking CXX executable tests/component/express/InetExpressRoutingMiddlewareTest
[889/962] Building CXX object tests/component/express/CMakeFiles/InetExpressHttpParserLimitTest.dir/InetExpressHttpParserLimitTest.cpp.o
[890/962] Linking CXX executable tests/component/express/InetExpressHttpParserLimitTest
[891/962] Building CXX object tests/component/express/CMakeFiles/Inet6ExpressTransportSmokeTest.dir/Inet6ExpressTransportSmokeTest.cpp.o
[892/962] Linking CXX executable tests/component/express/Inet6ExpressTransportSmokeTest
[893/962] Building CXX object tests/component/express/CMakeFiles/UnixExpressTransportSmokeTest.dir/UnixExpressTransportSmokeTest.cpp.o
[894/962] Linking CXX executable tests/component/express/UnixExpressTransportSmokeTest
[895/962] Building CXX object tests/component/express/CMakeFiles/InetExpressMiddlewareShortCircuitTest.dir/InetExpressMiddlewareShortCircuitTest.cpp.o
[896/962] Linking CXX executable tests/component/express/InetExpressMiddlewareShortCircuitTest
[897/962] Building CXX object tests/component/express/CMakeFiles/InetExpressRoutingEdgeBasicsTest.dir/InetExpressRoutingEdgeBasicsTest.cpp.o
[898/962] Linking CXX executable tests/component/express/InetExpressRoutingEdgeBasicsTest
[899/962] Building CXX object tests/component/express/CMakeFiles/InetExpressMountedRouterBasicsTest.dir/InetExpressMountedRouterBasicsTest.cpp.o
[900/962] Linking CXX executable tests/component/express/InetExpressMountedRouterBasicsTest
[901/962] Building CXX object tests/component/express/CMakeFiles/InetExpressNestedRouterBasicsTest.dir/InetExpressNestedRouterBasicsTest.cpp.o
[902/962] Linking CXX executable tests/component/express/InetExpressNestedRouterBasicsTest
[903/962] Building CXX object tests/component/express/CMakeFiles/InetExpressRouteParameterRegexTest.dir/InetExpressRouteParameterRegexTest.cpp.o
[904/962] Linking CXX executable tests/component/express/InetExpressRouteParameterRegexTest
[905/962] Building CXX object tests/component/express/CMakeFiles/InetExpressMiddlewareMountOrderTest.dir/InetExpressMiddlewareMountOrderTest.cpp.o
[906/962] Linking CXX executable tests/component/express/InetExpressMiddlewareMountOrderTest
[907/962] Building CXX object tests/component/express/CMakeFiles/InetExpressQueryMountInteractionTest.dir/InetExpressQueryMountInteractionTest.cpp.o
[908/962] Linking CXX executable tests/component/express/InetExpressQueryMountInteractionTest
[909/962] Building CXX object tests/component/express/CMakeFiles/InetExpressFallbackNotFoundTest.dir/InetExpressFallbackNotFoundTest.cpp.o
[910/962] Linking CXX executable tests/component/express/InetExpressFallbackNotFoundTest
[911/962] Building CXX object tests/component/websocket/CMakeFiles/InetWebSocketServerClientTextEchoTest.dir/InetWebSocketServerClientTextEchoTest.cpp.o
[912/962] Linking CXX executable tests/component/websocket/InetWebSocketServerClientTextEchoTest
[913/962] Building CXX object tests/component/websocket/CMakeFiles/Inet6WebSocketServerClientTextEchoTest.dir/Inet6WebSocketServerClientTextEchoTest.cpp.o
[914/962] Linking CXX executable tests/component/websocket/Inet6WebSocketServerClientTextEchoTest
[915/962] Building CXX object tests/component/websocket/CMakeFiles/UnixWebSocketServerClientTextEchoTest.dir/UnixWebSocketServerClientTextEchoTest.cpp.o
[916/962] Linking CXX executable tests/component/websocket/UnixWebSocketServerClientTextEchoTest
[917/962] Building CXX object tests/component/websocket/CMakeFiles/InetWebSocketServerClientMultiTextMessageTest.dir/InetWebSocketServerClientMultiTextMessageTest.cpp.o
[918/962] Linking CXX executable tests/component/websocket/InetWebSocketServerClientMultiTextMessageTest
[919/962] Building CXX object tests/component/websocket/CMakeFiles/InetWebSocketServerClientBinaryEchoTest.dir/InetWebSocketServerClientBinaryEchoTest.cpp.o
[920/962] Linking CXX executable tests/component/websocket/InetWebSocketServerClientBinaryEchoTest
[921/962] Building CXX object tests/component/websocket/CMakeFiles/InetWebSocketServerClientCloseHandshakeTest.dir/InetWebSocketServerClientCloseHandshakeTest.cpp.o
[922/962] Linking CXX executable tests/component/websocket/InetWebSocketServerClientCloseHandshakeTest
[923/962] Building CXX object tests/component/websocket/CMakeFiles/InetWebSocketServerClientPingPongTest.dir/InetWebSocketServerClientPingPongTest.cpp.o
[924/962] Linking CXX executable tests/component/websocket/InetWebSocketServerClientPingPongTest
[925/962] Building CXX object tests/component/websocket/CMakeFiles/InetWebSocketServerInitiatedCloseTest.dir/InetWebSocketServerInitiatedCloseTest.cpp.o
[926/962] Linking CXX executable tests/component/websocket/InetWebSocketServerInitiatedCloseTest
[927/962] Building CXX object tests/component/websocket/CMakeFiles/InetWebSocketUnexpectedCloseLifecycleTest.dir/InetWebSocketUnexpectedCloseLifecycleTest.cpp.o
[928/962] Linking CXX executable tests/component/websocket/InetWebSocketUnexpectedCloseLifecycleTest
[929/962] Building CXX object tests/component/websocket/CMakeFiles/InetWebSocketLargeTextMessageTest.dir/InetWebSocketLargeTextMessageTest.cpp.o
[930/962] Linking CXX executable tests/component/websocket/InetWebSocketLargeTextMessageTest
[931/962] Building CXX object tests/component/websocket/CMakeFiles/InetWebSocketLargeBinaryMessageTest.dir/InetWebSocketLargeBinaryMessageTest.cpp.o
[932/962] Linking CXX executable tests/component/websocket/InetWebSocketLargeBinaryMessageTest
[933/962] Building CXX object tests/component/eventsource/CMakeFiles/InetSseEventSourceBasicEventTest.dir/InetSseEventSourceBasicEventTest.cpp.o
[934/962] Linking CXX executable tests/component/eventsource/InetSseEventSourceBasicEventTest
[935/962] Building CXX object tests/component/eventsource/CMakeFiles/InetSseEventSourceMultiEventSequenceTest.dir/InetSseEventSourceMultiEventSequenceTest.cpp.o
[936/962] Linking CXX executable tests/component/eventsource/InetSseEventSourceMultiEventSequenceTest
[937/962] Building CXX object tests/component/eventsource/CMakeFiles/InetSseEventSourceMultiLineDataTest.dir/InetSseEventSourceMultiLineDataTest.cpp.o
[938/962] Linking CXX executable tests/component/eventsource/InetSseEventSourceMultiLineDataTest
[939/962] Building CXX object tests/component/eventsource/CMakeFiles/InetSseEventSourceCommentIgnoredTest.dir/InetSseEventSourceCommentIgnoredTest.cpp.o
[940/962] Linking CXX executable tests/component/eventsource/InetSseEventSourceCommentIgnoredTest
[941/962] Building CXX object tests/component/eventsource/CMakeFiles/InetSseEventSourceDefaultMessageEventTest.dir/InetSseEventSourceDefaultMessageEventTest.cpp.o
[942/962] Linking CXX executable tests/component/eventsource/InetSseEventSourceDefaultMessageEventTest
[943/962] Building CXX object tests/component/eventsource/CMakeFiles/InetSseEventSourceClientCloseAfterEventTest.dir/InetSseEventSourceClientCloseAfterEventTest.cpp.o
[944/962] Linking CXX executable tests/component/eventsource/InetSseEventSourceClientCloseAfterEventTest
[945/962] Building CXX object tests/component/eventsource/CMakeFiles/InetSseEventSourceRetryFieldTest.dir/InetSseEventSourceRetryFieldTest.cpp.o
[946/962] Linking CXX executable tests/component/eventsource/InetSseEventSourceRetryFieldTest
[947/962] Building CXX object tests/component/eventsource/CMakeFiles/InetSseEventSourceReconnectLifecycleTest.dir/InetSseEventSourceReconnectLifecycleTest.cpp.o
[948/962] Linking CXX executable tests/component/eventsource/InetSseEventSourceReconnectLifecycleTest
[949/962] Building CXX object tests/policy/CMakeFiles/ParameterlessSemanticLoggerPolicyTest.dir/log/ParameterlessSemanticLoggerPolicyTest.cpp.o
[950/962] Linking CXX executable tests/policy/ParameterlessSemanticLoggerPolicyTest
[951/962] Building CXX object tests/policy/CMakeFiles/LoggingApiSurfacePolicyTest.dir/log/LoggingApiSurfacePolicyTest.cpp.o
[952/962] Linking CXX executable tests/policy/LoggingApiSurfacePolicyTest
[953/962] Building CXX object tests/component/eventsource/CMakeFiles/InetSseEventSourceDestructionLifecycleTest.dir/InetSseEventSourceDestructionLifecycleTest.cpp.o
[954/962] Building CXX object tests/policy/CMakeFiles/EpollDescriptorPublisherPolicyTest.dir/core/EpollDescriptorPublisherPolicyTest.cpp.o
[955/962] Linking CXX executable tests/policy/EpollDescriptorPublisherPolicyTest
[956/962] Linking CXX executable tests/component/eventsource/InetSseEventSourceDestructionLifecycleTest
[957/962] Building CXX object tests/policy/CMakeFiles/EventLoopSyscallDisciplinePolicyTest.dir/core/EventLoopSyscallDisciplinePolicyTest.cpp.o
[958/962] Linking CXX executable tests/policy/EventLoopSyscallDisciplinePolicyTest
[959/962] Building CXX object tests/policy/CMakeFiles/CiWorkflowPathsPolicyTest.dir/ci/CiWorkflowPathsPolicyTest.cpp.o
[960/962] Linking CXX executable tests/policy/CiWorkflowPathsPolicyTest
[961/962] Building CXX object tests/policy/CMakeFiles/SensitiveLoggingPolicyTest.dir/security/SensitiveLoggingPolicyTest.cpp.o
[962/962] Linking CXX executable tests/policy/SensitiveLoggingPolicyTest
Internal ctest changing into directory: /workspace/build/snodec
Test project /workspace/build/snodec
        Start   1: StagedInstalledConsumerTest
  1/185 Test   #1: StagedInstalledConsumerTest ................................   Passed    6.08 sec
        Start   2: SNodeCInitFreeSmokeTest
  2/185 Test   #2: SNodeCInitFreeSmokeTest ....................................   Passed    0.01 sec
        Start   3: SNodeCAsyncLogDrainTest
  3/185 Test   #3: SNodeCAsyncLogDrainTest ....................................   Passed    0.05 sec
        Start   4: TLSResultClassificationTest
  4/185 Test   #4: TLSResultClassificationTest ................................   Passed    0.00 sec
        Start   5: TLSIoFatalPathTest
  5/185 Test   #5: TLSIoFatalPathTest .........................................   Passed    0.02 sec
        Start   6: TLSLifecycleHelperOwnershipTest
  6/185 Test   #6: TLSLifecycleHelperOwnershipTest ............................   Passed    0.01 sec
        Start   7: TLSTransportStateMachineTest
  7/185 Test   #7: TLSTransportStateMachineTest ...............................   Passed    0.60 sec
        Start   8: TLSLifecycleAbiSourceCompatibilityTest
  8/185 Test   #8: TLSLifecycleAbiSourceCompatibilityTest .....................   Passed    0.01 sec
        Start   9: StreamFrameworkShutdown_plain_requested_empty
  9/185 Test   #9: StreamFrameworkShutdown_plain_requested_empty ..............   Passed    0.01 sec
        Start  10: StreamFrameworkShutdown_plain_requested_queued
 10/185 Test  #10: StreamFrameworkShutdown_plain_requested_queued .............   Passed    0.02 sec
        Start  11: StreamFrameworkShutdown_plain_signal_false_veto
 11/185 Test  #11: StreamFrameworkShutdown_plain_signal_false_veto ............   Passed    0.01 sec
        Start  12: StreamFrameworkShutdown_plain_no_observer
 12/185 Test  #12: StreamFrameworkShutdown_plain_no_observer ..................   Passed    0.01 sec
        Start  13: StreamFrameworkShutdown_plain_noncooperating_timeout
 13/185 Test  #13: StreamFrameworkShutdown_plain_noncooperating_timeout .......   Passed    0.06 sec
        Start  14: StreamFrameworkShutdown_reentrant_context_cleanup
 14/185 Test  #14: StreamFrameworkShutdown_reentrant_context_cleanup ..........   Passed    0.01 sec
        Start  15: StreamFrameworkShutdown_active_detach_context_visibility
 15/185 Test  #15: StreamFrameworkShutdown_active_detach_context_visibility ...   Passed    0.01 sec
        Start  16: StreamFrameworkShutdown_destruction_logging_order
 16/185 Test  #16: StreamFrameworkShutdown_destruction_logging_order ..........   Passed    0.01 sec
        Start  17: SocketContextLifecycleTest
 17/185 Test  #17: SocketContextLifecycleTest .................................   Passed    0.01 sec
        Start  18: SocketWriterResourcePolicyTest
 18/185 Test  #18: SocketWriterResourcePolicyTest .............................   Passed    0.01 sec
        Start  19: ListenerLifecycleTest
 19/185 Test  #19: ListenerLifecycleTest ......................................   Passed    0.01 sec
        Start  20: EndpointLifetimeCountersTest
 20/185 Test  #20: EndpointLifetimeCountersTest ...............................   Passed    0.15 sec
        Start  21: ConnectionAttemptLifecycleTest
 21/185 Test  #21: ConnectionAttemptLifecycleTest .............................   Passed    0.04 sec
        Start  22: TlsOpenSslLoggingTest
 22/185 Test  #22: TlsOpenSslLoggingTest ......................................   Passed    0.01 sec
        Start  23: TLSFrameworkShutdown_active_helper_requested
 23/185 Test  #23: TLSFrameworkShutdown_active_helper_requested ...............   Passed    0.01 sec
        Start  24: TLSFrameworkShutdown_active_helper_no_observer
 24/185 Test  #24: TLSFrameworkShutdown_active_helper_no_observer .............   Passed    0.01 sec
        Start  25: TLSFrameworkShutdown_active_helper_signal
 25/185 Test  #25: TLSFrameworkShutdown_active_helper_signal ..................   Passed    0.01 sec
        Start  26: TLSFrameworkShutdown_active_helper_forced
 26/185 Test  #26: TLSFrameworkShutdown_active_helper_forced ..................   Passed    0.01 sec
        Start  27: TLSFrameworkShutdown_publisher_mutation_same_list
 27/185 Test  #27: TLSFrameworkShutdown_publisher_mutation_same_list ..........   Passed    0.01 sec
        Start  28: TLSFrameworkShutdown_publisher_mutation_cross_publisher
 28/185 Test  #28: TLSFrameworkShutdown_publisher_mutation_cross_publisher ....   Passed    0.01 sec
        Start  29: TLSFrameworkShutdown_signal_false_tls
 29/185 Test  #29: TLSFrameworkShutdown_signal_false_tls ......................   Passed    0.01 sec
        Start  30: TLSFrameworkShutdown_outer_timeout_long
 30/185 Test  #30: TLSFrameworkShutdown_outer_timeout_long ....................   Passed    2.02 sec
        Start  31: TLSFrameworkShutdown_outer_timeout_multiple
 31/185 Test  #31: TLSFrameworkShutdown_outer_timeout_multiple ................   Passed    2.01 sec
        Start  32: InetSocketAddressTest
 32/185 Test  #32: InetSocketAddressTest ......................................   Passed    0.00 sec
        Start  33: InetSocketAddressNativeTest
 33/185 Test  #33: InetSocketAddressNativeTest ................................   Passed    0.00 sec
        Start  34: Inet6SocketAddressTest
 34/185 Test  #34: Inet6SocketAddressTest .....................................   Passed    0.01 sec
        Start  35: Inet6SocketAddressNativeTest
 35/185 Test  #35: Inet6SocketAddressNativeTest ...............................   Passed    0.01 sec
        Start  36: UnixSocketAddressTest
 36/185 Test  #36: UnixSocketAddressTest ......................................   Passed    0.00 sec
        Start  37: UnixSocketAddressInitTest
 37/185 Test  #37: UnixSocketAddressInitTest ..................................   Passed    0.00 sec
        Start  38: InetSocketAddressInvalidInputTest
 38/185 Test  #38: InetSocketAddressInvalidInputTest ..........................   Passed    0.00 sec
        Start  39: Inet6SocketAddressInvalidInputTest
 39/185 Test  #39: Inet6SocketAddressInvalidInputTest .........................   Passed    0.01 sec
        Start  40: UnixSocketAddressPathLengthTest
 40/185 Test  #40: UnixSocketAddressPathLengthTest ............................   Passed    0.00 sec
        Start  41: UnixPeerCredentialsTest
 41/185 Test  #41: UnixPeerCredentialsTest ....................................   Passed    0.00 sec
        Start  42: SocketAddressFormattingTest
 42/185 Test  #42: SocketAddressFormattingTest ................................   Passed    0.00 sec
        Start  43: HttpMessageParserTest
 43/185 Test  #43: HttpMessageParserTest ......................................   Passed    0.01 sec
        Start  44: HttpPolicyConfigTest
 44/185 Test  #44: HttpPolicyConfigTest .......................................   Passed    0.01 sec
        Start  45: HttpRequestFormatterRawWireTest
 45/185 Test  #45: HttpRequestFormatterRawWireTest ............................   Passed    0.01 sec
        Start  46: HttpResponseFormatterRawWireTest
 46/185 Test  #46: HttpResponseFormatterRawWireTest ...........................   Passed    0.01 sec
        Start  47: HttpMessagePresentationTest
 47/185 Test  #47: HttpMessagePresentationTest ................................   Passed    0.01 sec
        Start  48: HttpMessageHeaderCasingTest
 48/185 Test  #48: HttpMessageHeaderCasingTest ................................   Passed    0.00 sec
        Start  49: HttpMessageTargetQueryEdgeTest
 49/185 Test  #49: HttpMessageTargetQueryEdgeTest .............................   Passed    0.01 sec
        Start  50: HttpServerUpgradeMissingRequestTest
 50/185 Test  #50: HttpServerUpgradeMissingRequestTest ........................   Passed    0.01 sec
        Start  51: HttpStreamingSourceFailureTest
 51/185 Test  #51: HttpStreamingSourceFailureTest .............................   Passed    0.01 sec
        Start  52: WebSocketReceiverValidationTest
 52/185 Test  #52: WebSocketReceiverValidationTest ............................   Passed    0.00 sec
        Start  53: WebSocketLimitCloseFrameTest
 53/185 Test  #53: WebSocketLimitCloseFrameTest ...............................   Passed    0.01 sec
        Start  54: PublicLogApiTest
 54/185 Test  #54: PublicLogApiTest ...........................................   Passed    0.00 sec
        Start  55: SemanticLoggerFormattingTest
 55/185 Test  #55: SemanticLoggerFormattingTest ...............................   Passed    0.00 sec
        Start  56: LogScopeOwnerTest
 56/185 Test  #56: LogScopeOwnerTest ..........................................   Passed    0.00 sec
        Start  57: SemanticLoggerScopeTest
 57/185 Test  #57: SemanticLoggerScopeTest ....................................   Passed    0.01 sec
        Start  58: SemanticLoggerBackendTest
 58/185 Test  #58: SemanticLoggerBackendTest ..................................   Passed    0.01 sec
        Start  59: SemanticLoggerFilteringTest
 59/185 Test  #59: SemanticLoggerFilteringTest ................................   Passed    0.01 sec
        Start  60: SemanticLoggerDisabledPathTest
 60/185 Test  #60: SemanticLoggerDisabledPathTest .............................   Passed    0.01 sec
        Start  61: SemanticLoggerCacheTest
 61/185 Test  #61: SemanticLoggerCacheTest ....................................   Passed    0.00 sec
        Start  62: SemanticEndToEndOutputTest
 62/185 Test  #62: SemanticEndToEndOutputTest .................................   Passed    0.00 sec
        Start  63: SemanticTerminalColorRoutingTest
 63/185 Test  #63: SemanticTerminalColorRoutingTest ...........................   Passed    0.00 sec
        Start  64: SemanticCliIntegrationTest
 64/185 Test  #64: SemanticCliIntegrationTest .................................   Passed    0.00 sec
        Start  65: Mqtt311PacketValidationTest
 65/185 Test  #65: Mqtt311PacketValidationTest ................................   Passed    0.01 sec
        Start  66: MqttLifecycleTest
 66/185 Test  #66: MqttLifecycleTest ..........................................   Passed    0.01 sec
        Start  67: ConfigFormatterCommentMetadataTest
 67/185 Test  #67: ConfigFormatterCommentMetadataTest .........................   Passed    0.01 sec
        Start  68: ConfigRequirementStateTest
 68/185 Test  #68: ConfigRequirementStateTest .................................   Passed    0.01 sec
        Start  69: HexDumpPresentationTest
 69/185 Test  #69: HexDumpPresentationTest ....................................   Passed    0.00 sec
        Start  70: SingleshotTimerTest
 70/185 Test  #70: SingleshotTimerTest ........................................   Passed    0.01 sec
        Start  71: IntervalTimerStopableTest
 71/185 Test  #71: IntervalTimerStopableTest ..................................   Passed    0.01 sec
        Start  72: SNodeCStopFromCallbackTest
 72/185 Test  #72: SNodeCStopFromCallbackTest .................................   Passed    0.01 sec
        Start  73: SNodeCReconfigureTest
 73/185 Test  #73: SNodeCReconfigureTest ......................................   Passed    0.01 sec
        Start  74: TimerCancelBeforeFireTest
 74/185 Test  #74: TimerCancelBeforeFireTest ..................................   Passed    0.01 sec
        Start  75: IntervalTimerCancelFromCallbackTest
 75/185 Test  #75: IntervalTimerCancelFromCallbackTest ........................   Passed    0.01 sec
        Start  76: PipeBoundedQueueTest
 76/185 Test  #76: PipeBoundedQueueTest .......................................   Passed    0.01 sec
        Start  77: PipeOwnershipTest
 77/185 Test  #77: PipeOwnershipTest ..........................................   Passed    0.01 sec
        Start  78: PipeImmediateCloseTest
 78/185 Test  #78: PipeImmediateCloseTest .....................................   Passed    0.01 sec
        Start  79: PipeSinkFairnessTest
 79/185 Test  #79: PipeSinkFairnessTest .......................................   Passed    0.01 sec
        Start  80: PipeTimeoutTest
 80/185 Test  #80: PipeTimeoutTest ............................................   Passed    0.06 sec
        Start  81: DescriptorRegistrationFailureTest
 81/185 Test  #81: DescriptorRegistrationFailureTest ..........................   Passed    0.01 sec
        Start  82: FileReaderTest
 82/185 Test  #82: FileReaderTest .............................................   Passed    0.01 sec
        Start  83: ShutdownReceiverNotification_requested
 83/185 Test  #83: ShutdownReceiverNotification_requested .....................   Passed    0.01 sec
        Start  84: ShutdownReceiverNotification_signal
 84/185 Test  #84: ShutdownReceiverNotification_signal ........................   Passed    0.01 sec
        Start  85: ShutdownReceiverNotification_signal-wait
 85/185 Test  #85: ShutdownReceiverNotification_signal-wait ...................   Passed    0.11 sec
        Start  86: InetLegacyServerClientCompositionTest
 86/185 Test  #86: InetLegacyServerClientCompositionTest ......................   Passed    0.01 sec
        Start  87: Inet6LegacyServerClientCompositionTest
 87/185 Test  #87: Inet6LegacyServerClientCompositionTest .....................   Passed    0.01 sec
        Start  88: UnixLegacyServerClientCompositionTest
 88/185 Test  #88: UnixLegacyServerClientCompositionTest ......................   Passed    0.01 sec
        Start  89: InetLegacyServerMultipleClientsCompositionTest
 89/185 Test  #89: InetLegacyServerMultipleClientsCompositionTest .............   Passed    0.01 sec
        Start  90: Inet6LegacyServerMultipleClientsCompositionTest
 90/185 Test  #90: Inet6LegacyServerMultipleClientsCompositionTest ............   Passed    0.02 sec
        Start  91: UnixLegacyServerMultipleClientsCompositionTest
 91/185 Test  #91: UnixLegacyServerMultipleClientsCompositionTest .............   Passed    0.01 sec
        Start  92: InetLegacyServerClientMultiMessagePayloadExchangeTest
 92/185 Test  #92: InetLegacyServerClientMultiMessagePayloadExchangeTest ......   Passed    0.02 sec
        Start  93: Inet6LegacyServerClientMultiMessagePayloadExchangeTest
 93/185 Test  #93: Inet6LegacyServerClientMultiMessagePayloadExchangeTest .....   Passed    0.01 sec
        Start  94: UnixLegacyServerClientMultiMessagePayloadExchangeTest
 94/185 Test  #94: UnixLegacyServerClientMultiMessagePayloadExchangeTest ......   Passed    0.02 sec
        Start  95: InetLegacyServerMultipleClientsPayloadExchangeTest
 95/185 Test  #95: InetLegacyServerMultipleClientsPayloadExchangeTest .........   Passed    0.02 sec
        Start  96: Inet6LegacyServerMultipleClientsPayloadExchangeTest
 96/185 Test  #96: Inet6LegacyServerMultipleClientsPayloadExchangeTest ........   Passed    0.02 sec
        Start  97: UnixLegacyServerMultipleClientsPayloadExchangeTest
 97/185 Test  #97: UnixLegacyServerMultipleClientsPayloadExchangeTest .........   Passed    0.01 sec
        Start  98: UnixLegacyServerClientPayloadExchangeTest
 98/185 Test  #98: UnixLegacyServerClientPayloadExchangeTest ..................   Passed    0.01 sec
        Start  99: UnixLegacyServerClientDisconnectLifecycleTest
 99/185 Test  #99: UnixLegacyServerClientDisconnectLifecycleTest ..............   Passed    0.01 sec
        Start 100: UnixLegacyClientConnectFailureTest
100/185 Test #100: UnixLegacyClientConnectFailureTest .........................   Passed    0.01 sec
        Start 101: InetLegacyServerClientPayloadExchangeTest
101/185 Test #101: InetLegacyServerClientPayloadExchangeTest ..................   Passed    0.02 sec
        Start 102: InetLegacyServerClientDisconnectLifecycleTest
102/185 Test #102: InetLegacyServerClientDisconnectLifecycleTest ..............   Passed    0.02 sec
        Start 103: InetLegacyClientConnectFailureTest
103/185 Test #103: InetLegacyClientConnectFailureTest .........................   Passed    0.01 sec
        Start 104: Inet6LegacyServerClientPayloadExchangeTest
104/185 Test #104: Inet6LegacyServerClientPayloadExchangeTest .................   Passed    0.01 sec
        Start 105: Inet6LegacyServerClientDisconnectLifecycleTest
105/185 Test #105: Inet6LegacyServerClientDisconnectLifecycleTest .............   Passed    0.01 sec
        Start 106: Inet6LegacyClientConnectFailureTest
106/185 Test #106: Inet6LegacyClientConnectFailureTest ........................   Passed    0.02 sec
        Start 107: InetLegacyServerEffectiveListenAddressTest
107/185 Test #107: InetLegacyServerEffectiveListenAddressTest .................   Passed    0.01 sec
        Start 108: InetPhysicalServerEffectiveBindAddressTest
108/185 Test #108: InetPhysicalServerEffectiveBindAddressTest .................   Passed    0.00 sec
        Start 109: UnixPhysicalSocketPathSafetyTest
109/185 Test #109: UnixPhysicalSocketPathSafetyTest ...........................   Passed    0.01 sec
        Start 110: InetLegacyServerClientLargePayloadExchangeTest
110/185 Test #110: InetLegacyServerClientLargePayloadExchangeTest .............   Passed    0.01 sec
        Start 111: InetLegacyServerClientFramedPayloadExchangeTest
111/185 Test #111: InetLegacyServerClientFramedPayloadExchangeTest ............   Passed    0.02 sec
        Start 112: Inet6LegacyServerClientFramedPayloadExchangeTest
112/185 Test #112: Inet6LegacyServerClientFramedPayloadExchangeTest ...........   Passed    0.02 sec
        Start 113: UnixLegacyServerClientFramedPayloadExchangeTest
113/185 Test #113: UnixLegacyServerClientFramedPayloadExchangeTest ............   Passed    0.02 sec
        Start 114: Inet6LegacyServerClientLargePayloadExchangeTest
114/185 Test #114: Inet6LegacyServerClientLargePayloadExchangeTest ............   Passed    0.01 sec
        Start 115: UnixLegacyServerClientLargePayloadExchangeTest
115/185 Test #115: UnixLegacyServerClientLargePayloadExchangeTest .............   Passed    0.01 sec
        Start 116: InetLegacyServerControlledCloseLifecycleTest
116/185 Test #116: InetLegacyServerControlledCloseLifecycleTest ...............   Passed    0.01 sec
        Start 117: Inet6LegacyServerControlledCloseLifecycleTest
117/185 Test #117: Inet6LegacyServerControlledCloseLifecycleTest ..............   Passed    0.01 sec
        Start 118: UnixLegacyServerControlledCloseLifecycleTest
118/185 Test #118: UnixLegacyServerControlledCloseLifecycleTest ...............   Passed    0.01 sec
        Start 119: InetLegacyServerMultipleClientsDisconnectLifecycleTest
119/185 Test #119: InetLegacyServerMultipleClientsDisconnectLifecycleTest .....   Passed    0.01 sec
        Start 120: Inet6LegacyServerMultipleClientsDisconnectLifecycleTest
120/185 Test #120: Inet6LegacyServerMultipleClientsDisconnectLifecycleTest ....   Passed    0.01 sec
        Start 121: UnixLegacyServerMultipleClientsDisconnectLifecycleTest
121/185 Test #121: UnixLegacyServerMultipleClientsDisconnectLifecycleTest .....   Passed    0.01 sec
        Start 122: InetPerCallFlowTest
122/185 Test #122: InetPerCallFlowTest ........................................   Passed    0.02 sec
        Start 123: InetHttpServerClientGetRoundTripTest
123/185 Test #123: InetHttpServerClientGetRoundTripTest .......................   Passed    0.02 sec
        Start 124: InetHttpClientParserLimitTest
124/185 Test #124: InetHttpClientParserLimitTest ..............................   Passed    0.02 sec
        Start 125: InetHttpServerRequestPolicyTest
125/185 Test #125: InetHttpServerRequestPolicyTest ............................   Passed    0.02 sec
        Start 126: InetHttpServerPipeliningPolicyTest
126/185 Test #126: InetHttpServerPipeliningPolicyTest .........................   Passed    0.02 sec
        Start 127: Inet6HttpServerClientGetRoundTripTest
127/185 Test #127: Inet6HttpServerClientGetRoundTripTest ......................   Passed    0.02 sec
        Start 128: UnixHttpServerClientGetRoundTripTest
128/185 Test #128: UnixHttpServerClientGetRoundTripTest .......................   Passed    0.02 sec
        Start 129: InetHttpServerClientPostBodyRoundTripTest
129/185 Test #129: InetHttpServerClientPostBodyRoundTripTest ..................   Passed    0.02 sec
        Start 130: Inet6HttpServerClientPostBodyRoundTripTest
130/185 Test #130: Inet6HttpServerClientPostBodyRoundTripTest .................   Passed    0.02 sec
        Start 131: UnixHttpServerClientPostBodyRoundTripTest
131/185 Test #131: UnixHttpServerClientPostBodyRoundTripTest ..................   Passed    0.02 sec
        Start 132: InetHttpServerClientStatusVariantTest
132/185 Test #132: InetHttpServerClientStatusVariantTest ......................   Passed    0.02 sec
        Start 133: Inet6HttpServerClientStatusVariantTest
133/185 Test #133: Inet6HttpServerClientStatusVariantTest .....................   Passed    0.03 sec
        Start 134: UnixHttpServerClientStatusVariantTest
134/185 Test #134: UnixHttpServerClientStatusVariantTest ......................   Passed    0.02 sec
        Start 135: InetHttpServerClientRepeatedRequestTest
135/185 Test #135: InetHttpServerClientRepeatedRequestTest ....................   Passed    0.02 sec
        Start 136: InetHttpServerClientDisconnectLifecycleTest
136/185 Test #136: InetHttpServerClientDisconnectLifecycleTest ................   Passed    0.02 sec
        Start 137: InetHttpClientPrematureServerCloseTest
137/185 Test #137: InetHttpClientPrematureServerCloseTest .....................   Passed    0.02 sec
        Start 138: InetHttpServerClientLargeResponseBodyTest
138/185 Test #138: InetHttpServerClientLargeResponseBodyTest ..................   Passed    0.02 sec
        Start 139: InetHttpServerClientLargeRequestBodyTest
139/185 Test #139: InetHttpServerClientLargeRequestBodyTest ...................   Passed    0.02 sec
        Start 140: InetHttpServerClientHeaderHeavyRequestTest
140/185 Test #140: InetHttpServerClientHeaderHeavyRequestTest .................   Passed    0.02 sec
        Start 141: InetHttpServerClientHeaderHeavyResponseTest
141/185 Test #141: InetHttpServerClientHeaderHeavyResponseTest ................   Passed    0.02 sec
        Start 142: InetHttpClientConnectFailureTest
142/185 Test #142: InetHttpClientConnectFailureTest ...........................   Passed    0.01 sec
        Start 143: InetHttpServerClientChunkedResponseTest
143/185 Test #143: InetHttpServerClientChunkedResponseTest ....................   Passed    0.02 sec
        Start 144: InetHttpServerClientPipeliningTest
144/185 Test #144: InetHttpServerClientPipeliningTest .........................   Passed    0.02 sec
        Start 145: InetHttpServerMalformedRequestBehaviorTest
145/185 Test #145: InetHttpServerMalformedRequestBehaviorTest .................   Passed    0.02 sec
        Start 146: InetHttpClientMalformedResponseBehaviorTest
146/185 Test #146: InetHttpClientMalformedResponseBehaviorTest ................   Passed    0.02 sec
        Start 147: InetHttpServerClientChunkedRequestTest
147/185 Test #147: InetHttpServerClientChunkedRequestTest .....................   Passed    0.02 sec
        Start 148: InetExpressRoutingMiddlewareTest
148/185 Test #148: InetExpressRoutingMiddlewareTest ...........................   Passed    0.03 sec
        Start 149: InetExpressHttpParserLimitTest
149/185 Test #149: InetExpressHttpParserLimitTest .............................   Passed    0.02 sec
        Start 150: Inet6ExpressTransportSmokeTest
150/185 Test #150: Inet6ExpressTransportSmokeTest .............................   Passed    0.02 sec
        Start 151: UnixExpressTransportSmokeTest
151/185 Test #151: UnixExpressTransportSmokeTest ..............................   Passed    0.02 sec
        Start 152: InetExpressMiddlewareShortCircuitTest
152/185 Test #152: InetExpressMiddlewareShortCircuitTest ......................   Passed    0.02 sec
        Start 153: InetExpressRoutingEdgeBasicsTest
153/185 Test #153: InetExpressRoutingEdgeBasicsTest ...........................   Passed    0.02 sec
        Start 154: InetExpressMountedRouterBasicsTest
154/185 Test #154: InetExpressMountedRouterBasicsTest .........................   Passed    0.02 sec
        Start 155: InetExpressNestedRouterBasicsTest
155/185 Test #155: InetExpressNestedRouterBasicsTest ..........................   Passed    0.02 sec
        Start 156: InetExpressRouteParameterRegexTest
156/185 Test #156: InetExpressRouteParameterRegexTest .........................   Passed    0.02 sec
        Start 157: InetExpressMiddlewareMountOrderTest
157/185 Test #157: InetExpressMiddlewareMountOrderTest ........................   Passed    0.02 sec
        Start 158: InetExpressQueryMountInteractionTest
158/185 Test #158: InetExpressQueryMountInteractionTest .......................   Passed    0.02 sec
        Start 159: InetExpressFallbackNotFoundTest
159/185 Test #159: InetExpressFallbackNotFoundTest ............................   Passed    0.02 sec
        Start 160: InetWebSocketServerClientTextEchoTest
160/185 Test #160: InetWebSocketServerClientTextEchoTest ......................   Passed    0.02 sec
        Start 161: Inet6WebSocketServerClientTextEchoTest
161/185 Test #161: Inet6WebSocketServerClientTextEchoTest .....................   Passed    0.02 sec
        Start 162: UnixWebSocketServerClientTextEchoTest
162/185 Test #162: UnixWebSocketServerClientTextEchoTest ......................   Passed    0.02 sec
        Start 163: InetWebSocketServerClientMultiTextMessageTest
163/185 Test #163: InetWebSocketServerClientMultiTextMessageTest ..............   Passed    0.02 sec
        Start 164: InetWebSocketServerClientBinaryEchoTest
164/185 Test #164: InetWebSocketServerClientBinaryEchoTest ....................   Passed    0.02 sec
        Start 165: InetWebSocketServerClientCloseHandshakeTest
165/185 Test #165: InetWebSocketServerClientCloseHandshakeTest ................   Passed    0.04 sec
        Start 166: InetWebSocketServerClientPingPongTest
166/185 Test #166: InetWebSocketServerClientPingPongTest ......................   Passed    0.03 sec
        Start 167: InetWebSocketServerInitiatedCloseTest
167/185 Test #167: InetWebSocketServerInitiatedCloseTest ......................   Passed    0.04 sec
        Start 168: InetWebSocketUnexpectedCloseLifecycleTest
168/185 Test #168: InetWebSocketUnexpectedCloseLifecycleTest ..................   Passed    0.04 sec
        Start 169: InetWebSocketLargeTextMessageTest
169/185 Test #169: InetWebSocketLargeTextMessageTest ..........................   Passed    0.02 sec
        Start 170: InetWebSocketLargeBinaryMessageTest
170/185 Test #170: InetWebSocketLargeBinaryMessageTest ........................   Passed    0.03 sec
        Start 171: InetSseEventSourceBasicEventTest
171/185 Test #171: InetSseEventSourceBasicEventTest ...........................   Passed    0.02 sec
        Start 172: InetSseEventSourceMultiEventSequenceTest
172/185 Test #172: InetSseEventSourceMultiEventSequenceTest ...................   Passed    0.02 sec
        Start 173: InetSseEventSourceMultiLineDataTest
173/185 Test #173: InetSseEventSourceMultiLineDataTest ........................   Passed    0.02 sec
        Start 174: InetSseEventSourceCommentIgnoredTest
174/185 Test #174: InetSseEventSourceCommentIgnoredTest .......................   Passed    0.02 sec
        Start 175: InetSseEventSourceDefaultMessageEventTest
175/185 Test #175: InetSseEventSourceDefaultMessageEventTest ..................   Passed    0.02 sec
        Start 176: InetSseEventSourceClientCloseAfterEventTest
176/185 Test #176: InetSseEventSourceClientCloseAfterEventTest ................   Passed    0.03 sec
        Start 177: InetSseEventSourceRetryFieldTest
177/185 Test #177: InetSseEventSourceRetryFieldTest ...........................   Passed    0.02 sec
        Start 178: InetSseEventSourceReconnectLifecycleTest
178/185 Test #178: InetSseEventSourceReconnectLifecycleTest ...................   Passed    3.03 sec
        Start 179: InetSseEventSourceDestructionLifecycleTest
179/185 Test #179: InetSseEventSourceDestructionLifecycleTest .................   Passed    0.04 sec
        Start 180: ParameterlessSemanticLoggerPolicyTest
180/185 Test #180: ParameterlessSemanticLoggerPolicyTest ......................   Passed    0.25 sec
        Start 181: LoggingApiSurfacePolicyTest
181/185 Test #181: LoggingApiSurfacePolicyTest ................................   Passed    0.01 sec
        Start 182: EpollDescriptorPublisherPolicyTest
182/185 Test #182: EpollDescriptorPublisherPolicyTest .........................   Passed    0.00 sec
        Start 183: EventLoopSyscallDisciplinePolicyTest
183/185 Test #183: EventLoopSyscallDisciplinePolicyTest .......................   Passed    0.00 sec
        Start 184: SensitiveLoggingPolicyTest
184/185 Test #184: SensitiveLoggingPolicyTest .................................   Passed    0.27 sec
        Start 185: CiWorkflowPathsPolicyTest
185/185 Test #185: CiWorkflowPathsPolicyTest ..................................   Passed    0.00 sec

100% tests passed, 0 tests failed out of 185

Label Time Summary:
abi                   =   0.01 sec*proc (1 test)
address               =   0.04 sec*proc (10 tests)
api                   =   0.01 sec*proc (3 tests)
architecture          =   0.26 sec*proc (3 tests)
backend               =   0.01 sec*proc (1 test)
binary                =   0.03 sec*proc (1 test)
cache                 =   0.00 sec*proc (1 test)
chunked               =   0.03 sec*proc (2 tests)
ci                    =   0.00 sec*proc (1 test)
classification        =   0.00 sec*proc (1 test)
cli                   =   0.00 sec*proc (1 test)
client                =   3.66 sec*proc (31 tests)
close                 =   0.04 sec*proc (1 test)
component             =   5.02 sec*proc (110 tests)
composition           =   0.09 sec*proc (6 tests)
config                =   0.03 sec*proc (4 tests)
connect-failure       =   0.05 sec*proc (4 tests)
connection            =   0.04 sec*proc (1 test)
consumer              =   6.08 sec*proc (1 test)
core                  =   5.42 sec*proc (48 tests)
credentials           =   0.00 sec*proc (1 test)
descriptor            =   0.01 sec*proc (1 test)
disconnect            =   0.09 sec*proc (6 tests)
e2e                   =   0.00 sec*proc (1 test)
effective-address     =   0.02 sec*proc (2 tests)
endpoint-counter      =   0.15 sec*proc (1 test)
epoll                 =   0.00 sec*proc (1 test)
eventsource           =   3.21 sec*proc (9 tests)
express               =   0.25 sec*proc (12 tests)
fatal                 =   0.02 sec*proc (1 test)
file                  =   0.01 sec*proc (1 test)
filter                =   0.01 sec*proc (1 test)
flow                  =   0.02 sec*proc (1 test)
format                =   0.03 sec*proc (7 tests)
framed-payload        =   0.06 sec*proc (3 tests)
headers               =   0.04 sec*proc (3 tests)
hexdump               =   0.00 sec*proc (1 test)
http                  =   0.53 sec*proc (35 tests)
init                  =   0.00 sec*proc (1 test)
install               =   6.08 sec*proc (1 test)
integration           =   0.00 sec*proc (1 test)
invalid               =   0.01 sec*proc (2 tests)
io                    =   0.02 sec*proc (1 test)
ipv4                  =   4.24 sec*proc (63 tests)
ipv6                  =   0.27 sec*proc (18 tests)
large                 =   0.05 sec*proc (2 tests)
large-payload         =   0.04 sec*proc (3 tests)
legacy                =   4.73 sec*proc (93 tests)
lifecycle             =   7.77 sec*proc (34 tests)
listen                =   0.02 sec*proc (2 tests)
listener              =   0.01 sec*proc (1 test)
log                   =   3.72 sec*proc (21 tests)
malformed-request     =   0.02 sec*proc (1 test)
malformed-response    =   0.02 sec*proc (1 test)
message               =   0.04 sec*proc (6 tests)
middleware            =   0.09 sec*proc (4 tests)
mount-order           =   0.02 sec*proc (1 test)
mounted-router        =   0.02 sec*proc (1 test)
mqtt                  =   0.01 sec*proc (2 tests)
mqtt311               =   0.01 sec*proc (1 test)
multi-client          =   0.13 sec*proc (9 tests)
multi-message         =   0.05 sec*proc (3 tests)
native                =   0.01 sec*proc (2 tests)
nested-router         =   0.02 sec*proc (1 test)
net                   =   0.57 sec*proc (48 tests)
not-found             =   0.02 sec*proc (1 test)
overhead              =   0.01 sec*proc (2 tests)
ownership             =   0.01 sec*proc (2 tests)
parameter-regex       =   0.02 sec*proc (1 test)
parser-limit          =   0.03 sec*proc (2 tests)
path                  =   0.00 sec*proc (1 test)
path-safety           =   0.01 sec*proc (1 test)
payload               =   0.13 sec*proc (9 tests)
pending               =   0.02 sec*proc (1 test)
pipe                  =   0.09 sec*proc (5 tests)
pipelining            =   0.04 sec*proc (2 tests)
policy                =   0.53 sec*proc (7 tests)
presentation          =   0.01 sec*proc (1 test)
protocol              =   0.01 sec*proc (1 test)
query                 =   0.03 sec*proc (2 tests)
request               =   0.03 sec*proc (2 tests)
request-policy        =   0.04 sec*proc (2 tests)
resource-policy       =   0.02 sec*proc (2 tests)
response              =   0.04 sec*proc (2 tests)
routing               =   0.22 sec*proc (11 tests)
scope                 =   0.01 sec*proc (1 test)
security              =   0.27 sec*proc (2 tests)
server                =   3.68 sec*proc (32 tests)
server-close          =   0.04 sec*proc (3 tests)
server-initiated      =   0.04 sec*proc (1 test)
shutdown              =   4.34 sec*proc (20 tests)
smoke                 =   0.01 sec*proc (1 test)
sse                   =   3.21 sec*proc (9 tests)
state-machine         =   0.60 sec*proc (1 test)
stream                =   4.76 sec*proc (55 tests)
streaming             =   0.02 sec*proc (2 tests)
syscall               =   0.00 sec*proc (1 test)
target                =   0.01 sec*proc (1 test)
text                  =   0.02 sec*proc (1 test)
timer                 =   0.03 sec*proc (4 tests)
tls                   =   4.72 sec*proc (15 tests)
unexpected-close      =   0.04 sec*proc (1 test)
unit                  =   5.33 sec*proc (68 tests)
unix                  =   0.25 sec*proc (20 tests)
utils                 =   0.02 sec*proc (3 tests)
validation            =   0.01 sec*proc (2 tests)
websocket             =   0.30 sec*proc (13 tests)
writer                =   0.01 sec*proc (1 test)

Total Test time (real) =  16.99 sec
-- Install configuration: "Debug"
-- Installing: /workspace/install/snodec/lib/libsnodec-logger.so.2.0.0
-- Up-to-date: /workspace/install/snodec/lib/libsnodec-logger.so.2
-- Up-to-date: /workspace/install/snodec/lib/libsnodec-logger.so
-- Up-to-date: /workspace/install/snodec/include/snode.c/log
-- Installing: /workspace/install/snodec/include/snode.c/log/Logger.h
-- Installing: /workspace/install/snodec/include/snode.c/log/LogScopeOwner.h
-- Installing: /workspace/install/snodec/include/snode.c/log/SemanticLogger.h
-- Up-to-date: /workspace/install/snodec/lib/cmake/snodec/snodec_logger_Targets.cmake
-- Up-to-date: /workspace/install/snodec/lib/cmake/snodec/snodec_logger_Targets-debug.cmake
-- Installing: /workspace/install/snodec/lib/libsnodec-utils.so.2.0.0
-- Up-to-date: /workspace/install/snodec/lib/libsnodec-utils.so.2
-- Set non-toolchain portion of runtime path of "/workspace/install/snodec/lib/libsnodec-utils.so.2.0.0" to ""
-- Up-to-date: /workspace/install/snodec/lib/libsnodec-utils.so
-- Up-to-date: /workspace/install/snodec/include/snode.c/utils
-- Installing: /workspace/install/snodec/include/snode.c/utils/base64.h
-- Installing: /workspace/install/snodec/include/snode.c/utils/CLI11.hpp
-- Installing: /workspace/install/snodec/include/snode.c/utils/PreserveErrno.h
-- Installing: /workspace/install/snodec/include/snode.c/utils/Formatter.h
-- Installing: /workspace/install/snodec/include/snode.c/utils/hexdump.h
-- Installing: /workspace/install/snodec/include/snode.c/utils/Timeval.h
-- Installing: /workspace/install/snodec/include/snode.c/utils/SubCommand.h
-- Installing: /workspace/install/snodec/include/snode.c/utils/sha1.h
-- Installing: /workspace/install/snodec/include/snode.c/utils/Config.h
-- Installing: /workspace/install/snodec/include/snode.c/utils/Daemon.h
-- Installing: /workspace/install/snodec/include/snode.c/utils/AttributeInjector.h
-- Installing: /workspace/install/snodec/include/snode.c/utils/Random.h
-- Installing: /workspace/install/snodec/include/snode.c/utils/Uuid.h
-- Up-to-date: /workspace/install/snodec/include/snode.c/utils/system
-- Installing: /workspace/install/snodec/include/snode.c/utils/system/signal.h
-- Installing: /workspace/install/snodec/include/snode.c/utils/system/time.h
-- Up-to-date: /workspace/install/snodec/lib/cmake/snodec/snodec_utils_Targets.cmake
-- Up-to-date: /workspace/install/snodec/lib/cmake/snodec/snodec_utils_Targets-debug.cmake
-- Installing: /workspace/install/snodec/lib/libsnodec-core-mux-epoll.so.2.0.0
-- Up-to-date: /workspace/install/snodec/lib/libsnodec-core-mux-epoll.so.2
-- Up-to-date: /workspace/install/snodec/lib/libsnodec-core-mux-epoll.so
-- Up-to-date: /workspace/install/snodec/lib/cmake/snodec/snodec_mux-epoll_Targets.cmake
-- Up-to-date: /workspace/install/snodec/lib/cmake/snodec/snodec_mux-epoll_Targets-debug.cmake
-- Installing: /workspace/install/snodec/lib/libsnodec-core-mux-poll.so.2.0.0
-- Up-to-date: /workspace/install/snodec/lib/libsnodec-core-mux-poll.so.2
-- Up-to-date: /workspace/install/snodec/lib/libsnodec-core-mux-poll.so
-- Up-to-date: /workspace/install/snodec/lib/cmake/snodec/snodec_mux-poll_Targets.cmake
-- Up-to-date: /workspace/install/snodec/lib/cmake/snodec/snodec_mux-poll_Targets-debug.cmake
-- Installing: /workspace/install/snodec/lib/libsnodec-core-mux-select.so.2.0.0
-- Up-to-date: /workspace/install/snodec/lib/libsnodec-core-mux-select.so.2
-- Up-to-date: /workspace/install/snodec/lib/libsnodec-core-mux-select.so
-- Up-to-date: /workspace/install/snodec/lib/cmake/snodec/snodec_mux-select_Targets.cmake
-- Up-to-date: /workspace/install/snodec/lib/cmake/snodec/snodec_mux-select_Targets-debug.cmake
-- Installing: /workspace/install/snodec/lib/libsnodec-core.so.2.0.0
-- Up-to-date: /workspace/install/snodec/lib/libsnodec-core.so.2
-- Set non-toolchain portion of runtime path of "/workspace/install/snodec/lib/libsnodec-core.so.2.0.0" to ""
-- Up-to-date: /workspace/install/snodec/lib/libsnodec-core.so
-- Up-to-date: /workspace/install/snodec/include/snode.c/core
-- Installing: /workspace/install/snodec/include/snode.c/core/Shutdown.h
-- Installing: /workspace/install/snodec/include/snode.c/core/DynamicLoader.h
-- Up-to-date: /workspace/install/snodec/include/snode.c/core/pipe
-- Installing: /workspace/install/snodec/include/snode.c/core/pipe/Source.h
-- Installing: /workspace/install/snodec/include/snode.c/core/pipe/Pipe.h
-- Installing: /workspace/install/snodec/include/snode.c/core/pipe/PipeSink.h
-- Installing: /workspace/install/snodec/include/snode.c/core/pipe/PipeSource.h
-- Installing: /workspace/install/snodec/include/snode.c/core/pipe/Sink.h
-- Installing: /workspace/install/snodec/include/snode.c/core/Event.h
-- Up-to-date: /workspace/install/snodec/include/snode.c/core/timer
-- Installing: /workspace/install/snodec/include/snode.c/core/timer/Timer.h
-- Installing: /workspace/install/snodec/include/snode.c/core/timer/SingleshotTimer.h
-- Installing: /workspace/install/snodec/include/snode.c/core/Timer.h
-- Installing: /workspace/install/snodec/include/snode.c/core/DescriptorEventReceiver.h
-- Installing: /workspace/install/snodec/include/snode.c/core/State.h
-- Installing: /workspace/install/snodec/include/snode.c/core/TickStatus.h
-- Up-to-date: /workspace/install/snodec/include/snode.c/core/eventreceiver
-- Installing: /workspace/install/snodec/include/snode.c/core/eventreceiver/ReadEventReceiver.h
-- Installing: /workspace/install/snodec/include/snode.c/core/eventreceiver/ConnectEventReceiver.h
-- Installing: /workspace/install/snodec/include/snode.c/core/eventreceiver/ExceptionalConditionEventReceiver.h
-- Installing: /workspace/install/snodec/include/snode.c/core/eventreceiver/WriteEventReceiver.h
-- Installing: /workspace/install/snodec/include/snode.c/core/eventreceiver/AcceptEventReceiver.h
-- Installing: /workspace/install/snodec/include/snode.c/core/SNodeC.h
-- Installing: /workspace/install/snodec/include/snode.c/core/EventReceiver.h
-- Installing: /workspace/install/snodec/include/snode.c/core/TimerEventReceiver.h
-- Up-to-date: /workspace/install/snodec/include/snode.c/core/file
-- Installing: /workspace/install/snodec/include/snode.c/core/file/File.h
-- Installing: /workspace/install/snodec/include/snode.c/core/file/FileReader.h
-- Up-to-date: /workspace/install/snodec/include/snode.c/core/system
-- Installing: /workspace/install/snodec/include/snode.c/core/system/netdb.h
-- Installing: /workspace/install/snodec/include/snode.c/core/system/poll.h
-- Installing: /workspace/install/snodec/include/snode.c/core/system/socket.h
-- Installing: /workspace/install/snodec/include/snode.c/core/system/select.h
-- Installing: /workspace/install/snodec/include/snode.c/core/system/unistd.h
-- Installing: /workspace/install/snodec/include/snode.c/core/system/epoll.h
-- Installing: /workspace/install/snodec/include/snode.c/core/system/dlfcn.h
-- Installing: /workspace/install/snodec/include/snode.c/core/Descriptor.h
-- Up-to-date: /workspace/install/snodec/lib/cmake/snodec/snodec_core_Targets.cmake
-- Up-to-date: /workspace/install/snodec/lib/cmake/snodec/snodec_core_Targets-debug.cmake
-- Installing: /workspace/install/snodec/lib/libsnodec-core-socket.so.2.0.0
-- Up-to-date: /workspace/install/snodec/lib/libsnodec-core-socket.so.2
-- Set non-toolchain portion of runtime path of "/workspace/install/snodec/lib/libsnodec-core-socket.so.2.0.0" to ""
-- Up-to-date: /workspace/install/snodec/lib/libsnodec-core-socket.so
-- Up-to-date: /workspace/install/snodec/include/snode.c/core/socket
-- Installing: /workspace/install/snodec/include/snode.c/core/socket/SocketContext.h
-- Installing: /workspace/install/snodec/include/snode.c/core/socket/Socket.h
-- Installing: /workspace/install/snodec/include/snode.c/core/socket/State.h
-- Installing: /workspace/install/snodec/include/snode.c/core/socket/Socket.hpp
-- Installing: /workspace/install/snodec/include/snode.c/core/socket/SocketAddress.h
-- Up-to-date: /workspace/install/snodec/lib/cmake/snodec/snodec_core-socket_Targets.cmake
-- Up-to-date: /workspace/install/snodec/lib/cmake/snodec/snodec_core-socket_Targets-debug.cmake
-- Installing: /workspace/install/snodec/lib/libsnodec-core-socket-stream.so.2.0.0
-- Up-to-date: /workspace/install/snodec/lib/libsnodec-core-socket-stream.so.2
-- Set non-toolchain portion of runtime path of "/workspace/install/snodec/lib/libsnodec-core-socket-stream.so.2.0.0" to ""
-- Up-to-date: /workspace/install/snodec/lib/libsnodec-core-socket-stream.so
-- Up-to-date: /workspace/install/snodec/include/snode.c/core/socket/stream
-- Installing: /workspace/install/snodec/include/snode.c/core/socket/stream/SocketContext.h
-- Installing: /workspace/install/snodec/include/snode.c/core/socket/stream/SocketContextFactory.h
-- Installing: /workspace/install/snodec/include/snode.c/core/socket/stream/SocketClient.h
-- Installing: /workspace/install/snodec/include/snode.c/core/socket/stream/SocketConnection.hpp
-- Installing: /workspace/install/snodec/include/snode.c/core/socket/stream/SocketAcceptor.hpp
-- Installing: /workspace/install/snodec/include/snode.c/core/socket/stream/FlowController.hpp
-- Installing: /workspace/install/snodec/include/snode.c/core/socket/stream/SocketConnection.h
-- Installing: /workspace/install/snodec/include/snode.c/core/socket/stream/ClientFlowController.h
-- Installing: /workspace/install/snodec/include/snode.c/core/socket/stream/SocketConnector.h
-- Installing: /workspace/install/snodec/include/snode.c/core/socket/stream/SocketConnector.hpp
-- Installing: /workspace/install/snodec/include/snode.c/core/socket/stream/QueueResult.h
-- Installing: /workspace/install/snodec/include/snode.c/core/socket/stream/SocketReader.h
-- Installing: /workspace/install/snodec/include/snode.c/core/socket/stream/SocketWriter.h
-- Installing: /workspace/install/snodec/include/snode.c/core/socket/stream/FlowController.h
-- Installing: /workspace/install/snodec/include/snode.c/core/socket/stream/SocketServer.h
-- Installing: /workspace/install/snodec/include/snode.c/core/socket/stream/ServerFlowController.h
-- Installing: /workspace/install/snodec/include/snode.c/core/socket/stream/SocketAcceptor.h
-- Up-to-date: /workspace/install/snodec/lib/cmake/snodec/snodec_core-socket-stream_Targets.cmake
-- Up-to-date: /workspace/install/snodec/lib/cmake/snodec/snodec_core-socket-stream_Targets-debug.cmake
-- Installing: /workspace/install/snodec/lib/libsnodec-core-socket-stream-legacy.so.2.0.0
-- Up-to-date: /workspace/install/snodec/lib/libsnodec-core-socket-stream-legacy.so.2
-- Set non-toolchain portion of runtime path of "/workspace/install/snodec/lib/libsnodec-core-socket-stream-legacy.so.2.0.0" to ""
-- Up-to-date: /workspace/install/snodec/lib/libsnodec-core-socket-stream-legacy.so
-- Up-to-date: /workspace/install/snodec/include/snode.c/core/socket/stream/legacy
-- Installing: /workspace/install/snodec/include/snode.c/core/socket/stream/legacy/SocketConnection.hpp
-- Installing: /workspace/install/snodec/include/snode.c/core/socket/stream/legacy/SocketAcceptor.hpp
-- Installing: /workspace/install/snodec/include/snode.c/core/socket/stream/legacy/SocketConnection.h
-- Installing: /workspace/install/snodec/include/snode.c/core/socket/stream/legacy/SocketConnector.h
-- Installing: /workspace/install/snodec/include/snode.c/core/socket/stream/legacy/SocketConnector.hpp
-- Installing: /workspace/install/snodec/include/snode.c/core/socket/stream/legacy/SocketReader.h
-- Installing: /workspace/install/snodec/include/snode.c/core/socket/stream/legacy/SocketWriter.h
-- Installing: /workspace/install/snodec/include/snode.c/core/socket/stream/legacy/SocketAcceptor.h
-- Up-to-date: /workspace/install/snodec/lib/cmake/snodec/snodec_core-socket-stream-legacy_Targets.cmake
-- Up-to-date: /workspace/install/snodec/lib/cmake/snodec/snodec_core-socket-stream-legacy_Targets-debug.cmake
-- Installing: /workspace/install/snodec/lib/libsnodec-core-socket-stream-tls.so.2.0.0
-- Up-to-date: /workspace/install/snodec/lib/libsnodec-core-socket-stream-tls.so.2
-- Set non-toolchain portion of runtime path of "/workspace/install/snodec/lib/libsnodec-core-socket-stream-tls.so.2.0.0" to ""
-- Up-to-date: /workspace/install/snodec/lib/libsnodec-core-socket-stream-tls.so
-- Up-to-date: /workspace/install/snodec/include/snode.c/core/socket/stream/tls
-- Installing: /workspace/install/snodec/include/snode.c/core/socket/stream/tls/SocketConnection.hpp
-- Installing: /workspace/install/snodec/include/snode.c/core/socket/stream/tls/TLSHandshake.h
-- Installing: /workspace/install/snodec/include/snode.c/core/socket/stream/tls/SocketAcceptor.hpp
-- Installing: /workspace/install/snodec/include/snode.c/core/socket/stream/tls/TLSShutdown.h
-- Installing: /workspace/install/snodec/include/snode.c/core/socket/stream/tls/ssl_utils.h
-- Installing: /workspace/install/snodec/include/snode.c/core/socket/stream/tls/SocketConnection.h
-- Installing: /workspace/install/snodec/include/snode.c/core/socket/stream/tls/SocketConnector.h
-- Installing: /workspace/install/snodec/include/snode.c/core/socket/stream/tls/SocketConnector.hpp
-- Installing: /workspace/install/snodec/include/snode.c/core/socket/stream/tls/SocketReader.h
-- Installing: /workspace/install/snodec/include/snode.c/core/socket/stream/tls/SocketWriter.h
-- Up-to-date: /workspace/install/snodec/include/snode.c/core/socket/stream/tls/system
-- Installing: /workspace/install/snodec/include/snode.c/core/socket/stream/tls/system/ssl.h
-- Installing: /workspace/install/snodec/include/snode.c/core/socket/stream/tls/SocketAcceptor.h
-- Up-to-date: /workspace/install/snodec/lib/cmake/snodec/snodec_core-socket-stream-tls_Targets.cmake
-- Up-to-date: /workspace/install/snodec/lib/cmake/snodec/snodec_core-socket-stream-tls_Targets-debug.cmake
-- Installing: /workspace/install/snodec/lib/libsnodec-net.so.2.0.0
-- Up-to-date: /workspace/install/snodec/lib/libsnodec-net.so.2
-- Set non-toolchain portion of runtime path of "/workspace/install/snodec/lib/libsnodec-net.so.2.0.0" to ""
-- Up-to-date: /workspace/install/snodec/lib/libsnodec-net.so
-- Up-to-date: /workspace/install/snodec/include/snode.c/net
-- Installing: /workspace/install/snodec/include/snode.c/net/SocketAddress.hpp
-- Up-to-date: /workspace/install/snodec/include/snode.c/net/config
-- Installing: /workspace/install/snodec/include/snode.c/net/config/ConfigSection.h
-- Installing: /workspace/install/snodec/include/snode.c/net/config/ConfigAddress.h
-- Installing: /workspace/install/snodec/include/snode.c/net/config/ConfigAddressReverse.h
-- Installing: /workspace/install/snodec/include/snode.c/net/config/ConfigTlsServer.h
-- Installing: /workspace/install/snodec/include/snode.c/net/config/ConfigPhysicalSocket.hpp
-- Installing: /workspace/install/snodec/include/snode.c/net/config/ConfigPhysicalSocketServer.h
-- Installing: /workspace/install/snodec/include/snode.c/net/config/ConfigInstance.h
-- Installing: /workspace/install/snodec/include/snode.c/net/config/ConfigTls.h
-- Installing: /workspace/install/snodec/include/snode.c/net/config/ConfigAddressReverse.hpp
-- Installing: /workspace/install/snodec/include/snode.c/net/config/ConfigAddressBase.h
-- Installing: /workspace/install/snodec/include/snode.c/net/config/ConfigAddressRemote.hpp
-- Installing: /workspace/install/snodec/include/snode.c/net/config/ConfigAddressBase.hpp
-- Installing: /workspace/install/snodec/include/snode.c/net/config/ConfigConnection.h
-- Installing: /workspace/install/snodec/include/snode.c/net/config/ConfigAddressLocal.hpp
-- Installing: /workspace/install/snodec/include/snode.c/net/config/ConfigTls.hpp
-- Up-to-date: /workspace/install/snodec/include/snode.c/net/config/stream
-- Installing: /workspace/install/snodec/include/snode.c/net/config/stream/ConfigSocketServer.hpp
-- Up-to-date: /workspace/install/snodec/include/snode.c/net/config/stream/tls
-- Installing: /workspace/install/snodec/include/snode.c/net/config/stream/tls/ConfigSocketServer.hpp
-- Installing: /workspace/install/snodec/include/snode.c/net/config/stream/tls/ConfigSocketClient.hpp
-- Installing: /workspace/install/snodec/include/snode.c/net/config/stream/tls/ConfigSocketClient.h
-- Installing: /workspace/install/snodec/include/snode.c/net/config/stream/tls/ConfigSocketServer.h
-- Installing: /workspace/install/snodec/include/snode.c/net/config/stream/ConfigSocketClient.hpp
-- Installing: /workspace/install/snodec/include/snode.c/net/config/stream/ConfigSocketClient.h
-- Up-to-date: /workspace/install/snodec/include/snode.c/net/config/stream/legacy
-- Installing: /workspace/install/snodec/include/snode.c/net/config/stream/legacy/ConfigSocketServer.hpp
-- Installing: /workspace/install/snodec/include/snode.c/net/config/stream/legacy/ConfigSocketClient.hpp
-- Installing: /workspace/install/snodec/include/snode.c/net/config/stream/legacy/ConfigSocketClient.h
-- Installing: /workspace/install/snodec/include/snode.c/net/config/stream/legacy/ConfigSocketServer.h
-- Installing: /workspace/install/snodec/include/snode.c/net/config/stream/ConfigSocketServer.h
-- Installing: /workspace/install/snodec/include/snode.c/net/config/ConfigAddressLocal.h
-- Installing: /workspace/install/snodec/include/snode.c/net/config/ConfigPhysicalSocketClient.h
-- Installing: /workspace/install/snodec/include/snode.c/net/config/ConfigLegacy.h
-- Installing: /workspace/install/snodec/include/snode.c/net/config/ConfigTlsClient.h
-- Installing: /workspace/install/snodec/include/snode.c/net/config/ConfigAddress.hpp
-- Installing: /workspace/install/snodec/include/snode.c/net/config/ConfigPhysicalSocket.h
-- Installing: /workspace/install/snodec/include/snode.c/net/config/ConfigAddressRemote.h
-- Installing: /workspace/install/snodec/include/snode.c/net/config/ConfigSection.hpp
-- Up-to-date: /workspace/install/snodec/include/snode.c/net/phy
-- Installing: /workspace/install/snodec/include/snode.c/net/phy/PhysicalSocket.hpp
-- Installing: /workspace/install/snodec/include/snode.c/net/phy/PhysicalSocketOption.h
-- Up-to-date: /workspace/install/snodec/include/snode.c/net/phy/dgram
-- Installing: /workspace/install/snodec/include/snode.c/net/phy/dgram/PeerSocket.h
-- Installing: /workspace/install/snodec/include/snode.c/net/phy/dgram/PeerSocket.hpp
-- Up-to-date: /workspace/install/snodec/include/snode.c/net/phy/stream
-- Installing: /workspace/install/snodec/include/snode.c/net/phy/stream/PhysicalSocket.hpp
-- Installing: /workspace/install/snodec/include/snode.c/net/phy/stream/PhysicalSocketClient.h
-- Installing: /workspace/install/snodec/include/snode.c/net/phy/stream/PhysicalSocketServer.h
-- Installing: /workspace/install/snodec/include/snode.c/net/phy/stream/PhysicalSocket.h
-- Installing: /workspace/install/snodec/include/snode.c/net/phy/stream/PhysicalSocketClient.hpp
-- Installing: /workspace/install/snodec/include/snode.c/net/phy/stream/PhysicalSocketServer.hpp
-- Installing: /workspace/install/snodec/include/snode.c/net/phy/PhysicalSocket.h
-- Installing: /workspace/install/snodec/include/snode.c/net/SocketAddress.h
-- Up-to-date: /workspace/install/snodec/lib/cmake/snodec/snodec_net_Targets.cmake
-- Up-to-date: /workspace/install/snodec/lib/cmake/snodec/snodec_net_Targets-debug.cmake
-- Installing: /workspace/install/snodec/lib/libsnodec-net-in.so.2.0.0
-- Up-to-date: /workspace/install/snodec/lib/libsnodec-net-in.so.2
-- Set non-toolchain portion of runtime path of "/workspace/install/snodec/lib/libsnodec-net-in.so.2.0.0" to ""
-- Up-to-date: /workspace/install/snodec/lib/libsnodec-net-in.so
-- Up-to-date: /workspace/install/snodec/include/snode.c/net/in
-- Up-to-date: /workspace/install/snodec/include/snode.c/net/in/config
-- Installing: /workspace/install/snodec/include/snode.c/net/in/config/ConfigAddress.h
-- Installing: /workspace/install/snodec/include/snode.c/net/in/SocketAddrInfo.h
-- Installing: /workspace/install/snodec/include/snode.c/net/in/SocketAddress.h
-- Up-to-date: /workspace/install/snodec/lib/cmake/snodec/snodec_net-in_Targets.cmake
-- Up-to-date: /workspace/install/snodec/lib/cmake/snodec/snodec_net-in_Targets-debug.cmake
-- Installing: /workspace/install/snodec/lib/libsnodec-net-in-phy.so.2.0.0
-- Up-to-date: /workspace/install/snodec/lib/libsnodec-net-in-phy.so.2
-- Set non-toolchain portion of runtime path of "/workspace/install/snodec/lib/libsnodec-net-in-phy.so.2.0.0" to ""
-- Up-to-date: /workspace/install/snodec/lib/libsnodec-net-in-phy.so
-- Up-to-date: /workspace/install/snodec/include/snode.c/net/in/phy
-- Installing: /workspace/install/snodec/include/snode.c/net/in/phy/PhysicalSocket.hpp
-- Installing: /workspace/install/snodec/include/snode.c/net/in/phy/PhysicalSocket.h
-- Up-to-date: /workspace/install/snodec/lib/cmake/snodec/snodec_net-in-phy_Targets.cmake
-- Up-to-date: /workspace/install/snodec/lib/cmake/snodec/snodec_net-in-phy_Targets-debug.cmake
-- Installing: /workspace/install/snodec/lib/libsnodec-net-in-phy-stream.so.2.0.0
-- Up-to-date: /workspace/install/snodec/lib/libsnodec-net-in-phy-stream.so.2
-- Set non-toolchain portion of runtime path of "/workspace/install/snodec/lib/libsnodec-net-in-phy-stream.so.2.0.0" to ""
-- Up-to-date: /workspace/install/snodec/lib/libsnodec-net-in-phy-stream.so
-- Up-to-date: /workspace/install/snodec/include/snode.c/net/in/phy/stream
-- Installing: /workspace/install/snodec/include/snode.c/net/in/phy/stream/PhysicalSocket.hpp
-- Installing: /workspace/install/snodec/include/snode.c/net/in/phy/stream/PhysicalSocketClient.h
-- Installing: /workspace/install/snodec/include/snode.c/net/in/phy/stream/PhysicalSocketServer.h
-- Installing: /workspace/install/snodec/include/snode.c/net/in/phy/stream/PhysicalSocket.h
-- Up-to-date: /workspace/install/snodec/lib/cmake/snodec/snodec_net-in-phy-stream_Targets.cmake
-- Up-to-date: /workspace/install/snodec/lib/cmake/snodec/snodec_net-in-phy-stream_Targets-debug.cmake
-- Installing: /workspace/install/snodec/lib/libsnodec-net-in-stream.so.2.0.0
-- Up-to-date: /workspace/install/snodec/lib/libsnodec-net-in-stream.so.2
-- Set non-toolchain portion of runtime path of "/workspace/install/snodec/lib/libsnodec-net-in-stream.so.2.0.0" to ""
-- Up-to-date: /workspace/install/snodec/lib/libsnodec-net-in-stream.so
-- Up-to-date: /workspace/install/snodec/include/snode.c/net/in/stream
-- Installing: /workspace/install/snodec/include/snode.c/net/in/stream/SocketClient.h
-- Up-to-date: /workspace/install/snodec/include/snode.c/net/in/stream/config
-- Installing: /workspace/install/snodec/include/snode.c/net/in/stream/config/ConfigSocketClient.h
-- Installing: /workspace/install/snodec/include/snode.c/net/in/stream/config/ConfigSocketServer.h
-- Installing: /workspace/install/snodec/include/snode.c/net/in/stream/SocketServer.h
-- Up-to-date: /workspace/install/snodec/lib/cmake/snodec/snodec_net-in-stream_Targets.cmake
-- Up-to-date: /workspace/install/snodec/lib/cmake/snodec/snodec_net-in-stream_Targets-debug.cmake
-- Installing: /workspace/install/snodec/lib/libsnodec-net-in-stream-legacy.so.2.0.0
-- Up-to-date: /workspace/install/snodec/lib/libsnodec-net-in-stream-legacy.so.2
-- Set non-toolchain portion of runtime path of "/workspace/install/snodec/lib/libsnodec-net-in-stream-legacy.so.2.0.0" to ""
-- Up-to-date: /workspace/install/snodec/lib/libsnodec-net-in-stream-legacy.so
-- Up-to-date: /workspace/install/snodec/include/snode.c/net/in/stream/legacy
-- Installing: /workspace/install/snodec/include/snode.c/net/in/stream/legacy/SocketClient.h
-- Up-to-date: /workspace/install/snodec/include/snode.c/net/in/stream/legacy/config
-- Installing: /workspace/install/snodec/include/snode.c/net/in/stream/legacy/config/ConfigSocketClient.h
-- Installing: /workspace/install/snodec/include/snode.c/net/in/stream/legacy/config/ConfigSocketServer.h
-- Installing: /workspace/install/snodec/include/snode.c/net/in/stream/legacy/SocketServer.h
-- Up-to-date: /workspace/install/snodec/lib/cmake/snodec/snodec_net-in-stream-legacy_Targets.cmake
-- Up-to-date: /workspace/install/snodec/lib/cmake/snodec/snodec_net-in-stream-legacy_Targets-debug.cmake
-- Installing: /workspace/install/snodec/lib/libsnodec-net-in-stream-tls.so.2.0.0
-- Up-to-date: /workspace/install/snodec/lib/libsnodec-net-in-stream-tls.so.2
-- Set non-toolchain portion of runtime path of "/workspace/install/snodec/lib/libsnodec-net-in-stream-tls.so.2.0.0" to ""
-- Up-to-date: /workspace/install/snodec/lib/libsnodec-net-in-stream-tls.so
-- Up-to-date: /workspace/install/snodec/include/snode.c/net/in/stream/tls
-- Installing: /workspace/install/snodec/include/snode.c/net/in/stream/tls/SocketClient.h
-- Up-to-date: /workspace/install/snodec/include/snode.c/net/in/stream/tls/config
-- Installing: /workspace/install/snodec/include/snode.c/net/in/stream/tls/config/ConfigSocketClient.h
-- Installing: /workspace/install/snodec/include/snode.c/net/in/stream/tls/config/ConfigSocketServer.h
-- Installing: /workspace/install/snodec/include/snode.c/net/in/stream/tls/SocketServer.h
-- Up-to-date: /workspace/install/snodec/lib/cmake/snodec/snodec_net-in-stream-tls_Targets.cmake
-- Up-to-date: /workspace/install/snodec/lib/cmake/snodec/snodec_net-in-stream-tls_Targets-debug.cmake
-- Installing: /workspace/install/snodec/lib/libsnodec-net-in6.so.2.0.0
-- Up-to-date: /workspace/install/snodec/lib/libsnodec-net-in6.so.2
-- Set non-toolchain portion of runtime path of "/workspace/install/snodec/lib/libsnodec-net-in6.so.2.0.0" to ""
-- Up-to-date: /workspace/install/snodec/lib/libsnodec-net-in6.so
-- Up-to-date: /workspace/install/snodec/include/snode.c/net/in6
-- Up-to-date: /workspace/install/snodec/include/snode.c/net/in6/config
-- Installing: /workspace/install/snodec/include/snode.c/net/in6/config/ConfigAddress.h
-- Installing: /workspace/install/snodec/include/snode.c/net/in6/SocketAddrInfo.h
-- Installing: /workspace/install/snodec/include/snode.c/net/in6/SocketAddress.h
-- Up-to-date: /workspace/install/snodec/lib/cmake/snodec/snodec_net-in6_Targets.cmake
-- Up-to-date: /workspace/install/snodec/lib/cmake/snodec/snodec_net-in6_Targets-debug.cmake
-- Installing: /workspace/install/snodec/lib/libsnodec-net-in6-phy.so.2.0.0
-- Up-to-date: /workspace/install/snodec/lib/libsnodec-net-in6-phy.so.2
-- Set non-toolchain portion of runtime path of "/workspace/install/snodec/lib/libsnodec-net-in6-phy.so.2.0.0" to ""
-- Up-to-date: /workspace/install/snodec/lib/libsnodec-net-in6-phy.so
-- Up-to-date: /workspace/install/snodec/include/snode.c/net/in6/phy
-- Installing: /workspace/install/snodec/include/snode.c/net/in6/phy/PhysicalSocket.hpp
-- Installing: /workspace/install/snodec/include/snode.c/net/in6/phy/PhysicalSocket.h
-- Up-to-date: /workspace/install/snodec/lib/cmake/snodec/snodec_net-in6-phy_Targets.cmake
-- Up-to-date: /workspace/install/snodec/lib/cmake/snodec/snodec_net-in6-phy_Targets-debug.cmake
-- Installing: /workspace/install/snodec/lib/libsnodec-net-in6-phy-stream.so.2.0.0
-- Up-to-date: /workspace/install/snodec/lib/libsnodec-net-in6-phy-stream.so.2
-- Set non-toolchain portion of runtime path of "/workspace/install/snodec/lib/libsnodec-net-in6-phy-stream.so.2.0.0" to ""
-- Up-to-date: /workspace/install/snodec/lib/libsnodec-net-in6-phy-stream.so
-- Up-to-date: /workspace/install/snodec/include/snode.c/net/in6/phy/stream
-- Installing: /workspace/install/snodec/include/snode.c/net/in6/phy/stream/PhysicalSocket.hpp
-- Installing: /workspace/install/snodec/include/snode.c/net/in6/phy/stream/PhysicalSocketClient.h
-- Installing: /workspace/install/snodec/include/snode.c/net/in6/phy/stream/PhysicalSocketServer.h
-- Installing: /workspace/install/snodec/include/snode.c/net/in6/phy/stream/PhysicalSocket.h
-- Up-to-date: /workspace/install/snodec/lib/cmake/snodec/snodec_net-in6-phy-stream_Targets.cmake
-- Up-to-date: /workspace/install/snodec/lib/cmake/snodec/snodec_net-in6-phy-stream_Targets-debug.cmake
-- Installing: /workspace/install/snodec/lib/libsnodec-net-in6-stream.so.2.0.0
-- Up-to-date: /workspace/install/snodec/lib/libsnodec-net-in6-stream.so.2
-- Set non-toolchain portion of runtime path of "/workspace/install/snodec/lib/libsnodec-net-in6-stream.so.2.0.0" to ""
-- Up-to-date: /workspace/install/snodec/lib/libsnodec-net-in6-stream.so
-- Up-to-date: /workspace/install/snodec/include/snode.c/net/in6/stream
-- Installing: /workspace/install/snodec/include/snode.c/net/in6/stream/SocketClient.h
-- Up-to-date: /workspace/install/snodec/include/snode.c/net/in6/stream/config
-- Installing: /workspace/install/snodec/include/snode.c/net/in6/stream/config/ConfigSocketClient.h
-- Installing: /workspace/install/snodec/include/snode.c/net/in6/stream/config/ConfigSocketServer.h
-- Installing: /workspace/install/snodec/include/snode.c/net/in6/stream/SocketServer.h
-- Up-to-date: /workspace/install/snodec/lib/cmake/snodec/snodec_net-in6-stream_Targets.cmake
-- Up-to-date: /workspace/install/snodec/lib/cmake/snodec/snodec_net-in6-stream_Targets-debug.cmake
-- Installing: /workspace/install/snodec/lib/libsnodec-net-in6-stream-legacy.so.2.0.0
-- Up-to-date: /workspace/install/snodec/lib/libsnodec-net-in6-stream-legacy.so.2
-- Set non-toolchain portion of runtime path of "/workspace/install/snodec/lib/libsnodec-net-in6-stream-legacy.so.2.0.0" to ""
-- Up-to-date: /workspace/install/snodec/lib/libsnodec-net-in6-stream-legacy.so
-- Up-to-date: /workspace/install/snodec/include/snode.c/net/in6/stream/legacy
-- Installing: /workspace/install/snodec/include/snode.c/net/in6/stream/legacy/SocketClient.h
-- Up-to-date: /workspace/install/snodec/include/snode.c/net/in6/stream/legacy/config
-- Installing: /workspace/install/snodec/include/snode.c/net/in6/stream/legacy/config/ConfigSocketClient.h
-- Installing: /workspace/install/snodec/include/snode.c/net/in6/stream/legacy/config/ConfigSocketServer.h
-- Installing: /workspace/install/snodec/include/snode.c/net/in6/stream/legacy/SocketServer.h
-- Up-to-date: /workspace/install/snodec/lib/cmake/snodec/snodec_net-in6-stream-legacy_Targets.cmake
-- Up-to-date: /workspace/install/snodec/lib/cmake/snodec/snodec_net-in6-stream-legacy_Targets-debug.cmake
-- Installing: /workspace/install/snodec/lib/libsnodec-net-in6-stream-tls.so.2.0.0
-- Up-to-date: /workspace/install/snodec/lib/libsnodec-net-in6-stream-tls.so.2
-- Set non-toolchain portion of runtime path of "/workspace/install/snodec/lib/libsnodec-net-in6-stream-tls.so.2.0.0" to ""
-- Up-to-date: /workspace/install/snodec/lib/libsnodec-net-in6-stream-tls.so
-- Up-to-date: /workspace/install/snodec/include/snode.c/net/in6/stream/tls
-- Installing: /workspace/install/snodec/include/snode.c/net/in6/stream/tls/SocketClient.h
-- Up-to-date: /workspace/install/snodec/include/snode.c/net/in6/stream/tls/config
-- Installing: /workspace/install/snodec/include/snode.c/net/in6/stream/tls/config/ConfigSocketClient.h
-- Installing: /workspace/install/snodec/include/snode.c/net/in6/stream/tls/config/ConfigSocketServer.h
-- Installing: /workspace/install/snodec/include/snode.c/net/in6/stream/tls/SocketServer.h
-- Up-to-date: /workspace/install/snodec/lib/cmake/snodec/snodec_net-in6-stream-tls_Targets.cmake
-- Up-to-date: /workspace/install/snodec/lib/cmake/snodec/snodec_net-in6-stream-tls_Targets-debug.cmake
-- Installing: /workspace/install/snodec/lib/libsnodec-net-l2.so.2.0.0
-- Up-to-date: /workspace/install/snodec/lib/libsnodec-net-l2.so.2
-- Set non-toolchain portion of runtime path of "/workspace/install/snodec/lib/libsnodec-net-l2.so.2.0.0" to ""
-- Up-to-date: /workspace/install/snodec/lib/libsnodec-net-l2.so
-- Up-to-date: /workspace/install/snodec/include/snode.c/net/l2
-- Up-to-date: /workspace/install/snodec/include/snode.c/net/l2/config
-- Installing: /workspace/install/snodec/include/snode.c/net/l2/config/ConfigAddress.h
-- Installing: /workspace/install/snodec/include/snode.c/net/l2/SocketAddress.h
-- Up-to-date: /workspace/install/snodec/lib/cmake/snodec/snodec_net-l2_Targets.cmake
-- Up-to-date: /workspace/install/snodec/lib/cmake/snodec/snodec_net-l2_Targets-debug.cmake
-- Installing: /workspace/install/snodec/lib/libsnodec-net-l2-phy.so.2.0.0
-- Up-to-date: /workspace/install/snodec/lib/libsnodec-net-l2-phy.so.2
-- Set non-toolchain portion of runtime path of "/workspace/install/snodec/lib/libsnodec-net-l2-phy.so.2.0.0" to ""
-- Up-to-date: /workspace/install/snodec/lib/libsnodec-net-l2-phy.so
-- Up-to-date: /workspace/install/snodec/include/snode.c/net/l2/phy
-- Installing: /workspace/install/snodec/include/snode.c/net/l2/phy/PhysicalSocket.hpp
-- Installing: /workspace/install/snodec/include/snode.c/net/l2/phy/PhysicalSocket.h
-- Up-to-date: /workspace/install/snodec/lib/cmake/snodec/snodec_net-l2-phy_Targets.cmake
-- Up-to-date: /workspace/install/snodec/lib/cmake/snodec/snodec_net-l2-phy_Targets-debug.cmake
-- Installing: /workspace/install/snodec/lib/libsnodec-net-l2-phy-stream.so.2.0.0
-- Up-to-date: /workspace/install/snodec/lib/libsnodec-net-l2-phy-stream.so.2
-- Set non-toolchain portion of runtime path of "/workspace/install/snodec/lib/libsnodec-net-l2-phy-stream.so.2.0.0" to ""
-- Up-to-date: /workspace/install/snodec/lib/libsnodec-net-l2-phy-stream.so
-- Up-to-date: /workspace/install/snodec/include/snode.c/net/l2/phy/stream
-- Installing: /workspace/install/snodec/include/snode.c/net/l2/phy/stream/PhysicalSocket.hpp
-- Installing: /workspace/install/snodec/include/snode.c/net/l2/phy/stream/PhysicalSocketClient.h
-- Installing: /workspace/install/snodec/include/snode.c/net/l2/phy/stream/PhysicalSocketServer.h
-- Installing: /workspace/install/snodec/include/snode.c/net/l2/phy/stream/PhysicalSocket.h
-- Up-to-date: /workspace/install/snodec/lib/cmake/snodec/snodec_net-l2-phy-stream_Targets.cmake
-- Up-to-date: /workspace/install/snodec/lib/cmake/snodec/snodec_net-l2-phy-stream_Targets-debug.cmake
-- Installing: /workspace/install/snodec/lib/libsnodec-net-l2-stream.so.2.0.0
-- Up-to-date: /workspace/install/snodec/lib/libsnodec-net-l2-stream.so.2
-- Set non-toolchain portion of runtime path of "/workspace/install/snodec/lib/libsnodec-net-l2-stream.so.2.0.0" to ""
-- Up-to-date: /workspace/install/snodec/lib/libsnodec-net-l2-stream.so
-- Up-to-date: /workspace/install/snodec/include/snode.c/net/l2/stream
-- Installing: /workspace/install/snodec/include/snode.c/net/l2/stream/SocketClient.h
-- Up-to-date: /workspace/install/snodec/include/snode.c/net/l2/stream/config
-- Installing: /workspace/install/snodec/include/snode.c/net/l2/stream/config/ConfigSocketClient.h
-- Installing: /workspace/install/snodec/include/snode.c/net/l2/stream/config/ConfigSocketServer.h
-- Installing: /workspace/install/snodec/include/snode.c/net/l2/stream/SocketServer.h
-- Up-to-date: /workspace/install/snodec/lib/cmake/snodec/snodec_net-l2-stream_Targets.cmake
-- Up-to-date: /workspace/install/snodec/lib/cmake/snodec/snodec_net-l2-stream_Targets-debug.cmake
-- Installing: /workspace/install/snodec/lib/libsnodec-net-l2-stream-legacy.so.2.0.0
-- Up-to-date: /workspace/install/snodec/lib/libsnodec-net-l2-stream-legacy.so.2
-- Set non-toolchain portion of runtime path of "/workspace/install/snodec/lib/libsnodec-net-l2-stream-legacy.so.2.0.0" to ""
-- Up-to-date: /workspace/install/snodec/lib/libsnodec-net-l2-stream-legacy.so
-- Up-to-date: /workspace/install/snodec/include/snode.c/net/l2/stream/legacy
-- Installing: /workspace/install/snodec/include/snode.c/net/l2/stream/legacy/SocketClient.h
-- Up-to-date: /workspace/install/snodec/include/snode.c/net/l2/stream/legacy/config
-- Installing: /workspace/install/snodec/include/snode.c/net/l2/stream/legacy/config/ConfigSocketClient.h
-- Installing: /workspace/install/snodec/include/snode.c/net/l2/stream/legacy/config/ConfigSocketServer.h
-- Installing: /workspace/install/snodec/include/snode.c/net/l2/stream/legacy/SocketServer.h
-- Up-to-date: /workspace/install/snodec/lib/cmake/snodec/snodec_net-l2-stream-legacy_Targets.cmake
-- Up-to-date: /workspace/install/snodec/lib/cmake/snodec/snodec_net-l2-stream-legacy_Targets-debug.cmake
-- Installing: /workspace/install/snodec/lib/libsnodec-net-l2-stream-tls.so.2.0.0
-- Up-to-date: /workspace/install/snodec/lib/libsnodec-net-l2-stream-tls.so.2
-- Set non-toolchain portion of runtime path of "/workspace/install/snodec/lib/libsnodec-net-l2-stream-tls.so.2.0.0" to ""
-- Up-to-date: /workspace/install/snodec/lib/libsnodec-net-l2-stream-tls.so
-- Up-to-date: /workspace/install/snodec/include/snode.c/net/l2/stream/tls
-- Installing: /workspace/install/snodec/include/snode.c/net/l2/stream/tls/SocketClient.h
-- Up-to-date: /workspace/install/snodec/include/snode.c/net/l2/stream/tls/config
-- Installing: /workspace/install/snodec/include/snode.c/net/l2/stream/tls/config/ConfigSocketClient.h
-- Installing: /workspace/install/snodec/include/snode.c/net/l2/stream/tls/config/ConfigSocketServer.h
-- Installing: /workspace/install/snodec/include/snode.c/net/l2/stream/tls/SocketServer.h
-- Up-to-date: /workspace/install/snodec/lib/cmake/snodec/snodec_net-l2-stream-tls_Targets.cmake
-- Up-to-date: /workspace/install/snodec/lib/cmake/snodec/snodec_net-l2-stream-tls_Targets-debug.cmake
-- Installing: /workspace/install/snodec/lib/libsnodec-net-rc.so.2.0.0
-- Up-to-date: /workspace/install/snodec/lib/libsnodec-net-rc.so.2
-- Set non-toolchain portion of runtime path of "/workspace/install/snodec/lib/libsnodec-net-rc.so.2.0.0" to ""
-- Up-to-date: /workspace/install/snodec/lib/libsnodec-net-rc.so
-- Up-to-date: /workspace/install/snodec/include/snode.c/net/rc
-- Up-to-date: /workspace/install/snodec/include/snode.c/net/rc/config
-- Installing: /workspace/install/snodec/include/snode.c/net/rc/config/ConfigAddress.h
-- Installing: /workspace/install/snodec/include/snode.c/net/rc/SocketAddress.h
-- Up-to-date: /workspace/install/snodec/lib/cmake/snodec/snodec_net-rc_Targets.cmake
-- Up-to-date: /workspace/install/snodec/lib/cmake/snodec/snodec_net-rc_Targets-debug.cmake
-- Installing: /workspace/install/snodec/lib/libsnodec-net-rc-phy.so.2.0.0
-- Up-to-date: /workspace/install/snodec/lib/libsnodec-net-rc-phy.so.2
-- Set non-toolchain portion of runtime path of "/workspace/install/snodec/lib/libsnodec-net-rc-phy.so.2.0.0" to ""
-- Up-to-date: /workspace/install/snodec/lib/libsnodec-net-rc-phy.so
-- Up-to-date: /workspace/install/snodec/include/snode.c/net/rc/phy
-- Installing: /workspace/install/snodec/include/snode.c/net/rc/phy/PhysicalSocket.hpp
-- Installing: /workspace/install/snodec/include/snode.c/net/rc/phy/PhysicalSocket.h
-- Up-to-date: /workspace/install/snodec/lib/cmake/snodec/snodec_net-rc-phy_Targets.cmake
-- Up-to-date: /workspace/install/snodec/lib/cmake/snodec/snodec_net-rc-phy_Targets-debug.cmake
-- Installing: /workspace/install/snodec/lib/libsnodec-net-rc-phy-stream.so.2.0.0
-- Up-to-date: /workspace/install/snodec/lib/libsnodec-net-rc-phy-stream.so.2
-- Set non-toolchain portion of runtime path of "/workspace/install/snodec/lib/libsnodec-net-rc-phy-stream.so.2.0.0" to ""
-- Up-to-date: /workspace/install/snodec/lib/libsnodec-net-rc-phy-stream.so
-- Up-to-date: /workspace/install/snodec/include/snode.c/net/rc/phy/stream
-- Installing: /workspace/install/snodec/include/snode.c/net/rc/phy/stream/PhysicalSocket.hpp
-- Installing: /workspace/install/snodec/include/snode.c/net/rc/phy/stream/PhysicalSocketClient.h
-- Installing: /workspace/install/snodec/include/snode.c/net/rc/phy/stream/PhysicalSocketServer.h
-- Installing: /workspace/install/snodec/include/snode.c/net/rc/phy/stream/PhysicalSocket.h
-- Up-to-date: /workspace/install/snodec/lib/cmake/snodec/snodec_net-rc-phy-stream_Targets.cmake
-- Up-to-date: /workspace/install/snodec/lib/cmake/snodec/snodec_net-rc-phy-stream_Targets-debug.cmake
-- Installing: /workspace/install/snodec/lib/libsnodec-net-rc-stream.so.2.0.0
-- Up-to-date: /workspace/install/snodec/lib/libsnodec-net-rc-stream.so.2
-- Set non-toolchain portion of runtime path of "/workspace/install/snodec/lib/libsnodec-net-rc-stream.so.2.0.0" to ""
-- Up-to-date: /workspace/install/snodec/lib/libsnodec-net-rc-stream.so
-- Up-to-date: /workspace/install/snodec/include/snode.c/net/rc/stream
-- Installing: /workspace/install/snodec/include/snode.c/net/rc/stream/SocketClient.h
-- Up-to-date: /workspace/install/snodec/include/snode.c/net/rc/stream/config
-- Installing: /workspace/install/snodec/include/snode.c/net/rc/stream/config/ConfigSocketClient.h
-- Installing: /workspace/install/snodec/include/snode.c/net/rc/stream/config/ConfigSocketServer.h
-- Installing: /workspace/install/snodec/include/snode.c/net/rc/stream/SocketServer.h
-- Up-to-date: /workspace/install/snodec/lib/cmake/snodec/snodec_net-rc-stream_Targets.cmake
-- Up-to-date: /workspace/install/snodec/lib/cmake/snodec/snodec_net-rc-stream_Targets-debug.cmake
-- Installing: /workspace/install/snodec/lib/libsnodec-net-rc-stream-legacy.so.2.0.0
-- Up-to-date: /workspace/install/snodec/lib/libsnodec-net-rc-stream-legacy.so.2
-- Set non-toolchain portion of runtime path of "/workspace/install/snodec/lib/libsnodec-net-rc-stream-legacy.so.2.0.0" to ""
-- Up-to-date: /workspace/install/snodec/lib/libsnodec-net-rc-stream-legacy.so
-- Up-to-date: /workspace/install/snodec/include/snode.c/net/rc/stream/legacy
-- Installing: /workspace/install/snodec/include/snode.c/net/rc/stream/legacy/SocketClient.h
-- Up-to-date: /workspace/install/snodec/include/snode.c/net/rc/stream/legacy/config
-- Installing: /workspace/install/snodec/include/snode.c/net/rc/stream/legacy/config/ConfigSocketClient.h
-- Installing: /workspace/install/snodec/include/snode.c/net/rc/stream/legacy/config/ConfigSocketServer.h
-- Installing: /workspace/install/snodec/include/snode.c/net/rc/stream/legacy/SocketServer.h
-- Up-to-date: /workspace/install/snodec/lib/cmake/snodec/snodec_net-rc-stream-legacy_Targets.cmake
-- Up-to-date: /workspace/install/snodec/lib/cmake/snodec/snodec_net-rc-stream-legacy_Targets-debug.cmake
-- Installing: /workspace/install/snodec/lib/libsnodec-net-rc-stream-tls.so.2.0.0
-- Up-to-date: /workspace/install/snodec/lib/libsnodec-net-rc-stream-tls.so.2
-- Set non-toolchain portion of runtime path of "/workspace/install/snodec/lib/libsnodec-net-rc-stream-tls.so.2.0.0" to ""
-- Up-to-date: /workspace/install/snodec/lib/libsnodec-net-rc-stream-tls.so
-- Up-to-date: /workspace/install/snodec/include/snode.c/net/rc/stream/tls
-- Installing: /workspace/install/snodec/include/snode.c/net/rc/stream/tls/SocketClient.h
-- Up-to-date: /workspace/install/snodec/include/snode.c/net/rc/stream/tls/config
-- Installing: /workspace/install/snodec/include/snode.c/net/rc/stream/tls/config/ConfigSocketClient.h
-- Installing: /workspace/install/snodec/include/snode.c/net/rc/stream/tls/config/ConfigSocketServer.h
-- Installing: /workspace/install/snodec/include/snode.c/net/rc/stream/tls/SocketServer.h
-- Up-to-date: /workspace/install/snodec/lib/cmake/snodec/snodec_net-rc-stream-tls_Targets.cmake
-- Up-to-date: /workspace/install/snodec/lib/cmake/snodec/snodec_net-rc-stream-tls_Targets-debug.cmake
-- Installing: /workspace/install/snodec/lib/libsnodec-net-un.so.2.0.0
-- Up-to-date: /workspace/install/snodec/lib/libsnodec-net-un.so.2
-- Set non-toolchain portion of runtime path of "/workspace/install/snodec/lib/libsnodec-net-un.so.2.0.0" to ""
-- Up-to-date: /workspace/install/snodec/lib/libsnodec-net-un.so
-- Up-to-date: /workspace/install/snodec/include/snode.c/net/un
-- Up-to-date: /workspace/install/snodec/include/snode.c/net/un/config
-- Installing: /workspace/install/snodec/include/snode.c/net/un/config/ConfigAddress.h
-- Installing: /workspace/install/snodec/include/snode.c/net/un/PeerCredentials.h
-- Installing: /workspace/install/snodec/include/snode.c/net/un/SocketAddress.h
-- Up-to-date: /workspace/install/snodec/lib/cmake/snodec/snodec_net-un_Targets.cmake
-- Up-to-date: /workspace/install/snodec/lib/cmake/snodec/snodec_net-un_Targets-debug.cmake
-- Installing: /workspace/install/snodec/lib/libsnodec-net-un-phy.so.2.0.0
-- Up-to-date: /workspace/install/snodec/lib/libsnodec-net-un-phy.so.2
-- Set non-toolchain portion of runtime path of "/workspace/install/snodec/lib/libsnodec-net-un-phy.so.2.0.0" to ""
-- Up-to-date: /workspace/install/snodec/lib/libsnodec-net-un-phy.so
-- Up-to-date: /workspace/install/snodec/include/snode.c/net/un/phy
-- Installing: /workspace/install/snodec/include/snode.c/net/un/phy/PhysicalSocket.hpp
-- Installing: /workspace/install/snodec/include/snode.c/net/un/phy/PhysicalSocket.h
-- Up-to-date: /workspace/install/snodec/lib/cmake/snodec/snodec_net-un-phy_Targets.cmake
-- Up-to-date: /workspace/install/snodec/lib/cmake/snodec/snodec_net-un-phy_Targets-debug.cmake
-- Installing: /workspace/install/snodec/lib/libsnodec-net-un-phy-stream.so.2.0.0
-- Up-to-date: /workspace/install/snodec/lib/libsnodec-net-un-phy-stream.so.2
-- Set non-toolchain portion of runtime path of "/workspace/install/snodec/lib/libsnodec-net-un-phy-stream.so.2.0.0" to ""
-- Up-to-date: /workspace/install/snodec/lib/libsnodec-net-un-phy-stream.so
-- Up-to-date: /workspace/install/snodec/include/snode.c/net/un/phy/stream
-- Installing: /workspace/install/snodec/include/snode.c/net/un/phy/stream/PhysicalSocket.hpp
-- Installing: /workspace/install/snodec/include/snode.c/net/un/phy/stream/PhysicalSocketClient.h
-- Installing: /workspace/install/snodec/include/snode.c/net/un/phy/stream/PhysicalSocketServer.h
-- Installing: /workspace/install/snodec/include/snode.c/net/un/phy/stream/PhysicalSocket.h
-- Up-to-date: /workspace/install/snodec/lib/cmake/snodec/snodec_net-un-phy-stream_Targets.cmake
-- Up-to-date: /workspace/install/snodec/lib/cmake/snodec/snodec_net-un-phy-stream_Targets-debug.cmake
-- Installing: /workspace/install/snodec/lib/libsnodec-net-un-stream.so.2.0.0
-- Up-to-date: /workspace/install/snodec/lib/libsnodec-net-un-stream.so.2
-- Set non-toolchain portion of runtime path of "/workspace/install/snodec/lib/libsnodec-net-un-stream.so.2.0.0" to ""
-- Up-to-date: /workspace/install/snodec/lib/libsnodec-net-un-stream.so
-- Up-to-date: /workspace/install/snodec/include/snode.c/net/un/stream
-- Installing: /workspace/install/snodec/include/snode.c/net/un/stream/SocketClient.h
-- Up-to-date: /workspace/install/snodec/include/snode.c/net/un/stream/config
-- Installing: /workspace/install/snodec/include/snode.c/net/un/stream/config/ConfigSocketClient.h
-- Installing: /workspace/install/snodec/include/snode.c/net/un/stream/config/ConfigSocketServer.h
-- Installing: /workspace/install/snodec/include/snode.c/net/un/stream/SocketServer.h
-- Up-to-date: /workspace/install/snodec/lib/cmake/snodec/snodec_net-un-stream_Targets.cmake
-- Up-to-date: /workspace/install/snodec/lib/cmake/snodec/snodec_net-un-stream_Targets-debug.cmake
-- Installing: /workspace/install/snodec/lib/libsnodec-net-un-stream-legacy.so.2.0.0
-- Up-to-date: /workspace/install/snodec/lib/libsnodec-net-un-stream-legacy.so.2
-- Set non-toolchain portion of runtime path of "/workspace/install/snodec/lib/libsnodec-net-un-stream-legacy.so.2.0.0" to ""
-- Up-to-date: /workspace/install/snodec/lib/libsnodec-net-un-stream-legacy.so
-- Up-to-date: /workspace/install/snodec/include/snode.c/net/un/stream/legacy
-- Installing: /workspace/install/snodec/include/snode.c/net/un/stream/legacy/SocketClient.h
-- Up-to-date: /workspace/install/snodec/include/snode.c/net/un/stream/legacy/config
-- Installing: /workspace/install/snodec/include/snode.c/net/un/stream/legacy/config/ConfigSocketClient.h
-- Installing: /workspace/install/snodec/include/snode.c/net/un/stream/legacy/config/ConfigSocketServer.h
-- Installing: /workspace/install/snodec/include/snode.c/net/un/stream/legacy/SocketServer.h
-- Up-to-date: /workspace/install/snodec/lib/cmake/snodec/snodec_net-un-stream-legacy_Targets.cmake
-- Up-to-date: /workspace/install/snodec/lib/cmake/snodec/snodec_net-un-stream-legacy_Targets-debug.cmake
-- Installing: /workspace/install/snodec/lib/libsnodec-net-un-stream-tls.so.2.0.0
-- Up-to-date: /workspace/install/snodec/lib/libsnodec-net-un-stream-tls.so.2
-- Set non-toolchain portion of runtime path of "/workspace/install/snodec/lib/libsnodec-net-un-stream-tls.so.2.0.0" to ""
-- Up-to-date: /workspace/install/snodec/lib/libsnodec-net-un-stream-tls.so
-- Up-to-date: /workspace/install/snodec/include/snode.c/net/un/stream/tls
-- Installing: /workspace/install/snodec/include/snode.c/net/un/stream/tls/SocketClient.h
-- Up-to-date: /workspace/install/snodec/include/snode.c/net/un/stream/tls/config
-- Installing: /workspace/install/snodec/include/snode.c/net/un/stream/tls/config/ConfigSocketClient.h
-- Installing: /workspace/install/snodec/include/snode.c/net/un/stream/tls/config/ConfigSocketServer.h
-- Installing: /workspace/install/snodec/include/snode.c/net/un/stream/tls/SocketServer.h
-- Up-to-date: /workspace/install/snodec/lib/cmake/snodec/snodec_net-un-stream-tls_Targets.cmake
-- Up-to-date: /workspace/install/snodec/lib/cmake/snodec/snodec_net-un-stream-tls_Targets-debug.cmake
-- Installing: /workspace/install/snodec/lib/libsnodec-net-un-dgram.so.2.0.0
-- Up-to-date: /workspace/install/snodec/lib/libsnodec-net-un-dgram.so.2
-- Set non-toolchain portion of runtime path of "/workspace/install/snodec/lib/libsnodec-net-un-dgram.so.2.0.0" to ""
-- Up-to-date: /workspace/install/snodec/lib/libsnodec-net-un-dgram.so
-- Up-to-date: /workspace/install/snodec/include/snode.c/net/un/dgram
-- Installing: /workspace/install/snodec/include/snode.c/net/un/dgram/Socket.h
-- Up-to-date: /workspace/install/snodec/lib/cmake/snodec/snodec_net-un-dgram_Targets.cmake
-- Up-to-date: /workspace/install/snodec/lib/cmake/snodec/snodec_net-un-dgram_Targets-debug.cmake
-- Installing: /workspace/install/snodec/lib/snode.c/web/http/libsnodec-http.so.2.0.0
-- Up-to-date: /workspace/install/snodec/lib/snode.c/web/http/libsnodec-http.so.2
-- Set non-toolchain portion of runtime path of "/workspace/install/snodec/lib/snode.c/web/http/libsnodec-http.so.2.0.0" to ""
-- Up-to-date: /workspace/install/snodec/lib/snode.c/web/http/libsnodec-http.so
-- Up-to-date: /workspace/install/snodec/include/snode.c/web/http
-- Installing: /workspace/install/snodec/include/snode.c/web/http/ContentType.h
-- Installing: /workspace/install/snodec/include/snode.c/web/http/TransferEncoding.h
-- Installing: /workspace/install/snodec/include/snode.c/web/http/ConnectionState.h
-- Installing: /workspace/install/snodec/include/snode.c/web/http/ConfigHttpParser.h
-- Installing: /workspace/install/snodec/include/snode.c/web/http/ConfigWebSocket.h
-- Installing: /workspace/install/snodec/include/snode.c/web/http/StatusCodes.h
-- Installing: /workspace/install/snodec/include/snode.c/web/http/SocketContextUpgradeFactorySelector.h
-- Installing: /workspace/install/snodec/include/snode.c/web/http/CiStringMap.h
-- Up-to-date: /workspace/install/snodec/include/snode.c/web/http/decoder
-- Installing: /workspace/install/snodec/include/snode.c/web/http/decoder/Fields.h
-- Installing: /workspace/install/snodec/include/snode.c/web/http/decoder/Identity.h
-- Installing: /workspace/install/snodec/include/snode.c/web/http/decoder/HTTP10Response.h
-- Installing: /workspace/install/snodec/include/snode.c/web/http/decoder/Chunked.h
-- Installing: /workspace/install/snodec/include/snode.c/web/http/CookieOptions.h
-- Installing: /workspace/install/snodec/include/snode.c/web/http/SocketContextUpgradeFactorySelector.hpp
-- Installing: /workspace/install/snodec/include/snode.c/web/http/Parser.h
-- Installing: /workspace/install/snodec/include/snode.c/web/http/http_utils.h
-- Installing: /workspace/install/snodec/include/snode.c/web/http/SocketContextUpgradeFactory.h
-- Installing: /workspace/install/snodec/include/snode.c/web/http/ParserLimits.h
-- Installing: /workspace/install/snodec/include/snode.c/web/http/SocketContextUpgradeFactory.hpp
-- Installing: /workspace/install/snodec/include/snode.c/web/http/MimeTypes.h
-- Installing: /workspace/install/snodec/include/snode.c/web/http/SocketContextUpgrade.h
-- Installing: /workspace/install/snodec/include/snode.c/web/http/ContentDecoder.h
-- Up-to-date: /workspace/install/snodec/lib/cmake/snodec/snodec_http_Targets.cmake
-- Up-to-date: /workspace/install/snodec/lib/cmake/snodec/snodec_http_Targets-debug.cmake
-- Up-to-date: /workspace/install/snodec/include/snode.c/web/http/server
-- Installing: /workspace/install/snodec/include/snode.c/web/http/server/SocketContext.h
-- Installing: /workspace/install/snodec/include/snode.c/web/http/server/Response.h
-- Installing: /workspace/install/snodec/include/snode.c/web/http/server/SocketContextFactory.h
-- Installing: /workspace/install/snodec/include/snode.c/web/http/server/ConfigHttpServer.h
-- Installing: /workspace/install/snodec/include/snode.c/web/http/server/Request.h
-- Installing: /workspace/install/snodec/include/snode.c/web/http/server/SemanticLog.h
-- Installing: /workspace/install/snodec/include/snode.c/web/http/server/SocketContextUpgradeFactorySelector.h
-- Installing: /workspace/install/snodec/include/snode.c/web/http/server/Server.h
-- Installing: /workspace/install/snodec/include/snode.c/web/http/server/RequestParser.h
-- Installing: /workspace/install/snodec/include/snode.c/web/http/server/SocketContextUpgradeFactory.h
-- Up-to-date: /workspace/install/snodec/include/snode.c/web/http/legacy
-- Up-to-date: /workspace/install/snodec/include/snode.c/web/http/legacy/un
-- Installing: /workspace/install/snodec/include/snode.c/web/http/legacy/un/Server.h
-- Up-to-date: /workspace/install/snodec/include/snode.c/web/http/legacy/in6
-- Installing: /workspace/install/snodec/include/snode.c/web/http/legacy/in6/Server.h
-- Up-to-date: /workspace/install/snodec/include/snode.c/web/http/legacy/in
-- Installing: /workspace/install/snodec/include/snode.c/web/http/legacy/in/Server.h
-- Up-to-date: /workspace/install/snodec/include/snode.c/web/http/legacy/rc
-- Installing: /workspace/install/snodec/include/snode.c/web/http/legacy/rc/Server.h
-- Up-to-date: /workspace/install/snodec/include/snode.c/web/http/tls
-- Up-to-date: /workspace/install/snodec/include/snode.c/web/http/tls/un
-- Installing: /workspace/install/snodec/include/snode.c/web/http/tls/un/Server.h
-- Up-to-date: /workspace/install/snodec/include/snode.c/web/http/tls/in6
-- Installing: /workspace/install/snodec/include/snode.c/web/http/tls/in6/Server.h
-- Up-to-date: /workspace/install/snodec/include/snode.c/web/http/tls/in
-- Installing: /workspace/install/snodec/include/snode.c/web/http/tls/in/Server.h
-- Up-to-date: /workspace/install/snodec/include/snode.c/web/http/tls/rc
-- Installing: /workspace/install/snodec/include/snode.c/web/http/tls/rc/Server.h
-- Installing: /workspace/install/snodec/lib/snode.c/web/http/libsnodec-http-server.so.2.0.0
-- Up-to-date: /workspace/install/snodec/lib/snode.c/web/http/libsnodec-http-server.so.2
-- Set non-toolchain portion of runtime path of "/workspace/install/snodec/lib/snode.c/web/http/libsnodec-http-server.so.2.0.0" to "/workspace/install/snodec/lib/snode.c/web/http"
-- Up-to-date: /workspace/install/snodec/lib/snode.c/web/http/libsnodec-http-server.so
-- Up-to-date: /workspace/install/snodec/lib/cmake/snodec/snodec_http-server_Targets.cmake
-- Up-to-date: /workspace/install/snodec/lib/cmake/snodec/snodec_http-server_Targets-debug.cmake
-- Up-to-date: /workspace/install/snodec/include/snode.c/web/http/client
-- Up-to-date: /workspace/install/snodec/include/snode.c/web/http/client/commands
-- Installing: /workspace/install/snodec/include/snode.c/web/http/client/commands/SendHeaderCommand.h
-- Installing: /workspace/install/snodec/include/snode.c/web/http/client/commands/SendFileCommand.h
-- Installing: /workspace/install/snodec/include/snode.c/web/http/client/commands/SseCommand.h
-- Installing: /workspace/install/snodec/include/snode.c/web/http/client/commands/EndCommand.h
-- Installing: /workspace/install/snodec/include/snode.c/web/http/client/commands/UpgradeCommand.h
-- Installing: /workspace/install/snodec/include/snode.c/web/http/client/commands/SendFragmentCommand.h
-- Installing: /workspace/install/snodec/include/snode.c/web/http/client/SocketContext.h
-- Installing: /workspace/install/snodec/include/snode.c/web/http/client/Response.h
-- Installing: /workspace/install/snodec/include/snode.c/web/http/client/SocketContextFactory.h
-- Installing: /workspace/install/snodec/include/snode.c/web/http/client/Client.h
-- Installing: /workspace/install/snodec/include/snode.c/web/http/client/RequestCommand.h
-- Installing: /workspace/install/snodec/include/snode.c/web/http/client/ResponseParser.h
-- Installing: /workspace/install/snodec/include/snode.c/web/http/client/Request.h
-- Installing: /workspace/install/snodec/include/snode.c/web/http/client/SemanticLog.h
-- Installing: /workspace/install/snodec/include/snode.c/web/http/client/SocketContextUpgradeFactorySelector.h
-- Up-to-date: /workspace/install/snodec/include/snode.c/web/http/client/tools
-- Installing: /workspace/install/snodec/include/snode.c/web/http/client/tools/EventSource.h
-- Installing: /workspace/install/snodec/include/snode.c/web/http/client/ConfigHTTP.h
-- Installing: /workspace/install/snodec/include/snode.c/web/http/client/SocketContextUpgradeFactory.h
-- Up-to-date: /workspace/install/snodec/include/snode.c/web/http/legacy
-- Up-to-date: /workspace/install/snodec/include/snode.c/web/http/legacy/un
-- Installing: /workspace/install/snodec/include/snode.c/web/http/legacy/un/EventSource.h
-- Installing: /workspace/install/snodec/include/snode.c/web/http/legacy/un/Client.h
-- Up-to-date: /workspace/install/snodec/include/snode.c/web/http/legacy/in6
-- Installing: /workspace/install/snodec/include/snode.c/web/http/legacy/in6/EventSource.h
-- Installing: /workspace/install/snodec/include/snode.c/web/http/legacy/in6/Client.h
-- Up-to-date: /workspace/install/snodec/include/snode.c/web/http/legacy/in
-- Installing: /workspace/install/snodec/include/snode.c/web/http/legacy/in/EventSource.h
-- Installing: /workspace/install/snodec/include/snode.c/web/http/legacy/in/Client.h
-- Up-to-date: /workspace/install/snodec/include/snode.c/web/http/legacy/rc
-- Installing: /workspace/install/snodec/include/snode.c/web/http/legacy/rc/EventSource.h
-- Installing: /workspace/install/snodec/include/snode.c/web/http/legacy/rc/Client.h
-- Up-to-date: /workspace/install/snodec/include/snode.c/web/http/tls
-- Up-to-date: /workspace/install/snodec/include/snode.c/web/http/tls/un
-- Installing: /workspace/install/snodec/include/snode.c/web/http/tls/un/EventSource.h
-- Installing: /workspace/install/snodec/include/snode.c/web/http/tls/un/Client.h
-- Up-to-date: /workspace/install/snodec/include/snode.c/web/http/tls/in6
-- Installing: /workspace/install/snodec/include/snode.c/web/http/tls/in6/EventSource.h
-- Installing: /workspace/install/snodec/include/snode.c/web/http/tls/in6/Client.h
-- Up-to-date: /workspace/install/snodec/include/snode.c/web/http/tls/in
-- Installing: /workspace/install/snodec/include/snode.c/web/http/tls/in/EventSource.h
-- Installing: /workspace/install/snodec/include/snode.c/web/http/tls/in/Client.h
-- Up-to-date: /workspace/install/snodec/include/snode.c/web/http/tls/rc
-- Installing: /workspace/install/snodec/include/snode.c/web/http/tls/rc/EventSource.h
-- Installing: /workspace/install/snodec/include/snode.c/web/http/tls/rc/Client.h
-- Installing: /workspace/install/snodec/lib/snode.c/web/http/libsnodec-http-client.so.2.0.0
-- Up-to-date: /workspace/install/snodec/lib/snode.c/web/http/libsnodec-http-client.so.2
-- Set non-toolchain portion of runtime path of "/workspace/install/snodec/lib/snode.c/web/http/libsnodec-http-client.so.2.0.0" to "/workspace/install/snodec/lib/snode.c/web/http"
-- Up-to-date: /workspace/install/snodec/lib/snode.c/web/http/libsnodec-http-client.so
-- Up-to-date: /workspace/install/snodec/lib/cmake/snodec/snodec_http-client_Targets.cmake
-- Up-to-date: /workspace/install/snodec/lib/cmake/snodec/snodec_http-client_Targets-debug.cmake
-- Up-to-date: /workspace/install/snodec/lib/cmake/snodec/snodec_http_Targets_Config.cmake
-- Installing: /workspace/install/snodec/lib/snode.c/web/http/upgrade/libsnodec-websocket.so.2.0.0
-- Up-to-date: /workspace/install/snodec/lib/snode.c/web/http/upgrade/libsnodec-websocket.so.2
-- Set non-toolchain portion of runtime path of "/workspace/install/snodec/lib/snode.c/web/http/upgrade/libsnodec-websocket.so.2.0.0" to ""
-- Up-to-date: /workspace/install/snodec/lib/snode.c/web/http/upgrade/libsnodec-websocket.so
-- Up-to-date: /workspace/install/snodec/include/snode.c/web/websocket
-- Installing: /workspace/install/snodec/include/snode.c/web/websocket/Receiver.h
-- Installing: /workspace/install/snodec/include/snode.c/web/websocket/SubProtocol.h
-- Installing: /workspace/install/snodec/include/snode.c/web/websocket/SubProtocolContext.h
-- Installing: /workspace/install/snodec/include/snode.c/web/websocket/Transmitter.h
-- Installing: /workspace/install/snodec/include/snode.c/web/websocket/SemanticLog.h
-- Installing: /workspace/install/snodec/include/snode.c/web/websocket/SubProtocolFactorySelector.h
-- Installing: /workspace/install/snodec/include/snode.c/web/websocket/SubProtocol.hpp
-- Installing: /workspace/install/snodec/include/snode.c/web/websocket/SocketContextUpgrade.hpp
-- Installing: /workspace/install/snodec/include/snode.c/web/websocket/SocketContextUpgrade.h
-- Installing: /workspace/install/snodec/include/snode.c/web/websocket/SubProtocolFactory.h
-- Installing: /workspace/install/snodec/include/snode.c/web/websocket/SubProtocolFactorySelector.hpp
-- Up-to-date: /workspace/install/snodec/lib/cmake/snodec/snodec_websocket_Targets.cmake
-- Up-to-date: /workspace/install/snodec/lib/cmake/snodec/snodec_websocket_Targets-debug.cmake
-- Installing: /workspace/install/snodec/lib/snode.c/web/http/upgrade/libsnodec-websocket-server.so.2.0.0
-- Up-to-date: /workspace/install/snodec/lib/snode.c/web/http/upgrade/libsnodec-websocket-server.so.2
-- Set non-toolchain portion of runtime path of "/workspace/install/snodec/lib/snode.c/web/http/upgrade/libsnodec-websocket-server.so.2.0.0" to "/workspace/install/snodec/lib/snode.c/web/http:/workspace/install/snodec/lib/snode.c/web/http/upgrade"
-- Up-to-date: /workspace/install/snodec/lib/snode.c/web/http/upgrade/libsnodec-websocket-server.so
-- Up-to-date: /workspace/install/snodec/include/snode.c/web/websocket/server
-- Installing: /workspace/install/snodec/include/snode.c/web/websocket/server/GroupsManager.h
-- Installing: /workspace/install/snodec/include/snode.c/web/websocket/server/SubProtocol.h
-- Installing: /workspace/install/snodec/include/snode.c/web/websocket/server/SubProtocolFactorySelector.h
-- Installing: /workspace/install/snodec/include/snode.c/web/websocket/server/SocketContextUpgradeFactory.h
-- Installing: /workspace/install/snodec/include/snode.c/web/websocket/server/SocketContextUpgrade.h
-- Up-to-date: /workspace/install/snodec/lib/cmake/snodec/snodec_websocket-server_Targets.cmake
-- Up-to-date: /workspace/install/snodec/lib/cmake/snodec/snodec_websocket-server_Targets-debug.cmake
-- Installing: /workspace/install/snodec/lib/snode.c/web/http/upgrade/libsnodec-websocket-client.so.2.0.0
-- Up-to-date: /workspace/install/snodec/lib/snode.c/web/http/upgrade/libsnodec-websocket-client.so.2
-- Set non-toolchain portion of runtime path of "/workspace/install/snodec/lib/snode.c/web/http/upgrade/libsnodec-websocket-client.so.2.0.0" to "/workspace/install/snodec/lib/snode.c/web/http:/workspace/install/snodec/lib/snode.c/web/http/upgrade"
-- Up-to-date: /workspace/install/snodec/lib/snode.c/web/http/upgrade/libsnodec-websocket-client.so
-- Up-to-date: /workspace/install/snodec/include/snode.c/web/websocket/client
-- Installing: /workspace/install/snodec/include/snode.c/web/websocket/client/SubProtocol.h
-- Installing: /workspace/install/snodec/include/snode.c/web/websocket/client/SubProtocolFactorySelector.h
-- Installing: /workspace/install/snodec/include/snode.c/web/websocket/client/SocketContextUpgradeFactory.h
-- Installing: /workspace/install/snodec/include/snode.c/web/websocket/client/SocketContextUpgrade.h
-- Up-to-date: /workspace/install/snodec/lib/cmake/snodec/snodec_websocket-client_Targets.cmake
-- Up-to-date: /workspace/install/snodec/lib/cmake/snodec/snodec_websocket-client_Targets-debug.cmake
-- Up-to-date: /workspace/install/snodec/lib/cmake/snodec/snodec_websocket_Targets_Config.cmake
-- Installing: /workspace/install/snodec/lib/snode.c/web/http/libsnodec-http-server-express.so.2.0.0
-- Up-to-date: /workspace/install/snodec/lib/snode.c/web/http/libsnodec-http-server-express.so.2
-- Set non-toolchain portion of runtime path of "/workspace/install/snodec/lib/snode.c/web/http/libsnodec-http-server-express.so.2.0.0" to "/workspace/install/snodec/lib/snode.c/web/http"
-- Up-to-date: /workspace/install/snodec/lib/snode.c/web/http/libsnodec-http-server-express.so
-- Up-to-date: /workspace/install/snodec/include/snode.c/express
-- Installing: /workspace/install/snodec/include/snode.c/express/Response.h
-- Installing: /workspace/install/snodec/include/snode.c/express/Router.hpp
-- Installing: /workspace/install/snodec/include/snode.c/express/Next.h
-- Installing: /workspace/install/snodec/include/snode.c/express/Route.h
-- Installing: /workspace/install/snodec/include/snode.c/express/Controller.h
-- Up-to-date: /workspace/install/snodec/include/snode.c/express/express-compat-suite
-- Up-to-date: /workspace/install/snodec/include/snode.c/express/express-compat-suite/node
-- Up-to-date: /workspace/install/snodec/include/snode.c/express/express-compat-suite/snodec
-- Up-to-date: /workspace/install/snodec/include/snode.c/express/express-compat-suite/tests
-- Up-to-date: /workspace/install/snodec/include/snode.c/express/dispatcher
-- Installing: /workspace/install/snodec/include/snode.c/express/dispatcher/regex_utils.h
-- Installing: /workspace/install/snodec/include/snode.c/express/dispatcher/RouterDispatcher.h
-- Installing: /workspace/install/snodec/include/snode.c/express/dispatcher/MiddlewareDispatcher.h
-- Installing: /workspace/install/snodec/include/snode.c/express/dispatcher/ApplicationDispatcher.h
-- Up-to-date: /workspace/install/snodec/include/snode.c/express/tls
-- Up-to-date: /workspace/install/snodec/include/snode.c/express/tls/un
-- Installing: /workspace/install/snodec/include/snode.c/express/tls/un/Server.h
-- Installing: /workspace/install/snodec/include/snode.c/express/tls/un/WebApp.h
-- Up-to-date: /workspace/install/snodec/include/snode.c/express/tls/in6
-- Installing: /workspace/install/snodec/include/snode.c/express/tls/in6/Server.h
-- Installing: /workspace/install/snodec/include/snode.c/express/tls/in6/WebApp.h
-- Up-to-date: /workspace/install/snodec/include/snode.c/express/tls/in
-- Installing: /workspace/install/snodec/include/snode.c/express/tls/in/Server.h
-- Installing: /workspace/install/snodec/include/snode.c/express/tls/in/WebApp.h
-- Up-to-date: /workspace/install/snodec/include/snode.c/express/tls/rc
-- Installing: /workspace/install/snodec/include/snode.c/express/tls/rc/Server.h
-- Installing: /workspace/install/snodec/include/snode.c/express/tls/rc/WebApp.h
-- Installing: /workspace/install/snodec/include/snode.c/express/Request.h
-- Installing: /workspace/install/snodec/include/snode.c/express/MountPoint.h
-- Installing: /workspace/install/snodec/include/snode.c/express/Route.hpp
-- Up-to-date: /workspace/install/snodec/include/snode.c/express/legacy
-- Up-to-date: /workspace/install/snodec/include/snode.c/express/legacy/un
-- Installing: /workspace/install/snodec/include/snode.c/express/legacy/un/Server.h
-- Installing: /workspace/install/snodec/include/snode.c/express/legacy/un/WebApp.h
-- Up-to-date: /workspace/install/snodec/include/snode.c/express/legacy/in6
-- Installing: /workspace/install/snodec/include/snode.c/express/legacy/in6/Server.h
-- Installing: /workspace/install/snodec/include/snode.c/express/legacy/in6/WebApp.h
-- Up-to-date: /workspace/install/snodec/include/snode.c/express/legacy/in
-- Installing: /workspace/install/snodec/include/snode.c/express/legacy/in/Server.h
-- Installing: /workspace/install/snodec/include/snode.c/express/legacy/in/WebApp.h
-- Up-to-date: /workspace/install/snodec/include/snode.c/express/legacy/rc
-- Installing: /workspace/install/snodec/include/snode.c/express/legacy/rc/Server.h
-- Installing: /workspace/install/snodec/include/snode.c/express/legacy/rc/WebApp.h
-- Installing: /workspace/install/snodec/include/snode.c/express/WebApp.h
-- Installing: /workspace/install/snodec/include/snode.c/express/Router.h
-- Installing: /workspace/install/snodec/include/snode.c/express/WebAppT.h
-- Up-to-date: /workspace/install/snodec/include/snode.c/express/middleware
-- Installing: /workspace/install/snodec/include/snode.c/express/middleware/JsonMiddleware.h
-- Installing: /workspace/install/snodec/include/snode.c/express/middleware/StaticMiddleware.h
-- Installing: /workspace/install/snodec/include/snode.c/express/middleware/BasicAuthentication.h
-- Installing: /workspace/install/snodec/include/snode.c/express/middleware/VerboseRequest.h
-- Installing: /workspace/install/snodec/include/snode.c/express/middleware/VHost.h
-- Installing: /workspace/install/snodec/include/snode.c/express/Dispatcher.h
-- Installing: /workspace/install/snodec/include/snode.c/express/RootRoute.h
-- Up-to-date: /workspace/install/snodec/lib/cmake/snodec/snodec_http-server-express_Targets.cmake
-- Up-to-date: /workspace/install/snodec/lib/cmake/snodec/snodec_http-server-express_Targets-debug.cmake
-- Installing: /workspace/install/snodec/lib/snode.c/web/http/libsnodec-http-server-express-legacy-in.so.2.0.0
-- Up-to-date: /workspace/install/snodec/lib/snode.c/web/http/libsnodec-http-server-express-legacy-in.so.2
-- Set non-toolchain portion of runtime path of "/workspace/install/snodec/lib/snode.c/web/http/libsnodec-http-server-express-legacy-in.so.2.0.0" to "/workspace/install/snodec/lib/snode.c/web/http"
-- Up-to-date: /workspace/install/snodec/lib/snode.c/web/http/libsnodec-http-server-express-legacy-in.so
-- Up-to-date: /workspace/install/snodec/include/snode.c/express/legacy/in
-- Up-to-date: /workspace/install/snodec/include/snode.c/express/legacy/in/Server.h
-- Up-to-date: /workspace/install/snodec/include/snode.c/express/legacy/in/WebApp.h
-- Up-to-date: /workspace/install/snodec/lib/cmake/snodec/snodec_http-server-express-legacy-in_Targets.cmake
-- Up-to-date: /workspace/install/snodec/lib/cmake/snodec/snodec_http-server-express-legacy-in_Targets-debug.cmake
-- Installing: /workspace/install/snodec/lib/snode.c/web/http/libsnodec-http-server-express-legacy-in6.so.2.0.0
-- Up-to-date: /workspace/install/snodec/lib/snode.c/web/http/libsnodec-http-server-express-legacy-in6.so.2
-- Set non-toolchain portion of runtime path of "/workspace/install/snodec/lib/snode.c/web/http/libsnodec-http-server-express-legacy-in6.so.2.0.0" to "/workspace/install/snodec/lib/snode.c/web/http"
-- Up-to-date: /workspace/install/snodec/lib/snode.c/web/http/libsnodec-http-server-express-legacy-in6.so
-- Up-to-date: /workspace/install/snodec/include/snode.c/express/legacy/in6
-- Up-to-date: /workspace/install/snodec/include/snode.c/express/legacy/in6/Server.h
-- Up-to-date: /workspace/install/snodec/include/snode.c/express/legacy/in6/WebApp.h
-- Up-to-date: /workspace/install/snodec/lib/cmake/snodec/snodec_http-server-express-legacy-in6_Targets.cmake
-- Up-to-date: /workspace/install/snodec/lib/cmake/snodec/snodec_http-server-express-legacy-in6_Targets-debug.cmake
-- Installing: /workspace/install/snodec/lib/snode.c/web/http/libsnodec-http-server-express-legacy-rc.so.2.0.0
-- Up-to-date: /workspace/install/snodec/lib/snode.c/web/http/libsnodec-http-server-express-legacy-rc.so.2
-- Set non-toolchain portion of runtime path of "/workspace/install/snodec/lib/snode.c/web/http/libsnodec-http-server-express-legacy-rc.so.2.0.0" to "/workspace/install/snodec/lib/snode.c/web/http"
-- Up-to-date: /workspace/install/snodec/lib/snode.c/web/http/libsnodec-http-server-express-legacy-rc.so
-- Up-to-date: /workspace/install/snodec/include/snode.c/express/legacy/rc
-- Up-to-date: /workspace/install/snodec/include/snode.c/express/legacy/rc/Server.h
-- Up-to-date: /workspace/install/snodec/include/snode.c/express/legacy/rc/WebApp.h
-- Up-to-date: /workspace/install/snodec/lib/cmake/snodec/snodec_http-server-express-legacy-rc_Targets.cmake
-- Up-to-date: /workspace/install/snodec/lib/cmake/snodec/snodec_http-server-express-legacy-rc_Targets-debug.cmake
-- Installing: /workspace/install/snodec/lib/snode.c/web/http/libsnodec-http-server-express-legacy-un.so.2.0.0
-- Up-to-date: /workspace/install/snodec/lib/snode.c/web/http/libsnodec-http-server-express-legacy-un.so.2
-- Set non-toolchain portion of runtime path of "/workspace/install/snodec/lib/snode.c/web/http/libsnodec-http-server-express-legacy-un.so.2.0.0" to "/workspace/install/snodec/lib/snode.c/web/http"
-- Up-to-date: /workspace/install/snodec/lib/snode.c/web/http/libsnodec-http-server-express-legacy-un.so
-- Up-to-date: /workspace/install/snodec/include/snode.c/express/legacy/un
-- Up-to-date: /workspace/install/snodec/include/snode.c/express/legacy/un/Server.h
-- Up-to-date: /workspace/install/snodec/include/snode.c/express/legacy/un/WebApp.h
-- Up-to-date: /workspace/install/snodec/lib/cmake/snodec/snodec_http-server-express-legacy-un_Targets.cmake
-- Up-to-date: /workspace/install/snodec/lib/cmake/snodec/snodec_http-server-express-legacy-un_Targets-debug.cmake
-- Installing: /workspace/install/snodec/lib/snode.c/web/http/libsnodec-http-server-express-tls-in.so.2.0.0
-- Up-to-date: /workspace/install/snodec/lib/snode.c/web/http/libsnodec-http-server-express-tls-in.so.2
-- Set non-toolchain portion of runtime path of "/workspace/install/snodec/lib/snode.c/web/http/libsnodec-http-server-express-tls-in.so.2.0.0" to "/workspace/install/snodec/lib/snode.c/web/http"
-- Up-to-date: /workspace/install/snodec/lib/snode.c/web/http/libsnodec-http-server-express-tls-in.so
-- Up-to-date: /workspace/install/snodec/include/snode.c/express/tls/in
-- Up-to-date: /workspace/install/snodec/include/snode.c/express/tls/in/Server.h
-- Up-to-date: /workspace/install/snodec/include/snode.c/express/tls/in/WebApp.h
-- Up-to-date: /workspace/install/snodec/lib/cmake/snodec/snodec_http-server-express-tls-in_Targets.cmake
-- Up-to-date: /workspace/install/snodec/lib/cmake/snodec/snodec_http-server-express-tls-in_Targets-debug.cmake
-- Installing: /workspace/install/snodec/lib/snode.c/web/http/libsnodec-http-server-express-tls-in6.so.2.0.0
-- Up-to-date: /workspace/install/snodec/lib/snode.c/web/http/libsnodec-http-server-express-tls-in6.so.2
-- Set non-toolchain portion of runtime path of "/workspace/install/snodec/lib/snode.c/web/http/libsnodec-http-server-express-tls-in6.so.2.0.0" to "/workspace/install/snodec/lib/snode.c/web/http"
-- Up-to-date: /workspace/install/snodec/lib/snode.c/web/http/libsnodec-http-server-express-tls-in6.so
-- Up-to-date: /workspace/install/snodec/include/snode.c/express/tls/in6
-- Up-to-date: /workspace/install/snodec/include/snode.c/express/tls/in6/Server.h
-- Up-to-date: /workspace/install/snodec/include/snode.c/express/tls/in6/WebApp.h
-- Up-to-date: /workspace/install/snodec/lib/cmake/snodec/snodec_http-server-express-tls-in6_Targets.cmake
-- Up-to-date: /workspace/install/snodec/lib/cmake/snodec/snodec_http-server-express-tls-in6_Targets-debug.cmake
-- Installing: /workspace/install/snodec/lib/snode.c/web/http/libsnodec-http-server-express-tls-rc.so.2.0.0
-- Up-to-date: /workspace/install/snodec/lib/snode.c/web/http/libsnodec-http-server-express-tls-rc.so.2
-- Set non-toolchain portion of runtime path of "/workspace/install/snodec/lib/snode.c/web/http/libsnodec-http-server-express-tls-rc.so.2.0.0" to "/workspace/install/snodec/lib/snode.c/web/http"
-- Up-to-date: /workspace/install/snodec/lib/snode.c/web/http/libsnodec-http-server-express-tls-rc.so
-- Up-to-date: /workspace/install/snodec/include/snode.c/express/tls/rc
-- Up-to-date: /workspace/install/snodec/include/snode.c/express/tls/rc/Server.h
-- Up-to-date: /workspace/install/snodec/include/snode.c/express/tls/rc/WebApp.h
-- Up-to-date: /workspace/install/snodec/lib/cmake/snodec/snodec_http-server-express-tls-rc_Targets.cmake
-- Up-to-date: /workspace/install/snodec/lib/cmake/snodec/snodec_http-server-express-tls-rc_Targets-debug.cmake
-- Installing: /workspace/install/snodec/lib/snode.c/web/http/libsnodec-http-server-express-tls-un.so.2.0.0
-- Up-to-date: /workspace/install/snodec/lib/snode.c/web/http/libsnodec-http-server-express-tls-un.so.2
-- Set non-toolchain portion of runtime path of "/workspace/install/snodec/lib/snode.c/web/http/libsnodec-http-server-express-tls-un.so.2.0.0" to "/workspace/install/snodec/lib/snode.c/web/http"
-- Up-to-date: /workspace/install/snodec/lib/snode.c/web/http/libsnodec-http-server-express-tls-un.so
-- Up-to-date: /workspace/install/snodec/include/snode.c/express/tls/un
-- Up-to-date: /workspace/install/snodec/include/snode.c/express/tls/un/Server.h
-- Up-to-date: /workspace/install/snodec/include/snode.c/express/tls/un/WebApp.h
-- Up-to-date: /workspace/install/snodec/lib/cmake/snodec/snodec_http-server-express-tls-un_Targets.cmake
-- Up-to-date: /workspace/install/snodec/lib/cmake/snodec/snodec_http-server-express-tls-un_Targets-debug.cmake
-- Installing: /workspace/install/snodec/lib/libsnodec-db-mariadb.so.2.0.0
-- Up-to-date: /workspace/install/snodec/lib/libsnodec-db-mariadb.so.2
-- Set non-toolchain portion of runtime path of "/workspace/install/snodec/lib/libsnodec-db-mariadb.so.2.0.0" to ""
-- Up-to-date: /workspace/install/snodec/lib/libsnodec-db-mariadb.so
-- Up-to-date: /workspace/install/snodec/lib/cmake/snodec/snodec_db-mariadb_Targets.cmake
-- Up-to-date: /workspace/install/snodec/lib/cmake/snodec/snodec_db-mariadb_Targets-debug.cmake
-- Up-to-date: /workspace/install/snodec/include/snode.c/database/mariadb
-- Installing: /workspace/install/snodec/include/snode.c/database/mariadb/MariaDBCommand.h
-- Up-to-date: /workspace/install/snodec/include/snode.c/database/mariadb/commands
-- Up-to-date: /workspace/install/snodec/include/snode.c/database/mariadb/commands/sync
-- Installing: /workspace/install/snodec/include/snode.c/database/mariadb/commands/sync/MariaDBUseResultCommand.h
-- Installing: /workspace/install/snodec/include/snode.c/database/mariadb/commands/sync/MariaDBFieldCountCommand.h
-- Installing: /workspace/install/snodec/include/snode.c/database/mariadb/commands/sync/MariaDBAffectedRowsCommand.h
-- Up-to-date: /workspace/install/snodec/include/snode.c/database/mariadb/commands/async
-- Installing: /workspace/install/snodec/include/snode.c/database/mariadb/commands/async/MariaDBFetchRowCommand.h
-- Installing: /workspace/install/snodec/include/snode.c/database/mariadb/commands/async/MariaDBFreeResultCommand.h
-- Installing: /workspace/install/snodec/include/snode.c/database/mariadb/commands/async/MariaDBConnectCommand.h
-- Installing: /workspace/install/snodec/include/snode.c/database/mariadb/commands/async/MariaDBRollbackCommand.h
-- Installing: /workspace/install/snodec/include/snode.c/database/mariadb/commands/async/MariaDBQueryCommand.h
-- Installing: /workspace/install/snodec/include/snode.c/database/mariadb/commands/async/MariaDBAutoCommitCommand.h
-- Installing: /workspace/install/snodec/include/snode.c/database/mariadb/commands/async/MariaDBExecCommand.h
-- Installing: /workspace/install/snodec/include/snode.c/database/mariadb/commands/async/MariaDBCommitCommand.h
-- Installing: /workspace/install/snodec/include/snode.c/database/mariadb/MariaDBLibrary.h
-- Installing: /workspace/install/snodec/include/snode.c/database/mariadb/MariaDBCommandSequence.h
-- Installing: /workspace/install/snodec/include/snode.c/database/mariadb/MariaDBCommandASync.h
-- Installing: /workspace/install/snodec/include/snode.c/database/mariadb/MariaDBClient.h
-- Installing: /workspace/install/snodec/include/snode.c/database/mariadb/MariaDBConnection.h
-- Installing: /workspace/install/snodec/include/snode.c/database/mariadb/MariaDBConnectionDetails.h
-- Installing: /workspace/install/snodec/include/snode.c/database/mariadb/MariaDBCommandSync.h
-- Installing: /workspace/install/snodec/include/snode.c/database/mariadb/MariaDBClientSyncAPI.h
-- Installing: /workspace/install/snodec/include/snode.c/database/mariadb/MariaDBClientASyncAPI.h
-- Up-to-date: /workspace/install/snodec/include/snode.c/iot/mqtt/packets
-- Installing: /workspace/install/snodec/include/snode.c/iot/mqtt/packets/Publish.h
-- Installing: /workspace/install/snodec/include/snode.c/iot/mqtt/packets/Puback.h
-- Installing: /workspace/install/snodec/include/snode.c/iot/mqtt/packets/Pingreq.h
-- Installing: /workspace/install/snodec/include/snode.c/iot/mqtt/packets/Pubcomp.h
-- Installing: /workspace/install/snodec/include/snode.c/iot/mqtt/packets/Pubrel.h
-- Installing: /workspace/install/snodec/include/snode.c/iot/mqtt/packets/Subscribe.h
-- Installing: /workspace/install/snodec/include/snode.c/iot/mqtt/packets/Unsubscribe.h
-- Installing: /workspace/install/snodec/include/snode.c/iot/mqtt/packets/Connect.h
-- Installing: /workspace/install/snodec/include/snode.c/iot/mqtt/packets/Suback.h
-- Installing: /workspace/install/snodec/include/snode.c/iot/mqtt/packets/Pingresp.h
-- Installing: /workspace/install/snodec/include/snode.c/iot/mqtt/packets/Connack.h
-- Installing: /workspace/install/snodec/include/snode.c/iot/mqtt/packets/Pubrec.h
-- Installing: /workspace/install/snodec/include/snode.c/iot/mqtt/packets/Unsuback.h
-- Installing: /workspace/install/snodec/include/snode.c/iot/mqtt/packets/Disconnect.h
-- Up-to-date: /workspace/install/snodec/include/snode.c/iot/mqtt/types
-- Installing: /workspace/install/snodec/include/snode.c/iot/mqtt/types/StringPair.h
-- Installing: /workspace/install/snodec/include/snode.c/iot/mqtt/types/TypeBase.hpp
-- Installing: /workspace/install/snodec/include/snode.c/iot/mqtt/types/UInt32.h
-- Installing: /workspace/install/snodec/include/snode.c/iot/mqtt/types/UInt16.h
-- Installing: /workspace/install/snodec/include/snode.c/iot/mqtt/types/StringRaw.h
-- Installing: /workspace/install/snodec/include/snode.c/iot/mqtt/types/BinaryData.h
-- Installing: /workspace/install/snodec/include/snode.c/iot/mqtt/types/String.h
-- Installing: /workspace/install/snodec/include/snode.c/iot/mqtt/types/TypeBase.h
-- Installing: /workspace/install/snodec/include/snode.c/iot/mqtt/types/UInt8.h
-- Installing: /workspace/install/snodec/include/snode.c/iot/mqtt/types/UIntV.h
-- Installing: /workspace/install/snodec/lib/snode.c/iot/mqtt/libsnodec-mqtt.so.2.0.0
-- Up-to-date: /workspace/install/snodec/lib/snode.c/iot/mqtt/libsnodec-mqtt.so.2
-- Set non-toolchain portion of runtime path of "/workspace/install/snodec/lib/snode.c/iot/mqtt/libsnodec-mqtt.so.2.0.0" to ""
-- Up-to-date: /workspace/install/snodec/lib/snode.c/iot/mqtt/libsnodec-mqtt.so
-- Up-to-date: /workspace/install/snodec/include/snode.c/iot/mqtt
-- Installing: /workspace/install/snodec/include/snode.c/iot/mqtt/SocketContext.h
-- Installing: /workspace/install/snodec/include/snode.c/iot/mqtt/MqttContext.h
-- Installing: /workspace/install/snodec/include/snode.c/iot/mqtt/ControlPacketDeserializer.h
-- Installing: /workspace/install/snodec/include/snode.c/iot/mqtt/FixedHeader.h
-- Installing: /workspace/install/snodec/include/snode.c/iot/mqtt/SubProtocol.h
-- Installing: /workspace/install/snodec/include/snode.c/iot/mqtt/Topic.h
-- Installing: /workspace/install/snodec/include/snode.c/iot/mqtt/ControlPacket.h
-- Installing: /workspace/install/snodec/include/snode.c/iot/mqtt/SemanticLog.h
-- Installing: /workspace/install/snodec/include/snode.c/iot/mqtt/Mqtt.h
-- Installing: /workspace/install/snodec/include/snode.c/iot/mqtt/Session.h
-- Installing: /workspace/install/snodec/include/snode.c/iot/mqtt/SubProtocol.hpp
-- Up-to-date: /workspace/install/snodec/lib/cmake/snodec/snodec_mqtt_Targets.cmake
-- Up-to-date: /workspace/install/snodec/lib/cmake/snodec/snodec_mqtt_Targets-debug.cmake
-- Up-to-date: /workspace/install/snodec/include/snode.c/iot/mqtt/server/packets
-- Installing: /workspace/install/snodec/include/snode.c/iot/mqtt/server/packets/Publish.h
-- Installing: /workspace/install/snodec/include/snode.c/iot/mqtt/server/packets/Puback.h
-- Installing: /workspace/install/snodec/include/snode.c/iot/mqtt/server/packets/Pingreq.h
-- Installing: /workspace/install/snodec/include/snode.c/iot/mqtt/server/packets/Pubcomp.h
-- Installing: /workspace/install/snodec/include/snode.c/iot/mqtt/server/packets/Pubrel.h
-- Installing: /workspace/install/snodec/include/snode.c/iot/mqtt/server/packets/Subscribe.h
-- Installing: /workspace/install/snodec/include/snode.c/iot/mqtt/server/packets/Unsubscribe.h
-- Installing: /workspace/install/snodec/include/snode.c/iot/mqtt/server/packets/Connect.h
-- Installing: /workspace/install/snodec/include/snode.c/iot/mqtt/server/packets/Pubrec.h
-- Installing: /workspace/install/snodec/include/snode.c/iot/mqtt/server/packets/Disconnect.h
-- Up-to-date: /workspace/install/snodec/include/snode.c/iot/mqtt/server/broker
-- Installing: /workspace/install/snodec/include/snode.c/iot/mqtt/server/broker/Broker.h
-- Installing: /workspace/install/snodec/include/snode.c/iot/mqtt/server/broker/SubscriptionTree.h
-- Installing: /workspace/install/snodec/include/snode.c/iot/mqtt/server/broker/RetainTree.h
-- Installing: /workspace/install/snodec/include/snode.c/iot/mqtt/server/broker/Session.h
-- Installing: /workspace/install/snodec/include/snode.c/iot/mqtt/server/broker/Message.h
-- Installing: /workspace/install/snodec/lib/snode.c/iot/mqtt/libsnodec-mqtt-server.so.2.0.0
-- Up-to-date: /workspace/install/snodec/lib/snode.c/iot/mqtt/libsnodec-mqtt-server.so.2
-- Set non-toolchain portion of runtime path of "/workspace/install/snodec/lib/snode.c/iot/mqtt/libsnodec-mqtt-server.so.2.0.0" to "/workspace/install/snodec/lib/snode.c/iot/mqtt:/workspace/install/snodec/lib/snode.c/web/http/upgrade"
-- Up-to-date: /workspace/install/snodec/lib/snode.c/iot/mqtt/libsnodec-mqtt-server.so
-- Installing: /workspace/install/snodec/include/snode.c/iot/mqtt/server/Mqtt.h
-- Installing: /workspace/install/snodec/include/snode.c/iot/mqtt/server/SharedSocketContextFactory.h
-- Installing: /workspace/install/snodec/include/snode.c/iot/mqtt/server/SocketContextFactory.h
-- Up-to-date: /workspace/install/snodec/lib/cmake/snodec/snodec_mqtt-server_Targets.cmake
-- Up-to-date: /workspace/install/snodec/lib/cmake/snodec/snodec_mqtt-server_Targets-debug.cmake
-- Installing: /workspace/install/snodec/lib/snode.c/iot/mqtt/libsnodec-mqtt-server-websocket.so.2.0.0
-- Up-to-date: /workspace/install/snodec/lib/snode.c/iot/mqtt/libsnodec-mqtt-server-websocket.so.2
-- Set non-toolchain portion of runtime path of "/workspace/install/snodec/lib/snode.c/iot/mqtt/libsnodec-mqtt-server-websocket.so.2.0.0" to "/workspace/install/snodec/lib/snode.c/iot/mqtt:/workspace/install/snodec/lib/snode.c/web/http/upgrade"
-- Up-to-date: /workspace/install/snodec/lib/snode.c/iot/mqtt/libsnodec-mqtt-server-websocket.so
-- Installing: /workspace/install/snodec/include/snode.c/iot/mqtt/server/SubProtocol.h
-- Up-to-date: /workspace/install/snodec/lib/cmake/snodec/snodec_mqtt-server-websocket_Targets.cmake
-- Up-to-date: /workspace/install/snodec/lib/cmake/snodec/snodec_mqtt-server-websocket_Targets-debug.cmake
-- Up-to-date: /workspace/install/snodec/include/snode.c/iot/mqtt/client/packets
-- Installing: /workspace/install/snodec/include/snode.c/iot/mqtt/client/packets/Publish.h
-- Installing: /workspace/install/snodec/include/snode.c/iot/mqtt/client/packets/Puback.h
-- Installing: /workspace/install/snodec/include/snode.c/iot/mqtt/client/packets/Pubcomp.h
-- Installing: /workspace/install/snodec/include/snode.c/iot/mqtt/client/packets/Pubrel.h
-- Installing: /workspace/install/snodec/include/snode.c/iot/mqtt/client/packets/Suback.h
-- Installing: /workspace/install/snodec/include/snode.c/iot/mqtt/client/packets/Pingresp.h
-- Installing: /workspace/install/snodec/include/snode.c/iot/mqtt/client/packets/Connack.h
-- Installing: /workspace/install/snodec/include/snode.c/iot/mqtt/client/packets/Pubrec.h
-- Installing: /workspace/install/snodec/include/snode.c/iot/mqtt/client/packets/Unsuback.h
-- Installing: /workspace/install/snodec/lib/snode.c/iot/mqtt/libsnodec-mqtt-client.so.2.0.0
-- Up-to-date: /workspace/install/snodec/lib/snode.c/iot/mqtt/libsnodec-mqtt-client.so.2
-- Set non-toolchain portion of runtime path of "/workspace/install/snodec/lib/snode.c/iot/mqtt/libsnodec-mqtt-client.so.2.0.0" to "/workspace/install/snodec/lib/snode.c/iot/mqtt:/workspace/install/snodec/lib/snode.c/web/http/upgrade"
-- Up-to-date: /workspace/install/snodec/lib/snode.c/iot/mqtt/libsnodec-mqtt-client.so
-- Installing: /workspace/install/snodec/include/snode.c/iot/mqtt/client/Mqtt.h
-- Up-to-date: /workspace/install/snodec/lib/cmake/snodec/snodec_mqtt-client_Targets.cmake
-- Up-to-date: /workspace/install/snodec/lib/cmake/snodec/snodec_mqtt-client_Targets-debug.cmake
-- Installing: /workspace/install/snodec/lib/snode.c/iot/mqtt/libsnodec-mqtt-client-websocket.so.2.0.0
-- Up-to-date: /workspace/install/snodec/lib/snode.c/iot/mqtt/libsnodec-mqtt-client-websocket.so.2
-- Set non-toolchain portion of runtime path of "/workspace/install/snodec/lib/snode.c/iot/mqtt/libsnodec-mqtt-client-websocket.so.2.0.0" to "/workspace/install/snodec/lib/snode.c/iot/mqtt:/workspace/install/snodec/lib/snode.c/web/http/upgrade"
-- Up-to-date: /workspace/install/snodec/lib/snode.c/iot/mqtt/libsnodec-mqtt-client-websocket.so
-- Installing: /workspace/install/snodec/include/snode.c/iot/mqtt/client/SubProtocol.h
-- Up-to-date: /workspace/install/snodec/lib/cmake/snodec/snodec_mqtt-client-websocket_Targets.cmake
-- Up-to-date: /workspace/install/snodec/lib/cmake/snodec/snodec_mqtt-client-websocket_Targets-debug.cmake
-- Installing: /workspace/install/snodec/bin/snode.c
-- Set non-toolchain portion of runtime path of "/workspace/install/snodec/bin/snode.c" to "/workspace/install/snodec/lib/snode.c/web/http"
-- Installing: /workspace/install/snodec/bin/express-compat-server
-- Set non-toolchain portion of runtime path of "/workspace/install/snodec/bin/express-compat-server" to "/workspace/install/snodec/lib/snode.c/web/http"
-- Installing: /workspace/install/snodec/bin/testpost
-- Set non-toolchain portion of runtime path of "/workspace/install/snodec/bin/testpost" to "/workspace/install/snodec/lib/snode.c/web/http"
-- Installing: /workspace/install/snodec/bin/jsonserver
-- Set non-toolchain portion of runtime path of "/workspace/install/snodec/bin/jsonserver" to "/workspace/install/snodec/lib/snode.c/web/http"
-- Installing: /workspace/install/snodec/bin/jsonclient
-- Set non-toolchain portion of runtime path of "/workspace/install/snodec/bin/jsonclient" to "/workspace/install/snodec/lib/snode.c/web/http"
-- Installing: /workspace/install/snodec/bin/testregex
-- Set non-toolchain portion of runtime path of "/workspace/install/snodec/bin/testregex" to "/workspace/install/snodec/lib/snode.c/web/http"
-- Installing: /workspace/install/snodec/bin/warema-jalousien
-- Set non-toolchain portion of runtime path of "/workspace/install/snodec/bin/warema-jalousien" to "/workspace/install/snodec/lib/snode.c/web/http"
-- Installing: /workspace/install/snodec/bin/testpipe
-- Set non-toolchain portion of runtime path of "/workspace/install/snodec/bin/testpipe" to ""
-- Installing: /workspace/install/snodec/bin/configtest
-- Set non-toolchain portion of runtime path of "/workspace/install/snodec/bin/configtest" to ""
-- Installing: /workspace/install/snodec/bin/testmariadb
-- Set non-toolchain portion of runtime path of "/workspace/install/snodec/bin/testmariadb" to ""
-- Installing: /workspace/install/snodec/bin/echoclient-legacy-in
-- Set non-toolchain portion of runtime path of "/workspace/install/snodec/bin/echoclient-legacy-in" to ""
-- Installing: /workspace/install/snodec/bin/echoserver-legacy-in
-- Set non-toolchain portion of runtime path of "/workspace/install/snodec/bin/echoserver-legacy-in" to ""
-- Installing: /workspace/install/snodec/bin/echoclient-tls-in
-- Set non-toolchain portion of runtime path of "/workspace/install/snodec/bin/echoclient-tls-in" to ""
-- Installing: /workspace/install/snodec/bin/echoserver-tls-in
-- Set non-toolchain portion of runtime path of "/workspace/install/snodec/bin/echoserver-tls-in" to ""
-- Installing: /workspace/install/snodec/bin/echoclient-legacy-in6
-- Set non-toolchain portion of runtime path of "/workspace/install/snodec/bin/echoclient-legacy-in6" to ""
-- Installing: /workspace/install/snodec/bin/echoserver-legacy-in6
-- Set non-toolchain portion of runtime path of "/workspace/install/snodec/bin/echoserver-legacy-in6" to ""
-- Installing: /workspace/install/snodec/bin/echoclient-tls-in6
-- Set non-toolchain portion of runtime path of "/workspace/install/snodec/bin/echoclient-tls-in6" to ""
-- Installing: /workspace/install/snodec/bin/echoserver-tls-in6
-- Set non-toolchain portion of runtime path of "/workspace/install/snodec/bin/echoserver-tls-in6" to ""
-- Installing: /workspace/install/snodec/bin/echoclient-legacy-un
-- Set non-toolchain portion of runtime path of "/workspace/install/snodec/bin/echoclient-legacy-un" to ""
-- Installing: /workspace/install/snodec/bin/echoserver-legacy-un
-- Set non-toolchain portion of runtime path of "/workspace/install/snodec/bin/echoserver-legacy-un" to ""
-- Installing: /workspace/install/snodec/bin/echoclient-tls-un
-- Set non-toolchain portion of runtime path of "/workspace/install/snodec/bin/echoclient-tls-un" to ""
-- Installing: /workspace/install/snodec/bin/echoserver-tls-un
-- Set non-toolchain portion of runtime path of "/workspace/install/snodec/bin/echoserver-tls-un" to ""
-- Installing: /workspace/install/snodec/bin/echoclient-legacy-l2
-- Set non-toolchain portion of runtime path of "/workspace/install/snodec/bin/echoclient-legacy-l2" to ""
-- Installing: /workspace/install/snodec/bin/echoserver-legacy-l2
-- Set non-toolchain portion of runtime path of "/workspace/install/snodec/bin/echoserver-legacy-l2" to ""
-- Installing: /workspace/install/snodec/bin/echoclient-tls-l2
-- Set non-toolchain portion of runtime path of "/workspace/install/snodec/bin/echoclient-tls-l2" to ""
-- Installing: /workspace/install/snodec/bin/echoserver-tls-l2
-- Set non-toolchain portion of runtime path of "/workspace/install/snodec/bin/echoserver-tls-l2" to ""
-- Installing: /workspace/install/snodec/bin/echoclient-legacy-rc
-- Set non-toolchain portion of runtime path of "/workspace/install/snodec/bin/echoclient-legacy-rc" to ""
-- Installing: /workspace/install/snodec/bin/echoserver-legacy-rc
-- Set non-toolchain portion of runtime path of "/workspace/install/snodec/bin/echoserver-legacy-rc" to ""
-- Installing: /workspace/install/snodec/bin/echoclient-tls-rc
-- Set non-toolchain portion of runtime path of "/workspace/install/snodec/bin/echoclient-tls-rc" to ""
-- Installing: /workspace/install/snodec/bin/echoserver-tls-rc
-- Set non-toolchain portion of runtime path of "/workspace/install/snodec/bin/echoserver-tls-rc" to ""
-- Installing: /workspace/install/snodec/bin/httpserver-legacy-in
-- Set non-toolchain portion of runtime path of "/workspace/install/snodec/bin/httpserver-legacy-in" to "/workspace/install/snodec/lib/snode.c/web/http"
-- Installing: /workspace/install/snodec/bin/httpclient-legacy-in
-- Set non-toolchain portion of runtime path of "/workspace/install/snodec/bin/httpclient-legacy-in" to "/workspace/install/snodec/lib/snode.c/web/http"
-- Installing: /workspace/install/snodec/bin/httpserver-tls-in
-- Set non-toolchain portion of runtime path of "/workspace/install/snodec/bin/httpserver-tls-in" to "/workspace/install/snodec/lib/snode.c/web/http"
-- Installing: /workspace/install/snodec/bin/httpclient-tls-in
-- Set non-toolchain portion of runtime path of "/workspace/install/snodec/bin/httpclient-tls-in" to "/workspace/install/snodec/lib/snode.c/web/http"
-- Installing: /workspace/install/snodec/bin/httpserver-legacy-in6
-- Set non-toolchain portion of runtime path of "/workspace/install/snodec/bin/httpserver-legacy-in6" to "/workspace/install/snodec/lib/snode.c/web/http"
-- Installing: /workspace/install/snodec/bin/httpclient-legacy-in6
-- Set non-toolchain portion of runtime path of "/workspace/install/snodec/bin/httpclient-legacy-in6" to "/workspace/install/snodec/lib/snode.c/web/http"
-- Installing: /workspace/install/snodec/bin/httpserver-tls-in6
-- Set non-toolchain portion of runtime path of "/workspace/install/snodec/bin/httpserver-tls-in6" to "/workspace/install/snodec/lib/snode.c/web/http"
-- Installing: /workspace/install/snodec/bin/httpclient-tls-in6
-- Set non-toolchain portion of runtime path of "/workspace/install/snodec/bin/httpclient-tls-in6" to "/workspace/install/snodec/lib/snode.c/web/http"
-- Installing: /workspace/install/snodec/bin/httpserver-legacy-un
-- Set non-toolchain portion of runtime path of "/workspace/install/snodec/bin/httpserver-legacy-un" to "/workspace/install/snodec/lib/snode.c/web/http"
-- Installing: /workspace/install/snodec/bin/httpclient-legacy-un
-- Set non-toolchain portion of runtime path of "/workspace/install/snodec/bin/httpclient-legacy-un" to "/workspace/install/snodec/lib/snode.c/web/http"
-- Installing: /workspace/install/snodec/bin/httpserver-tls-un
-- Set non-toolchain portion of runtime path of "/workspace/install/snodec/bin/httpserver-tls-un" to "/workspace/install/snodec/lib/snode.c/web/http"
-- Installing: /workspace/install/snodec/bin/httpclient-tls-un
-- Set non-toolchain portion of runtime path of "/workspace/install/snodec/bin/httpclient-tls-un" to "/workspace/install/snodec/lib/snode.c/web/http"
-- Installing: /workspace/install/snodec/bin/httpserver-legacy-rc
-- Set non-toolchain portion of runtime path of "/workspace/install/snodec/bin/httpserver-legacy-rc" to "/workspace/install/snodec/lib/snode.c/web/http"
-- Installing: /workspace/install/snodec/bin/httpclient-legacy-rc
-- Set non-toolchain portion of runtime path of "/workspace/install/snodec/bin/httpclient-legacy-rc" to "/workspace/install/snodec/lib/snode.c/web/http"
-- Installing: /workspace/install/snodec/bin/httpserver-tls-rc
-- Set non-toolchain portion of runtime path of "/workspace/install/snodec/bin/httpserver-tls-rc" to "/workspace/install/snodec/lib/snode.c/web/http"
-- Installing: /workspace/install/snodec/bin/httpclient-tls-rc
-- Set non-toolchain portion of runtime path of "/workspace/install/snodec/bin/httpclient-tls-rc" to "/workspace/install/snodec/lib/snode.c/web/http"
-- Installing: /workspace/install/snodec/bin/httplowlevelclient
-- Set non-toolchain portion of runtime path of "/workspace/install/snodec/bin/httplowlevelclient" to "/workspace/install/snodec/lib/snode.c/web/http"
-- Installing: /workspace/install/snodec/bin/verysimpleserver
-- Set non-toolchain portion of runtime path of "/workspace/install/snodec/bin/verysimpleserver" to "/workspace/install/snodec/lib/snode.c/web/http"
-- Installing: /workspace/install/snodec/bin/vhostserver
-- Set non-toolchain portion of runtime path of "/workspace/install/snodec/bin/vhostserver" to "/workspace/install/snodec/lib/snode.c/web/http"
-- Installing: /workspace/install/snodec/bin/testbasicauthentication
-- Set non-toolchain portion of runtime path of "/workspace/install/snodec/bin/testbasicauthentication" to "/workspace/install/snodec/lib/snode.c/web/http"
-- Installing: /workspace/install/snodec/bin/testexpressnext
-- Set non-toolchain portion of runtime path of "/workspace/install/snodec/bin/testexpressnext" to "/workspace/install/snodec/lib/snode.c/web/http"
-- Installing: /workspace/install/snodec/bin/authorization_server
-- Set non-toolchain portion of runtime path of "/workspace/install/snodec/bin/authorization_server" to "/workspace/install/snodec/lib/snode.c/web/http"
-- Installing: /workspace/install/snodec/bin/client_app
-- Set non-toolchain portion of runtime path of "/workspace/install/snodec/bin/client_app" to "/workspace/install/snodec/lib/snode.c/web/http"
-- Installing: /workspace/install/snodec/bin/resource_server
-- Set non-toolchain portion of runtime path of "/workspace/install/snodec/bin/resource_server" to "/workspace/install/snodec/lib/snode.c/web/http"
-- Installing: /workspace/install/snodec/bin/tlslegacyserver
-- Set non-toolchain portion of runtime path of "/workspace/install/snodec/bin/tlslegacyserver" to ""
-- Installing: /workspace/install/snodec/bin/tlslegacyclient
-- Set non-toolchain portion of runtime path of "/workspace/install/snodec/bin/tlslegacyclient" to ""
-- Installing: /workspace/install/snodec/bin/towerCalculation
-- Set non-toolchain portion of runtime path of "/workspace/install/snodec/bin/towerCalculation" to ""
-- Installing: /workspace/install/snodec/bin/wsechoserver
-- Set non-toolchain portion of runtime path of "/workspace/install/snodec/bin/wsechoserver" to "/workspace/install/snodec/lib/snode.c/web/http"
-- Installing: /workspace/install/snodec/bin/wsechoclient
-- Set non-toolchain portion of runtime path of "/workspace/install/snodec/bin/wsechoclient" to "/workspace/install/snodec/lib/snode.c/web/http"
-- Installing: /workspace/install/snodec/lib/snode.c/web/http/upgrade/websocket/libsnodec-websocket-echo-server.so.2.0.0
-- Installing: /workspace/install/snodec/lib/snode.c/web/http/upgrade/websocket/libsnodec-websocket-echo-server.so.2
-- Set non-toolchain portion of runtime path of "/workspace/install/snodec/lib/snode.c/web/http/upgrade/websocket/libsnodec-websocket-echo-server.so.2.0.0" to "/workspace/install/snodec/lib/snode.c/web/http/upgrade"
-- Up-to-date: /workspace/install/snodec/lib/snode.c/web/http/upgrade/websocket/libsnodec-websocket-echo-server.so
-- Installing: /workspace/install/snodec/lib/snode.c/web/http/upgrade/websocket/libsnodec-websocket-echo-client.so.2.0.0
-- Installing: /workspace/install/snodec/lib/snode.c/web/http/upgrade/websocket/libsnodec-websocket-echo-client.so.2
-- Set non-toolchain portion of runtime path of "/workspace/install/snodec/lib/snode.c/web/http/upgrade/websocket/libsnodec-websocket-echo-client.so.2.0.0" to "/workspace/install/snodec/lib/snode.c/web/http/upgrade"
-- Up-to-date: /workspace/install/snodec/lib/snode.c/web/http/upgrade/websocket/libsnodec-websocket-echo-client.so
-- Installing: /workspace/install/snodec/bin/snodec-control
-- Up-to-date: /workspace/install/snodec/lib/cmake/snodec/snodecConfig.cmake
-- Up-to-date: /workspace/install/snodec/lib/cmake/snodec/snodecConfigVersion.cmake
-- Installing: /workspace/install/snodec/include/snode.c/Log.h
-- Installing: /workspace/install/snodec/include/snode.c/SemanticLog.h
net-in-stream-legacy: loading dependencies 'net-in-stream, core-socket-stream-legacy'
  net-in-stream: loading dependencies 'net-in-phy-stream'
    net-in-phy-stream: loading dependencies 'net-in-phy'
      net-in-phy: loading dependencies 'net-in'
        net-in: loading dependencies 'net'
          net: loading dependencies 'core-socket'
            core-socket: loading dependencies 'core'
              core: loading dependencies 'mux-epoll, utils'
                mux-epoll: loaded
                utils: loading dependencies 'logger'
                  logger: loaded
                utils: loaded
              core: loaded
            core-socket: loaded
          net: loaded
        net-in: loaded
      net-in-phy: loaded
    net-in-phy-stream: loaded
  net-in-stream: loaded
  core-socket-stream-legacy: loading dependencies 'core-socket-stream'
    core-socket-stream: loading dependencies 'core-socket'
      core-socket: already loaded
    core-socket-stream: loaded
  core-socket-stream-legacy: loaded
net-in-stream-legacy: loaded
-- Configuring done (0.1s)
-- Generating done (0.0s)
-- Build files have been written to: /workspace/build/framework-external-echo
[1/6] Building CXX object CMakeFiles/echo-context.dir/EchoSocketContext.cpp.o
[2/6] Linking CXX static library libecho-context.a
[3/6] Building CXX object CMakeFiles/echoserver.dir/echoserver.cpp.o
[4/6] Linking CXX executable echoserver
[5/6] Building CXX object CMakeFiles/echoclient.dir/echoclient.cpp.o
[6/6] Linking CXX executable echoclient
Internal ctest changing into directory: /workspace/build/framework-external-echo
Test project /workspace/build/framework-external-echo
    Start 1: echo.config-surface
1/4 Test #1: echo.config-surface ..............   Passed    0.05 sec
    Start 2: echo.server-external-peer
2/4 Test #2: echo.server-external-peer ........   Passed    0.09 sec
    Start 3: echo.client-external-peer
3/4 Test #3: echo.client-external-peer ........   Passed    0.04 sec
    Start 4: echo.pair-smoke
4/4 Test #4: echo.pair-smoke ..................   Passed    0.34 sec

100% tests passed, 0 tests failed out of 4

Label Time Summary:
client           =   0.04 sec*proc (1 test)
configuration    =   0.05 sec*proc (1 test)
echo             =   0.52 sec*proc (4 tests)
example          =   0.52 sec*proc (4 tests)
external         =   0.52 sec*proc (4 tests)
pair             =   0.34 sec*proc (1 test)
payload          =   0.13 sec*proc (2 tests)
server           =   0.09 sec*proc (1 test)
smoke            =   0.34 sec*proc (1 test)

Total Test time (real) =   0.53 sec
net-in-stream-legacy: loading dependencies 'net-in-stream, core-socket-stream-legacy'
  net-in-stream: loading dependencies 'net-in-phy-stream'
    net-in-phy-stream: loading dependencies 'net-in-phy'
      net-in-phy: loading dependencies 'net-in'
        net-in: loading dependencies 'net'
          net: loading dependencies 'core-socket'
            core-socket: loading dependencies 'core'
              core: loading dependencies 'mux-epoll, utils'
                mux-epoll: loaded
                utils: loading dependencies 'logger'
                  logger: loaded
                utils: loaded
              core: loaded
            core-socket: loaded
          net: loaded
        net-in: loaded
      net-in-phy: loaded
    net-in-phy-stream: loaded
  net-in-stream: loaded
  core-socket-stream-legacy: loading dependencies 'core-socket-stream'
    core-socket-stream: loading dependencies 'core-socket'
      core-socket: already loaded
    core-socket-stream: loaded
  core-socket-stream-legacy: loaded
net-in-stream-legacy: loaded
core: loading dependencies 'mux-epoll, utils'
  mux-epoll: loaded
  utils: loading dependencies 'logger'
    logger: loaded
  utils: loaded
core: loaded
http-server-express-legacy-in: loading dependencies 'net-in-stream-legacy, http-server-express'
  net-in-stream-legacy: loading dependencies 'net-in-stream, core-socket-stream-legacy'
    net-in-stream: loading dependencies 'net-in-phy-stream'
      net-in-phy-stream: loading dependencies 'net-in-phy'
        net-in-phy: loading dependencies 'net-in'
          net-in: loading dependencies 'net'
            net: loading dependencies 'core-socket'
              core-socket: loading dependencies 'core'
                core: loading dependencies 'mux-epoll, utils'
                  mux-epoll: loaded
                  utils: loading dependencies 'logger'
                    logger: loaded
                  utils: loaded
                core: loaded
              core-socket: loaded
            net: loaded
          net-in: loaded
        net-in-phy: loaded
      net-in-phy-stream: loaded
    net-in-stream: loaded
    core-socket-stream-legacy: loading dependencies 'core-socket-stream'
      core-socket-stream: loading dependencies 'core-socket'
        core-socket: already loaded
      core-socket-stream: loaded
    core-socket-stream-legacy: loaded
  net-in-stream-legacy: loaded
  http-server-express: loading dependencies 'http-server'
    http-server: loading dependencies 'http'
      http: loading dependencies 'core-socket-stream'
        core-socket-stream: already loaded
      http: loaded
      http: configured
    http-server: loaded
  http-server-express: loaded
http-server-express-legacy-in: loaded
websocket-server: loading dependencies 'websocket, http-server'
  websocket: loading dependencies 'utils'
    utils: already loaded
  websocket: loaded
  websocket: configured
  http-server: already loaded
websocket-server: loaded
http-client: loading dependencies 'http'
  http: loading dependencies 'core-socket-stream'
    core-socket-stream: loading dependencies 'core-socket'
      core-socket: loading dependencies 'core'
        core: loading dependencies 'mux-epoll, utils'
          mux-epoll: loaded
          utils: loading dependencies 'logger'
            logger: loaded
          utils: loaded
        core: loaded
      core-socket: loaded
    core-socket-stream: loaded
  http: loaded
  http: configured
http-client: loaded
net-in-stream-legacy: loading dependencies 'net-in-stream, core-socket-stream-legacy'
  net-in-stream: loading dependencies 'net-in-phy-stream'
    net-in-phy-stream: loading dependencies 'net-in-phy'
      net-in-phy: loading dependencies 'net-in'
        net-in: loading dependencies 'net'
          net: loading dependencies 'core-socket'
            core-socket: already loaded
          net: loaded
        net-in: loaded
      net-in-phy: loaded
    net-in-phy-stream: loaded
  net-in-stream: loaded
  core-socket-stream-legacy: loading dependencies 'core-socket-stream'
    core-socket-stream: already loaded
  core-socket-stream-legacy: loaded
net-in-stream-legacy: loaded
websocket-client: loading dependencies 'websocket, http-client'
  websocket: loading dependencies 'utils'
    utils: already loaded
  websocket: loaded
  websocket: configured
  http-client: already loaded
websocket-client: loaded
http-server-express-legacy-in: loading dependencies 'net-in-stream-legacy, http-server-express'
  net-in-stream-legacy: loading dependencies 'net-in-stream, core-socket-stream-legacy'
    net-in-stream: loading dependencies 'net-in-phy-stream'
      net-in-phy-stream: loading dependencies 'net-in-phy'
        net-in-phy: loading dependencies 'net-in'
          net-in: loading dependencies 'net'
            net: loading dependencies 'core-socket'
              core-socket: loading dependencies 'core'
                core: loading dependencies 'mux-epoll, utils'
                  mux-epoll: loaded
                  utils: loading dependencies 'logger'
                    logger: loaded
                  utils: loaded
                core: loaded
              core-socket: loaded
            net: loaded
          net-in: loaded
        net-in-phy: loaded
      net-in-phy-stream: loaded
    net-in-stream: loaded
    core-socket-stream-legacy: loading dependencies 'core-socket-stream'
      core-socket-stream: loading dependencies 'core-socket'
        core-socket: already loaded
      core-socket-stream: loaded
    core-socket-stream-legacy: loaded
  net-in-stream-legacy: loaded
  http-server-express: loading dependencies 'http-server'
    http-server: loading dependencies 'http'
      http: loading dependencies 'core-socket-stream'
        core-socket-stream: already loaded
      http: loaded
      http: configured
    http-server: loaded
  http-server-express: loaded
http-server-express-legacy-in: loaded
http-client: loading dependencies 'http'
  http: loading dependencies 'core-socket-stream'
    core-socket-stream: loading dependencies 'core-socket'
      core-socket: loading dependencies 'core'
        core: loading dependencies 'mux-epoll, utils'
          mux-epoll: loaded
          utils: loading dependencies 'logger'
            logger: loaded
          utils: loaded
        core: loaded
      core-socket: loaded
    core-socket-stream: loaded
  http: loaded
  http: configured
http-client: loaded
net-in-stream-legacy: loading dependencies 'net-in-stream, core-socket-stream-legacy'
  net-in-stream: loading dependencies 'net-in-phy-stream'
    net-in-phy-stream: loading dependencies 'net-in-phy'
      net-in-phy: loading dependencies 'net-in'
        net-in: loading dependencies 'net'
          net: loading dependencies 'core-socket'
            core-socket: already loaded
          net: loaded
        net-in: loaded
      net-in-phy: loaded
    net-in-phy-stream: loaded
  net-in-stream: loaded
  core-socket-stream-legacy: loading dependencies 'core-socket-stream'
    core-socket-stream: already loaded
  core-socket-stream-legacy: loaded
net-in-stream-legacy: loaded
websocket-server: loading dependencies 'websocket, http-server'
  websocket: loading dependencies 'utils'
    utils: loading dependencies 'logger'
      logger: loaded
    utils: loaded
  websocket: loaded
  websocket: configured
  http-server: loading dependencies 'http'
    http: loading dependencies 'core-socket-stream'
      core-socket-stream: loading dependencies 'core-socket'
        core-socket: loading dependencies 'core'
          core: loading dependencies 'mux-epoll, utils'
            mux-epoll: loaded
            utils: already loaded
          core: loaded
        core-socket: loaded
      core-socket-stream: loaded
    http: loaded
    http: configured
  http-server: loaded
websocket-server: loaded
websocket-client: loading dependencies 'websocket, http-client'
  websocket: loading dependencies 'utils'
    utils: loading dependencies 'logger'
      logger: loaded
    utils: loaded
  websocket: loaded
  websocket: configured
  http-client: loading dependencies 'http'
    http: loading dependencies 'core-socket-stream'
      core-socket-stream: loading dependencies 'core-socket'
        core-socket: loading dependencies 'core'
          core: loading dependencies 'mux-epoll, utils'
            mux-epoll: loaded
            utils: already loaded
          core: loaded
        core-socket: loaded
      core-socket-stream: loaded
    http: loaded
    http: configured
  http-client: loaded
websocket-client: loaded
net-in-stream-legacy: loading dependencies 'net-in-stream, core-socket-stream-legacy'
  net-in-stream: loading dependencies 'net-in-phy-stream'
    net-in-phy-stream: loading dependencies 'net-in-phy'
      net-in-phy: loading dependencies 'net-in'
        net-in: loading dependencies 'net'
          net: loading dependencies 'core-socket'
            core-socket: loading dependencies 'core'
              core: loading dependencies 'mux-epoll, utils'
                mux-epoll: loaded
                utils: loading dependencies 'logger'
                  logger: loaded
                utils: loaded
              core: loaded
            core-socket: loaded
          net: loaded
        net-in: loaded
      net-in-phy: loaded
    net-in-phy-stream: loaded
  net-in-stream: loaded
  core-socket-stream-legacy: loading dependencies 'core-socket-stream'
    core-socket-stream: loading dependencies 'core-socket'
      core-socket: already loaded
    core-socket-stream: loaded
  core-socket-stream-legacy: loaded
net-in-stream-legacy: loaded
net-in-stream-legacy: loading dependencies 'net-in-stream, core-socket-stream-legacy'
  net-in-stream: loading dependencies 'net-in-phy-stream'
    net-in-phy-stream: loading dependencies 'net-in-phy'
      net-in-phy: loading dependencies 'net-in'
        net-in: loading dependencies 'net'
          net: loading dependencies 'core-socket'
            core-socket: loading dependencies 'core'
              core: loading dependencies 'mux-epoll, utils'
                mux-epoll: loaded
                utils: loading dependencies 'logger'
                  logger: loaded
                utils: loaded
              core: loaded
            core-socket: loaded
          net: loaded
        net-in: loaded
      net-in-phy: loaded
    net-in-phy-stream: loaded
  net-in-stream: loaded
  core-socket-stream-legacy: loading dependencies 'core-socket-stream'
    core-socket-stream: loading dependencies 'core-socket'
      core-socket: already loaded
    core-socket-stream: loaded
  core-socket-stream-legacy: loaded
net-in-stream-legacy: loaded
mqtt-client: loading dependencies 'mqtt'
  mqtt: loading dependencies 'core-socket-stream'
    core-socket-stream: loading dependencies 'core-socket'
      core-socket: loading dependencies 'core'
        core: loading dependencies 'mux-epoll, utils'
          mux-epoll: loaded
          utils: loading dependencies 'logger'
            logger: loaded
          utils: loaded
        core: loaded
      core-socket: loaded
    core-socket-stream: loaded
  mqtt: loaded
mqtt-client: loaded
db-mariadb: loading dependencies 'core'
  core: loading dependencies 'mux-epoll, utils'
    mux-epoll: loaded
    utils: loading dependencies 'logger'
      logger: loaded
    utils: loaded
  core: loaded
db-mariadb: loaded
http-server-express-legacy-in: loading dependencies 'net-in-stream-legacy, http-server-express'
  net-in-stream-legacy: loading dependencies 'net-in-stream, core-socket-stream-legacy'
    net-in-stream: loading dependencies 'net-in-phy-stream'
      net-in-phy-stream: loading dependencies 'net-in-phy'
        net-in-phy: loading dependencies 'net-in'
          net-in: loading dependencies 'net'
            net: loading dependencies 'core-socket'
              core-socket: loading dependencies 'core'
                core: loading dependencies 'mux-epoll, utils'
                  mux-epoll: loaded
                  utils: loading dependencies 'logger'
                    logger: loaded
                  utils: loaded
                core: loaded
              core-socket: loaded
            net: loaded
          net-in: loaded
        net-in-phy: loaded
      net-in-phy-stream: loaded
    net-in-stream: loaded
    core-socket-stream-legacy: loading dependencies 'core-socket-stream'
      core-socket-stream: loading dependencies 'core-socket'
        core-socket: already loaded
      core-socket-stream: loaded
    core-socket-stream-legacy: loaded
  net-in-stream-legacy: loaded
  http-server-express: loading dependencies 'http-server'
    http-server: loading dependencies 'http'
      http: loading dependencies 'core-socket-stream'
        core-socket-stream: already loaded
      http: loaded
      http: configured
    http-server: loaded
  http-server-express: loaded
http-server-express-legacy-in: loaded
net-in-stream-legacy: already loaded
mqtt-client: loading dependencies 'mqtt'
  mqtt: loading dependencies 'core-socket-stream'
    core-socket-stream: already loaded
  mqtt: loaded
mqtt-client: loaded
http-server-express-legacy-in: loading dependencies 'net-in-stream-legacy, http-server-express'
  net-in-stream-legacy: loading dependencies 'net-in-stream, core-socket-stream-legacy'
    net-in-stream: loading dependencies 'net-in-phy-stream'
      net-in-phy-stream: loading dependencies 'net-in-phy'
        net-in-phy: loading dependencies 'net-in'
          net-in: loading dependencies 'net'
            net: loading dependencies 'core-socket'
              core-socket: loading dependencies 'core'
                core: loading dependencies 'mux-epoll, utils'
                  mux-epoll: loaded
                  utils: loading dependencies 'logger'
                    logger: loaded
                  utils: loaded
                core: loaded
              core-socket: loaded
            net: loaded
          net-in: loaded
        net-in-phy: loaded
      net-in-phy-stream: loaded
    net-in-stream: loaded
    core-socket-stream-legacy: loading dependencies 'core-socket-stream'
      core-socket-stream: loading dependencies 'core-socket'
        core-socket: already loaded
      core-socket-stream: loaded
    core-socket-stream-legacy: loaded
  net-in-stream-legacy: loaded
  http-server-express: loading dependencies 'http-server'
    http-server: loading dependencies 'http'
      http: loading dependencies 'core-socket-stream'
        core-socket-stream: already loaded
      http: loaded
      http: configured
    http-server: loaded
  http-server-express: loaded
http-server-express-legacy-in: loaded
net-in-stream-legacy: already loaded
mqtt-client: loading dependencies 'mqtt'
  mqtt: loading dependencies 'core-socket-stream'
    core-socket-stream: already loaded
  mqtt: loaded
mqtt-client: loaded
net-un-stream-legacy: loading dependencies 'net-un-stream, core-socket-stream-legacy'
  net-un-stream: loading dependencies 'net-un-phy-stream'
    net-un-phy-stream: loading dependencies 'net-un-phy'
      net-un-phy: loading dependencies 'net-un'
        net-un: loading dependencies 'net'
          net: already loaded
        net-un: loaded
      net-un-phy: loaded
    net-un-phy-stream: loaded
  net-un-stream: loaded
  core-socket-stream-legacy: already loaded
net-un-stream-legacy: loaded
core: loading dependencies 'mux-epoll, utils'
  mux-epoll: loaded
  utils: loading dependencies 'logger'
    logger: loaded
  utils: loaded
core: loaded
net-in-stream-legacy: loading dependencies 'net-in-stream, core-socket-stream-legacy'
  net-in-stream: loading dependencies 'net-in-phy-stream'
    net-in-phy-stream: loading dependencies 'net-in-phy'
      net-in-phy: loading dependencies 'net-in'
        net-in: loading dependencies 'net'
          net: loading dependencies 'core-socket'
            core-socket: loading dependencies 'core'
              core: loading dependencies 'mux-epoll, utils'
                mux-epoll: loaded
                utils: loading dependencies 'logger'
                  logger: loaded
                utils: loaded
              core: loaded
            core-socket: loaded
          net: loaded
        net-in: loaded
      net-in-phy: loaded
    net-in-phy-stream: loaded
  net-in-stream: loaded
  core-socket-stream-legacy: loading dependencies 'core-socket-stream'
    core-socket-stream: loading dependencies 'core-socket'
      core-socket: already loaded
    core-socket-stream: loaded
  core-socket-stream-legacy: loaded
net-in-stream-legacy: loaded
net-in6-stream-legacy: loading dependencies 'net-in6-stream, core-socket-stream-legacy'
  net-in6-stream: loading dependencies 'net-in6-phy-stream'
    net-in6-phy-stream: loading dependencies 'net-in6-phy'
      net-in6-phy: loading dependencies 'net-in6'
        net-in6: loading dependencies 'net'
          net: already loaded
        net-in6: loaded
      net-in6-phy: loaded
    net-in6-phy-stream: loaded
  net-in6-stream: loaded
  core-socket-stream-legacy: already loaded
net-in6-stream-legacy: loaded
net-un-stream-legacy: loading dependencies 'net-un-stream, core-socket-stream-legacy'
  net-un-stream: loading dependencies 'net-un-phy-stream'
    net-un-phy-stream: loading dependencies 'net-un-phy'
      net-un-phy: loading dependencies 'net-un'
        net-un: loading dependencies 'net'
          net: already loaded
        net-un: loaded
      net-un-phy: loaded
    net-un-phy-stream: loaded
  net-un-stream: loaded
  core-socket-stream-legacy: already loaded
net-un-stream-legacy: loaded
net-rc-stream-legacy: loading dependencies 'net-rc-stream, core-socket-stream-legacy'
  net-rc-stream: loading dependencies 'net-rc-phy-stream'
    net-rc-phy-stream: loading dependencies 'net-rc-phy'
      net-rc-phy: loading dependencies 'net-rc'
        net-rc: loading dependencies 'net'
          net: loading dependencies 'core-socket'
            core-socket: loading dependencies 'core'
              core: loading dependencies 'mux-epoll, utils'
                mux-epoll: loaded
                utils: loading dependencies 'logger'
                  logger: loaded
                utils: loaded
              core: loaded
            core-socket: loaded
          net: loaded
        net-rc: loaded
      net-rc-phy: loaded
    net-rc-phy-stream: loaded
  net-rc-stream: loaded
  core-socket-stream-legacy: loading dependencies 'core-socket-stream'
    core-socket-stream: loading dependencies 'core-socket'
      core-socket: already loaded
    core-socket-stream: loaded
  core-socket-stream-legacy: loaded
net-rc-stream-legacy: loaded
net-l2-stream-legacy: loading dependencies 'net-l2-stream, core-socket-stream-legacy'
  net-l2-stream: loading dependencies 'net-l2-phy-stream'
    net-l2-phy-stream: loading dependencies 'net-l2-phy'
      net-l2-phy: loading dependencies 'net-l2'
        net-l2: loading dependencies 'net'
          net: already loaded
        net-l2: loaded
      net-l2-phy: loaded
    net-l2-phy-stream: loaded
  net-l2-stream: loaded
  core-socket-stream-legacy: already loaded
net-l2-stream-legacy: loaded
net-in-stream-legacy: loading dependencies 'net-in-stream, core-socket-stream-legacy'
  net-in-stream: loading dependencies 'net-in-phy-stream'
    net-in-phy-stream: loading dependencies 'net-in-phy'
      net-in-phy: loading dependencies 'net-in'
        net-in: loading dependencies 'net'
          net: loading dependencies 'core-socket'
            core-socket: loading dependencies 'core'
              core: loading dependencies 'mux-epoll, utils'
                mux-epoll: loaded
                utils: loading dependencies 'logger'
                  logger: loaded
                utils: loaded
              core: loaded
            core-socket: loaded
          net: loaded
        net-in: loaded
      net-in-phy: loaded
    net-in-phy-stream: loaded
  net-in-stream: loaded
  core-socket-stream-legacy: loading dependencies 'core-socket-stream'
    core-socket-stream: loading dependencies 'core-socket'
      core-socket: already loaded
    core-socket-stream: loaded
  core-socket-stream-legacy: loaded
net-in-stream-legacy: loaded
net-un-stream-legacy: loading dependencies 'net-un-stream, core-socket-stream-legacy'
  net-un-stream: loading dependencies 'net-un-phy-stream'
    net-un-phy-stream: loading dependencies 'net-un-phy'
      net-un-phy: loading dependencies 'net-un'
        net-un: loading dependencies 'net'
          net: loading dependencies 'core-socket'
            core-socket: loading dependencies 'core'
              core: loading dependencies 'mux-epoll, utils'
                mux-epoll: loaded
                utils: loading dependencies 'logger'
                  logger: loaded
                utils: loaded
              core: loaded
            core-socket: loaded
          net: loaded
        net-un: loaded
      net-un-phy: loaded
    net-un-phy-stream: loaded
  net-un-stream: loaded
  core-socket-stream-legacy: loading dependencies 'core-socket-stream'
    core-socket-stream: loading dependencies 'core-socket'
      core-socket: already loaded
    core-socket-stream: loaded
  core-socket-stream-legacy: loaded
net-un-stream-legacy: loaded
net-in-stream-tls: loading dependencies 'net-in-stream, core-socket-stream-tls'
  net-in-stream: loading dependencies 'net-in-phy-stream'
    net-in-phy-stream: loading dependencies 'net-in-phy'
      net-in-phy: loading dependencies 'net-in'
        net-in: loading dependencies 'net'
          net: loading dependencies 'core-socket'
            core-socket: loading dependencies 'core'
              core: loading dependencies 'mux-epoll, utils'
                mux-epoll: loaded
                utils: loading dependencies 'logger'
                  logger: loaded
                utils: loaded
              core: loaded
            core-socket: loaded
          net: loaded
        net-in: loaded
      net-in-phy: loaded
    net-in-phy-stream: loaded
  net-in-stream: loaded
  core-socket-stream-tls: loading dependencies 'core-socket-stream'
    core-socket-stream: loading dependencies 'core-socket'
      core-socket: already loaded
    core-socket-stream: loaded
  core-socket-stream-tls: loaded
net-in-stream-tls: loaded
http-server-express-legacy-in: loading dependencies 'net-in-stream-legacy, http-server-express'
  net-in-stream-legacy: loading dependencies 'net-in-stream, core-socket-stream-legacy'
    net-in-stream: loading dependencies 'net-in-phy-stream'
      net-in-phy-stream: loading dependencies 'net-in-phy'
        net-in-phy: loading dependencies 'net-in'
          net-in: loading dependencies 'net'
            net: loading dependencies 'core-socket'
              core-socket: loading dependencies 'core'
                core: loading dependencies 'mux-epoll, utils'
                  mux-epoll: loaded
                  utils: loading dependencies 'logger'
                    logger: loaded
                  utils: loaded
                core: loaded
              core-socket: loaded
            net: loaded
          net-in: loaded
        net-in-phy: loaded
      net-in-phy-stream: loaded
    net-in-stream: loaded
    core-socket-stream-legacy: loading dependencies 'core-socket-stream'
      core-socket-stream: loading dependencies 'core-socket'
        core-socket: already loaded
      core-socket-stream: loaded
    core-socket-stream-legacy: loaded
  net-in-stream-legacy: loaded
  http-server-express: loading dependencies 'http-server'
    http-server: loading dependencies 'http'
      http: loading dependencies 'core-socket-stream'
        core-socket-stream: already loaded
      http: loaded
      http: configured
    http-server: loaded
  http-server-express: loaded
http-server-express-legacy-in: loaded
websocket-server: loading dependencies 'websocket, http-server'
  websocket: loading dependencies 'utils'
    utils: loading dependencies 'logger'
      logger: loaded
    utils: loaded
  websocket: loaded
  websocket: configured
  http-server: loading dependencies 'http'
    http: loading dependencies 'core-socket-stream'
      core-socket-stream: loading dependencies 'core-socket'
        core-socket: loading dependencies 'core'
          core: loading dependencies 'mux-epoll, utils'
            mux-epoll: loaded
            utils: already loaded
          core: loaded
        core-socket: loaded
      core-socket-stream: loaded
    http: loaded
    http: configured
  http-server: loaded
websocket-server: loaded
websocket-client: loading dependencies 'websocket, http-client'
  websocket: already loaded
  http-client: loading dependencies 'http'
    http: already loaded
  http-client: loaded
websocket-client: loaded
http-server-express-legacy-in: loading dependencies 'net-in-stream-legacy, http-server-express'
  net-in-stream-legacy: loading dependencies 'net-in-stream, core-socket-stream-legacy'
    net-in-stream: loading dependencies 'net-in-phy-stream'
      net-in-phy-stream: loading dependencies 'net-in-phy'
        net-in-phy: loading dependencies 'net-in'
          net-in: loading dependencies 'net'
            net: loading dependencies 'core-socket'
              core-socket: already loaded
            net: loaded
          net-in: loaded
        net-in-phy: loaded
      net-in-phy-stream: loaded
    net-in-stream: loaded
    core-socket-stream-legacy: loading dependencies 'core-socket-stream'
      core-socket-stream: already loaded
    core-socket-stream-legacy: loaded
  net-in-stream-legacy: loaded
  http-server-express: loading dependencies 'http-server'
    http-server: already loaded
  http-server-express: loaded
http-server-express-legacy-in: loaded
http-client: already loaded
net-in-stream-legacy: already loaded
mqtt-client: loading dependencies 'mqtt'
  mqtt: loading dependencies 'core-socket-stream'
    core-socket-stream: loading dependencies 'core-socket'
      core-socket: loading dependencies 'core'
        core: loading dependencies 'mux-epoll, utils'
          mux-epoll: loaded
          utils: loading dependencies 'logger'
            logger: loaded
          utils: loaded
        core: loaded
      core-socket: loaded
    core-socket-stream: loaded
  mqtt: loaded
mqtt-client: loaded
mqtt-server: loading dependencies 'mqtt'
  mqtt: already loaded
mqtt-server: loaded
net-in-stream-legacy: loading dependencies 'net-in-stream, core-socket-stream-legacy'
  net-in-stream: loading dependencies 'net-in-phy-stream'
    net-in-phy-stream: loading dependencies 'net-in-phy'
      net-in-phy: loading dependencies 'net-in'
        net-in: loading dependencies 'net'
          net: loading dependencies 'core-socket'
            core-socket: already loaded
          net: loaded
        net-in: loaded
      net-in-phy: loaded
    net-in-phy-stream: loaded
  net-in-stream: loaded
  core-socket-stream-legacy: loading dependencies 'core-socket-stream'
    core-socket-stream: already loaded
  core-socket-stream-legacy: loaded
net-in-stream-legacy: loaded
mqtt-client-websocket: loading dependencies 'mqtt-client, websocket-client'
  mqtt-client: loading dependencies 'mqtt'
    mqtt: loading dependencies 'core-socket-stream'
      core-socket-stream: loading dependencies 'core-socket'
        core-socket: loading dependencies 'core'
          core: loading dependencies 'mux-epoll, utils'
            mux-epoll: loaded
            utils: loading dependencies 'logger'
              logger: loaded
            utils: loaded
          core: loaded
        core-socket: loaded
      core-socket-stream: loaded
    mqtt: loaded
  mqtt-client: loaded
  websocket-client: loading dependencies 'websocket, http-client'
    websocket: loading dependencies 'utils'
      utils: already loaded
    websocket: loaded
    websocket: configured
    http-client: loading dependencies 'http'
      http: loading dependencies 'core-socket-stream'
        core-socket-stream: already loaded
      http: loaded
      http: configured
    http-client: loaded
  websocket-client: loaded
mqtt-client-websocket: loaded
websocket-client: already loaded
http-client: already loaded
net-in-stream-legacy: loading dependencies 'net-in-stream, core-socket-stream-legacy'
  net-in-stream: loading dependencies 'net-in-phy-stream'
    net-in-phy-stream: loading dependencies 'net-in-phy'
      net-in-phy: loading dependencies 'net-in'
        net-in: loading dependencies 'net'
          net: loading dependencies 'core-socket'
            core-socket: already loaded
          net: loaded
        net-in: loaded
      net-in-phy: loaded
    net-in-phy-stream: loaded
  net-in-stream: loaded
  core-socket-stream-legacy: loading dependencies 'core-socket-stream'
    core-socket-stream: already loaded
  core-socket-stream-legacy: loaded
net-in-stream-legacy: loaded
db-mariadb: loading dependencies 'core'
  core: loading dependencies 'mux-epoll, utils'
    mux-epoll: loaded
    utils: loading dependencies 'logger'
      logger: loaded
    utils: loaded
  core: loaded
db-mariadb: loaded
-- Configuring done (0.3s)
-- Generating done (0.0s)
-- Build files have been written to: /workspace/build/ci-book-examples
[1/114] Building CXX object companion/examples/EchoPair/CMakeFiles/echosocketcontext.dir/EchoSocketContext.cpp.o
[2/114] Linking CXX static library companion/examples/EchoPair/libechosocketcontext.a
[3/114] Building CXX object companion/examples/EchoPair/CMakeFiles/echoserver.dir/echoserver.cpp.o
[4/114] Linking CXX executable companion/examples/EchoPair/echoserver
[5/114] Building CXX object companion/examples/EchoPair/CMakeFiles/echoclient.dir/echoclient.cpp.o
[6/114] Linking CXX executable companion/examples/EchoPair/echoclient
[7/114] Building CXX object companion/examples/SemanticLogging/CMakeFiles/semantic-logging.dir/main.cpp.o
[8/114] Linking CXX executable companion/examples/SemanticLogging/semantic-logging
[9/114] Building CXX object companion/examples/Comparison-AsioEcho/CMakeFiles/asio-echo.dir/main.cpp.o
[10/114] Linking CXX executable companion/examples/Comparison-AsioEcho/asio-echo
[11/114] Building CXX object companion/examples/HttpUpgrade-Server/CMakeFiles/http-upgrade-server.dir/main.cpp.o
[12/114] Linking CXX executable companion/examples/HttpUpgrade-Server/http-upgrade-server
[13/114] Building CXX object companion/examples/HttpUpgrade-Client/CMakeFiles/http-upgrade-client.dir/main.cpp.o
[14/114] Linking CXX executable companion/examples/HttpUpgrade-Client/http-upgrade-client
[15/114] Building CXX object companion/examples/SSE-Server/CMakeFiles/sse-server.dir/main.cpp.o
[16/114] Linking CXX executable companion/examples/SSE-Server/sse-server
[17/114] Building CXX object companion/examples/SSE-EventSource-Client/CMakeFiles/sse-eventsource-client.dir/main.cpp.o
[18/114] Linking CXX executable companion/examples/SSE-EventSource-Client/sse-eventsource-client
[19/114] Building CXX object companion/examples/WebSocket-Echo-ServerSubprotocol/CMakeFiles/websocket-echo-server-subprotocol.dir/EchoServerFactory.cpp.o
[20/114] Building CXX object companion/examples/WebSocket-Echo-ServerSubprotocol/CMakeFiles/websocket-echo-server-subprotocol.dir/EchoServer.cpp.o
[21/114] Linking CXX shared library companion/examples/WebSocket-Echo-ServerSubprotocol/libsnodec-websocket-echo-server.so.2
[22/114] Creating library symlink companion/examples/WebSocket-Echo-ServerSubprotocol/libsnodec-websocket-echo-server.so
[23/114] Building CXX object companion/examples/WebSocket-Echo-ClientSubprotocol/CMakeFiles/websocket-echo-client-subprotocol.dir/EchoClient.cpp.o
[24/114] Building CXX object companion/examples/WebSocket-Echo-ClientSubprotocol/CMakeFiles/websocket-echo-client-subprotocol.dir/EchoClientFactory.cpp.o
[25/114] Linking CXX shared library companion/examples/WebSocket-Echo-ClientSubprotocol/libsnodec-websocket-echo-client.so.2
[26/114] Creating library symlink companion/examples/WebSocket-Echo-ClientSubprotocol/libsnodec-websocket-echo-client.so
[27/114] Building CXX object companion/examples/LineProtocol-Server/CMakeFiles/line-protocol-server.dir/LineCommandServerContext.cpp.o
[28/114] Building CXX object companion/examples/LineProtocol-Server/CMakeFiles/line-protocol-server.dir/main.cpp.o
[29/114] Linking CXX executable companion/examples/LineProtocol-Server/line-protocol-server
[30/114] Building CXX object companion/examples/LineProtocol-Client/CMakeFiles/line-protocol-client.dir/LineCommandClientContext.cpp.o
[31/114] Building CXX object companion/examples/LineProtocol-Client/CMakeFiles/line-protocol-client.dir/main.cpp.o
[32/114] Linking CXX executable companion/examples/LineProtocol-Client/line-protocol-client
[33/114] Building CXX object companion/examples/MQTT-ClientRole/CMakeFiles/mqtt-client-role.dir/SensorClient.cpp.o
[34/114] Building CXX object companion/examples/MariaDB-Minimal/CMakeFiles/mariadb-minimal.dir/main.cpp.o
[35/114] Linking CXX static library companion/examples/MQTT-ClientRole/libmqtt-client-role.a
[36/114] Linking CXX executable companion/examples/MariaDB-Minimal/mariadb-minimal
[37/114] Building CXX object companion/examples/MiniGateway/CMakeFiles/minigateway.dir/MeasurementModel.cpp.o
[38/114] Building CXX object companion/examples/MiniGateway/CMakeFiles/minigateway.dir/main.cpp.o
[39/114] Building CXX object companion/examples/MiniGateway/CMakeFiles/minigateway.dir/MeasurementJsonCodec.cpp.o
[40/114] Building CXX object companion/examples/MiniGateway/CMakeFiles/minigateway.dir/MiniGatewayMqttClient.cpp.o
[41/114] Building CXX object companion/examples/MiniGateway/CMakeFiles/minigateway.dir/MiniGatewayWeb.cpp.o
[42/114] Building CXX object companion/examples/MiniGateway/CMakeFiles/minigateway.dir/MiniGatewayMqtt.cpp.o
[43/114] Building CXX object companion/examples/MiniGateway/CMakeFiles/minigateway.dir/SocketStateReporter.cpp.o
[44/114] Building CXX object companion/examples/MiniGateway/CMakeFiles/minigateway.dir/MiniGatewayMqttSocketContextFactory.cpp.o
[45/114] Building CXX object companion/examples/MiniGateway/CMakeFiles/minigateway.dir/ConfigSections.cpp.o
[46/114] Linking CXX executable companion/examples/MiniGateway/minigateway
[47/114] Building CXX object companion/examples/MiniGateway-Extended/CMakeFiles/minigateway-extended.dir/MeasurementModel.cpp.o
[48/114] Building CXX object companion/examples/MiniGateway-Extended/CMakeFiles/minigateway-extended.dir/main.cpp.o
[49/114] Building CXX object companion/examples/MiniGateway-Extended/CMakeFiles/minigateway-extended.dir/MeasurementJsonCodec.cpp.o
[50/114] Building CXX object companion/examples/MiniGateway-Extended/CMakeFiles/minigateway-extended.dir/MiniGatewayWeb.cpp.o
[51/114] Building CXX object companion/examples/MiniGateway-Extended/CMakeFiles/minigateway-extended.dir/MeasurementUnixSocketServer.cpp.o
[52/114] Building CXX object companion/examples/MiniGateway-Extended/CMakeFiles/minigateway-extended.dir/MeasurementUnixSocketContextFactory.cpp.o
[53/114] Building CXX object companion/examples/MiniGateway-Extended/CMakeFiles/minigateway-extended.dir/MeasurementUnixSocketContext.cpp.o
[54/114] Building CXX object companion/examples/MiniGateway-Extended/CMakeFiles/minigateway-extended.dir/MiniGatewayMqtt.cpp.o
[55/114] Building CXX object companion/examples/MiniGateway-Extended/CMakeFiles/minigateway-extended.dir/MiniGatewayMqttClient.cpp.o
[56/114] Building CXX object companion/examples/MiniGateway-Extended/CMakeFiles/minigateway-extended.dir/SocketStateReporter.cpp.o
[57/114] Building CXX object companion/examples/MiniGateway-Extended/CMakeFiles/minigateway-extended.dir/MiniGatewayMqttSocketContextFactory.cpp.o
[58/114] Building CXX object companion/examples/MiniGateway-Extended/CMakeFiles/minigateway-extended.dir/ConfigSections.cpp.o
[59/114] Linking CXX executable companion/examples/MiniGateway-Extended/minigateway-extended
[60/114] Building CXX object companion/exercises/ch06/CMakeFiles/deferred-work.dir/deferred-work.cpp.o
[61/114] Linking CXX executable companion/exercises/ch06/deferred-work
[62/114] Building CXX object companion/exercises/ch03/CMakeFiles/greeting-client.dir/greeting-client.cpp.o
[63/114] Linking CXX executable companion/exercises/ch03/greeting-client
[64/114] Building CXX object companion/exercises/ch07/CMakeFiles/endpoint-in.dir/family-server.cpp.o
[65/114] Linking CXX executable companion/exercises/ch07/endpoint-in
[66/114] Building CXX object companion/exercises/ch07/CMakeFiles/endpoint-in6.dir/family-server.cpp.o
[67/114] Linking CXX executable companion/exercises/ch07/endpoint-in6
[68/114] Building CXX object companion/exercises/ch09/CMakeFiles/bluetooth-selectors.dir/selectors.cpp.o
[69/114] Linking CXX executable companion/exercises/ch09/bluetooth-selectors
[70/114] Building CXX object companion/exercises/ch07/CMakeFiles/endpoint-un.dir/family-server.cpp.o
[71/114] Linking CXX executable companion/exercises/ch07/endpoint-un
[72/114] Building CXX object companion/exercises/ch09/CMakeFiles/endpoint-rc.dir/__/ch07/family-server.cpp.o
[73/114] Linking CXX executable companion/exercises/ch09/endpoint-rc
[74/114] Building CXX object companion/exercises/ch09/CMakeFiles/endpoint-l2.dir/__/ch07/family-server.cpp.o
[75/114] Linking CXX executable companion/exercises/ch09/endpoint-l2
[76/114] Building CXX object companion/exercises/ch11/CMakeFiles/line-refusal.dir/__/__/examples/LineProtocol-Server/LineCommandServerContext.cpp.o
[77/114] Building CXX object companion/exercises/ch11/CMakeFiles/line-refusal.dir/refusal.cpp.o
[78/114] Linking CXX executable companion/exercises/ch11/line-refusal
[79/114] Building CXX object companion/exercises/ch12/CMakeFiles/line-unix.dir/__/__/examples/LineProtocol-Server/LineCommandServerContext.cpp.o
[80/114] Building CXX object companion/exercises/ch12/CMakeFiles/line-unix.dir/unix-main.cpp.o
[81/114] Linking CXX executable companion/exercises/ch12/line-unix
[82/114] Building CXX object companion/exercises/ch15/CMakeFiles/tls-policy-lab.dir/tls-runtime.cpp.o
[83/114] Linking CXX executable companion/exercises/ch15/tls-policy-lab
[84/114] Building CXX object companion/exercises/ch15/CMakeFiles/tls-echo.dir/tls-main.cpp.o
[85/114] Linking CXX executable companion/exercises/ch15/tls-echo
[86/114] Building CXX object companion/exercises/ch18/CMakeFiles/dispatch-lab.dir/dispatch.cpp.o
[87/114] Linking CXX executable companion/exercises/ch18/dispatch-lab
[88/114] Building CXX object companion/exercises/ch20/CMakeFiles/ws-lab-server.dir/__/__/examples/WebSocket-Echo-ServerSubprotocol/EchoServer.cpp.o
[89/114] Building CXX object companion/exercises/ch20/CMakeFiles/ws-lab-server.dir/__/__/examples/WebSocket-Echo-ServerSubprotocol/EchoServerFactory.cpp.o
[90/114] Building CXX object companion/exercises/ch20/CMakeFiles/ws-lab-server.dir/server.cpp.o
[91/114] Linking CXX executable companion/exercises/ch20/ws-lab-server
[92/114] Building CXX object companion/exercises/ch20/CMakeFiles/ws-lab-client.dir/__/__/examples/WebSocket-Echo-ClientSubprotocol/EchoClient.cpp.o
[93/114] Building CXX object companion/exercises/ch20/CMakeFiles/ws-lab-client.dir/__/__/examples/WebSocket-Echo-ClientSubprotocol/EchoClientFactory.cpp.o
[94/114] Building CXX object companion/exercises/ch20/CMakeFiles/ws-lab-client.dir/client.cpp.o
[95/114] Linking CXX executable companion/exercises/ch20/ws-lab-client
[96/114] Building CXX object companion/exercises/ch21/CMakeFiles/mqtt-role-lab.dir/client.cpp.o
[97/114] Linking CXX executable companion/exercises/ch21/mqtt-role-lab
[98/114] Building CXX object companion/exercises/ch21/CMakeFiles/mqtt-broker-lab.dir/broker.cpp.o
[99/114] Linking CXX executable companion/exercises/ch21/mqtt-broker-lab
[100/114] Building CXX object companion/exercises/ch22/CMakeFiles/mqtt-ws-lab.dir/factory.cpp.o
[101/114] Building CXX object companion/exercises/ch24/CMakeFiles/persistence-lab.dir/client.cpp.o
[102/114] Linking CXX executable companion/exercises/ch24/persistence-lab
[103/114] Building CXX object companion/exercises/ch22/CMakeFiles/mqtt-ws-lab.dir/client.cpp.o
[104/114] Linking CXX executable companion/exercises/ch22/mqtt-ws-lab
[105/114] Building CXX object companion/exercises/ch30/CMakeFiles/measurement-validation.dir/__/__/examples/MiniGateway/MeasurementModel.cpp.o
[106/114] Building CXX object companion/exercises/ch30/CMakeFiles/measurement-validation.dir/validation.cpp.o
[107/114] Building CXX object companion/exercises/ch32/CMakeFiles/model-ownership.dir/model-ownership.cpp.o
[108/114] Building CXX object companion/exercises/ch30/CMakeFiles/measurement-validation.dir/__/__/examples/MiniGateway/MeasurementJsonCodec.cpp.o
[109/114] Linking CXX executable companion/exercises/ch30/measurement-validation
[110/114] Building CXX object companion/exercises/ch32/CMakeFiles/model-ownership.dir/__/__/examples/MiniGateway/MeasurementModel.cpp.o
[111/114] Linking CXX executable companion/exercises/ch32/model-ownership
[112/114] Building CXX object companion/exercises/ch32/CMakeFiles/model-instances.dir/model-instances.cpp.o
[113/114] Building CXX object companion/exercises/ch32/CMakeFiles/model-instances.dir/__/__/examples/MiniGateway/MeasurementModel.cpp.o
[114/114] Linking CXX executable companion/exercises/ch32/model-instances
Companion example build passed.
Internal ctest changing into directory: /workspace/build/ci-book-examples
Test project /workspace/build/ci-book-examples
      Start  1: exercise-ch01
 1/66 Test  #1: exercise-ch01 ...........................   Passed    0.21 sec
      Start  2: exercise-ch01-independent-peers
 2/66 Test  #2: exercise-ch01-independent-peers .........   Passed    0.12 sec
      Start  3: exercise-ch02-consumer
 3/66 Test  #3: exercise-ch02-consumer ..................   Passed    4.58 sec
      Start  4: exercise-ch02-component
 4/66 Test  #4: exercise-ch02-component .................   Passed    4.40 sec
      Start  5: exercise-ch03
 5/66 Test  #5: exercise-ch03 ...........................   Passed    0.13 sec
      Start  6: exercise-ch03-occupied-port
 6/66 Test  #6: exercise-ch03-occupied-port .............   Passed    0.11 sec
      Start  7: exercise-ch04-model-instances
 7/66 Test  #7: exercise-ch04-model-instances ...........   Passed    0.00 sec
      Start  8: exercise-ch04-independent-peers
 8/66 Test  #8: exercise-ch04-independent-peers .........   Passed    0.09 sec
      Start  9: exercise-ch05-layer-families
 9/66 Test  #9: exercise-ch05-layer-families ............   Passed    0.12 sec
      Start 10: exercise-ch05-layer-component
10/66 Test #10: exercise-ch05-layer-component ...........   Passed    4.09 sec
      Start 11: exercise-ch06-deferred-work
11/66 Test #11: exercise-ch06-deferred-work .............   Passed    0.01 sec
      Start 12: exercise-ch06-model-checkpoint
12/66 Test #12: exercise-ch06-model-checkpoint ..........   Passed    0.00 sec
      Start 13: exercise-ch07-ip-families
13/66 Test #13: exercise-ch07-ip-families ...............   Passed    0.12 sec
      Start 14: exercise-ch07-unix-path
14/66 Test #14: exercise-ch07-unix-path .................   Passed    0.08 sec
      Start 15: exercise-ch08-independent-peers
15/66 Test #15: exercise-ch08-independent-peers .........   Passed    0.08 sec
      Start 16: exercise-ch08-occupied-endpoint
16/66 Test #16: exercise-ch08-occupied-endpoint .........   Passed    0.10 sec
      Start 17: exercise-ch09-selectors
17/66 Test #17: exercise-ch09-selectors .................   Passed    0.01 sec
      Start 18: exercise-ch09-part-checkpoint
18/66 Test #18: exercise-ch09-part-checkpoint ...........   Passed    0.12 sec
      Start 19: exercise-ch10-framing
19/66 Test #19: exercise-ch10-framing ...................   Passed    0.19 sec
      Start 20: exercise-ch10-limits
20/66 Test #20: exercise-ch10-limits ....................   Passed    0.28 sec
      Start 21: exercise-ch11-isolation
21/66 Test #21: exercise-ch11-isolation .................   Passed    0.18 sec
      Start 22: exercise-ch11-refusal
22/66 Test #22: exercise-ch11-refusal ...................   Passed    0.08 sec
      Start 23: exercise-ch12-part-checkpoint
23/66 Test #23: exercise-ch12-part-checkpoint ...........   Passed    0.33 sec
      Start 24: exercise-ch12-endpoint-failure
24/66 Test #24: exercise-ch12-endpoint-failure ..........   Passed    0.08 sec
      Start 25: exercise-ch13-precedence
25/66 Test #25: exercise-ch13-precedence ................   Passed    0.09 sec
      Start 26: exercise-ch13-discovery
26/66 Test #26: exercise-ch13-discovery .................   Passed    0.09 sec
      Start 27: exercise-ch14-records
27/66 Test #27: exercise-ch14-records ...................   Passed    0.05 sec
      Start 28: exercise-ch14-part-checkpoint
28/66 Test #28: exercise-ch14-part-checkpoint ...........   Passed    0.22 sec
      Start 29: exercise-ch15-trust-identity
29/66 Test #29: exercise-ch15-trust-identity ............   Passed    1.72 sec
      Start 30: exercise-ch15-secure-echo
30/66 Test #30: exercise-ch15-secure-echo ...............   Passed    0.49 sec
      Start 31: exercise-ch16-bounded-retry
31/66 Test #31: exercise-ch16-bounded-retry .............   Passed    0.27 sec
      Start 32: exercise-ch16-part-checkpoint
32/66 Test #32: exercise-ch16-part-checkpoint ...........   Passed    2.25 sec
      Start 33: exercise-ch17-framing
33/66 Test #33: exercise-ch17-framing ...................   Passed    0.28 sec
      Start 34: exercise-ch17-limits
34/66 Test #34: exercise-ch17-limits ....................   Passed    0.08 sec
      Start 35: exercise-ch18-order
35/66 Test #35: exercise-ch18-order .....................   Passed    0.08 sec
      Start 36: exercise-ch18-stop
36/66 Test #36: exercise-ch18-stop ......................   Passed    0.08 sec
      Start 37: exercise-ch19
37/66 Test #37: exercise-ch19 ...........................   Passed    0.09 sec
      Start 38: exercise-ch19-observers
38/66 Test #38: exercise-ch19-observers .................   Passed    0.08 sec
      Start 39: exercise-ch20-negotiation
39/66 Test #39: exercise-ch20-negotiation ...............   Passed    0.11 sec
      Start 40: exercise-ch20-part-checkpoint
40/66 Test #40: exercise-ch20-part-checkpoint ...........   Passed    0.29 sec
      Start 41: exercise-ch21-wire
41/66 Test #41: exercise-ch21-wire ......................   Passed    0.32 sec
      Start 42: exercise-ch21-delivery
42/66 Test #42: exercise-ch21-delivery ..................   Passed    0.14 sec
      Start 43: exercise-ch22-binary
43/66 Test #43: exercise-ch22-binary ....................   Passed    0.18 sec
      Start 44: exercise-ch22-text
44/66 Test #44: exercise-ch22-text ......................   Passed    0.07 sec
      Start 45: exercise-ch23-unavailable-output
45/66 Test #45: exercise-ch23-unavailable-output ........   Passed    0.13 sec
      Start 46: exercise-ch23-part-checkpoint
46/66 Test #46: exercise-ch23-part-checkpoint ...........   Passed    0.32 sec
      Start 47: exercise-ch24-durable
47/66 Test #47: exercise-ch24-durable ...................   Passed    0.95 sec
      Start 48: exercise-ch24-error
48/66 Test #48: exercise-ch24-error .....................   Passed    0.92 sec
      Start 49: exercise-ch25-composition
49/66 Test #49: exercise-ch25-composition ...............   Passed    0.28 sec
      Start 50: exercise-ch25-consumer-trace
50/66 Test #50: exercise-ch25-consumer-trace ............   Passed    4.02 sec
      Start 51: exercise-ch26-part-checkpoint
51/66 Test #51: exercise-ch26-part-checkpoint ...........   Passed    1.17 sec
      Start 52: exercise-ch26-publication-trace
52/66 Test #52: exercise-ch26-publication-trace .........   Passed    0.17 sec
      Start 53: exercise-ch27-consumer
53/66 Test #53: exercise-ch27-consumer ..................   Passed    4.32 sec
      Start 54: exercise-ch27-component
54/66 Test #54: exercise-ch27-component .................   Passed    4.26 sec
      Start 55: exercise-ch28-lifecycle
55/66 Test #55: exercise-ch28-lifecycle .................   Passed    6.32 sec
      Start 56: exercise-ch28-configuration
56/66 Test #56: exercise-ch28-configuration .............   Passed    6.19 sec
      Start 57: exercise-ch29-diagnosis
57/66 Test #57: exercise-ch29-diagnosis .................   Passed   11.62 sec
      Start 58: exercise-ch29-checkpoint
58/66 Test #58: exercise-ch29-checkpoint ................   Passed   10.86 sec
      Start 59: exercise-ch30
59/66 Test #59: exercise-ch30 ...........................   Passed    0.12 sec
      Start 60: exercise-ch30-validation
60/66 Test #60: exercise-ch30-validation ................   Passed    0.00 sec
      Start 61: exercise-ch31-framing
61/66 Test #61: exercise-ch31-framing ...................   Passed    0.10 sec
      Start 62: exercise-ch31-mixed
62/66 Test #62: exercise-ch31-mixed .....................   Passed    0.13 sec
      Start 63: exercise-ch32
63/66 Test #63: exercise-ch32 ...........................   Passed    0.00 sec
      Start 64: exercise-ch32-model-instances
64/66 Test #64: exercise-ch32-model-instances ...........   Passed    0.00 sec
      Start 65: exercise-appendix-a-source-consumer
65/66 Test #65: exercise-appendix-a-source-consumer .....   Passed    4.04 sec
      Start 66: exercise-appendix-a-carrier-extension
66/66 Test #66: exercise-appendix-a-carrier-extension ...   Passed    0.37 sec

100% tests passed, 0 tests failed out of 66

Label Time Summary:
equipped    =   3.04 sec*proc (3 tests)

Total Test time (real) =  78.84 sec
PASS: four semantic records; component Debug overrides global Info; event and typed error; no invented peer
PASS: Chapter 3 server reflects a controlled byte sequence
PASS: Chapter 3 client initiates and reflects with a controlled peer
Using example build directory: /workspace/build/ci-book-examples
Using SNode.C install prefix: /workspace/install/snodec
SSE-Server smoke endpoint: http://127.0.0.1:38321/events
MiniGateway Extended smoke endpoint: http://127.0.0.1:36093
MiniGateway Extended Unix socket: /tmp/snodec-book-smoke-1414338.sock
Starting sse-server: /workspace/build/ci-book-examples/companion/examples/SSE-Server/sse-server legacy local --port 38321
SSE-Server runtime smoke test passed.
Starting minigateway-extended: /workspace/build/ci-book-examples/companion/examples/MiniGateway-Extended/minigateway-extended web local --host 127.0.0.1 --port 36093 measurement-input local --sun-path /tmp/snodec-book-smoke-1414338.sock mqtt-uplink remote --host 127.0.0.1 --port 1883
MiniGateway Extended Unix-input runtime smoke test passed.
Starting line-length: /workspace/build/ci-book-examples/companion/examples/LineProtocol-Server/line-protocol-server lineprotocolserver local --host 127.0.0.1 --port 45609
Line length: exact boundary accepted; overlong whole/split records rejected.
Starting minigateway-mqtt-wire: /workspace/build/ci-book-examples/companion/examples/MiniGateway/minigateway web --disabled mqtt-uplink remote --host 127.0.0.1 --port 55719
Starting minigateway-extended-mqtt-wire: /workspace/build/ci-book-examples/companion/examples/MiniGateway-Extended/minigateway-extended web --disabled mqtt-uplink remote --host 127.0.0.1 --port 54341 measurement-input --disabled
Both gateways send CONNECT with MQTT protocol level 4; no private bit.
Behavioral smoke tests passed.
-- Install configuration: ""
-- Installing: /workspace/install/snodec/lib/snode.c/web/http/upgrade/websocket/libsnodec-websocket-echo-server.so.2
-- Set non-toolchain portion of runtime path of "/workspace/install/snodec/lib/snode.c/web/http/upgrade/websocket/libsnodec-websocket-echo-server.so.2" to "/usr/local/lib"
-- Up-to-date: /workspace/install/snodec/lib/snode.c/web/http/upgrade/websocket/libsnodec-websocket-echo-server.so
-- Installing: /workspace/install/snodec/include/snodec-book/examples/WebSocket-Echo-ServerSubprotocol/EchoServer.h
-- Installing: /workspace/install/snodec/include/snodec-book/examples/WebSocket-Echo-ServerSubprotocol/EchoServerFactory.h
-- Install configuration: ""
-- Installing: /workspace/install/snodec/lib/snode.c/web/http/upgrade/websocket/libsnodec-websocket-echo-client.so.2
-- Set non-toolchain portion of runtime path of "/workspace/install/snodec/lib/snode.c/web/http/upgrade/websocket/libsnodec-websocket-echo-client.so.2" to "/usr/local/lib"
-- Up-to-date: /workspace/install/snodec/lib/snode.c/web/http/upgrade/websocket/libsnodec-websocket-echo-client.so
-- Installing: /workspace/install/snodec/include/snodec-book/examples/WebSocket-Echo-ClientSubprotocol/EchoClient.h
-- Installing: /workspace/install/snodec/include/snodec-book/examples/WebSocket-Echo-ClientSubprotocol/EchoClientFactory.h
http-server-express-legacy-in: loading dependencies 'net-in-stream-legacy, http-server-express'
  net-in-stream-legacy: loading dependencies 'net-in-stream, core-socket-stream-legacy'
    net-in-stream: loading dependencies 'net-in-phy-stream'
      net-in-phy-stream: loading dependencies 'net-in-phy'
        net-in-phy: loading dependencies 'net-in'
          net-in: loading dependencies 'net'
            net: loading dependencies 'core-socket'
              core-socket: loading dependencies 'core'
                core: loading dependencies 'mux-epoll, utils'
                  mux-epoll: loaded
                  utils: loading dependencies 'logger'
                    logger: loaded
                  utils: loaded
                core: loaded
              core-socket: loaded
            net: loaded
          net-in: loaded
        net-in-phy: loaded
      net-in-phy-stream: loaded
    net-in-stream: loaded
    core-socket-stream-legacy: loading dependencies 'core-socket-stream'
      core-socket-stream: loading dependencies 'core-socket'
        core-socket: already loaded
      core-socket-stream: loaded
    core-socket-stream-legacy: loaded
  net-in-stream-legacy: loaded
  http-server-express: loading dependencies 'http-server'
    http-server: loading dependencies 'http'
      http: loading dependencies 'core-socket-stream'
        core-socket-stream: already loaded
      http: loaded
      http: configured
    http-server: loaded
  http-server-express: loaded
http-server-express-legacy-in: loaded
http-server-express-legacy-in: loading dependencies 'net-in-stream-legacy, http-server-express'
  net-in-stream-legacy: loading dependencies 'net-in-stream, core-socket-stream-legacy'
    net-in-stream: loading dependencies 'net-in-phy-stream'
      net-in-phy-stream: loading dependencies 'net-in-phy'
        net-in-phy: loading dependencies 'net-in'
          net-in: loading dependencies 'net'
            net: loading dependencies 'core-socket'
              core-socket: loading dependencies 'core'
                core: loading dependencies 'mux-epoll, utils'
                  mux-epoll: loaded
                  utils: loading dependencies 'logger'
                    logger: loaded
                  utils: loaded
                core: loaded
              core-socket: loaded
            net: loaded
          net-in: loaded
        net-in-phy: loaded
      net-in-phy-stream: loaded
    net-in-stream: loaded
    core-socket-stream-legacy: loading dependencies 'core-socket-stream'
      core-socket-stream: loading dependencies 'core-socket'
        core-socket: already loaded
      core-socket-stream: loaded
    core-socket-stream-legacy: loaded
  net-in-stream-legacy: loaded
  http-server-express: loading dependencies 'http-server'
    http-server: loading dependencies 'http'
      http: loading dependencies 'core-socket-stream'
        core-socket-stream: already loaded
      http: loaded
      http: configured
    http-server: loaded
  http-server-express: loaded
http-server-express-legacy-in: loaded
net-in-stream-legacy: already loaded
mqtt-client: loading dependencies 'mqtt'
  mqtt: loading dependencies 'core-socket-stream'
    core-socket-stream: already loaded
  mqtt: loaded
mqtt-client: loaded
http-server-express-legacy-in: loading dependencies 'net-in-stream-legacy, http-server-express'
  net-in-stream-legacy: loading dependencies 'net-in-stream, core-socket-stream-legacy'
    net-in-stream: loading dependencies 'net-in-phy-stream'
      net-in-phy-stream: loading dependencies 'net-in-phy'
        net-in-phy: loading dependencies 'net-in'
          net-in: loading dependencies 'net'
            net: loading dependencies 'core-socket'
              core-socket: loading dependencies 'core'
                core: loading dependencies 'mux-epoll, utils'
                  mux-epoll: loaded
                  utils: loading dependencies 'logger'
                    logger: loaded
                  utils: loaded
                core: loaded
              core-socket: loaded
            net: loaded
          net-in: loaded
        net-in-phy: loaded
      net-in-phy-stream: loaded
    net-in-stream: loaded
    core-socket-stream-legacy: loading dependencies 'core-socket-stream'
      core-socket-stream: loading dependencies 'core-socket'
        core-socket: already loaded
      core-socket-stream: loaded
    core-socket-stream-legacy: loaded
  net-in-stream-legacy: loaded
  http-server-express: loading dependencies 'http-server'
    http-server: loading dependencies 'http'
      http: loading dependencies 'core-socket-stream'
        core-socket-stream: already loaded
      http: loaded
      http: configured
    http-server: loaded
  http-server-express: loaded
http-server-express-legacy-in: loaded
net-in-stream-legacy: already loaded
mqtt-client: loading dependencies 'mqtt'
  mqtt: loading dependencies 'core-socket-stream'
    core-socket-stream: already loaded
  mqtt: loaded
mqtt-client: loaded
net-un-stream-legacy: loading dependencies 'net-un-stream, core-socket-stream-legacy'
  net-un-stream: loading dependencies 'net-un-phy-stream'
    net-un-phy-stream: loading dependencies 'net-un-phy'
      net-un-phy: loading dependencies 'net-un'
        net-un: loading dependencies 'net'
          net: already loaded
        net-un: loaded
      net-un-phy: loaded
    net-un-phy-stream: loaded
  net-un-stream: loaded
  core-socket-stream-legacy: already loaded
net-un-stream-legacy: loaded
-- Configuring done (0.0s)
-- Generating done (0.0s)
-- Build files have been written to: /workspace/build/example-lifetime-checks/fixture-build
[  4%] Building CXX object SSE-Server/CMakeFiles/sse-server.dir/main.cpp.o
[  8%] Building CXX object MiniGateway/CMakeFiles/minigateway.dir/main.cpp.o
[ 12%] Building CXX object MiniGateway/CMakeFiles/minigateway.dir/MeasurementModel.cpp.o
[ 16%] Building CXX object MiniGateway-Extended/CMakeFiles/minigateway-extended.dir/main.cpp.o
[ 20%] Building CXX object MiniGateway/CMakeFiles/minigateway.dir/MeasurementJsonCodec.cpp.o
[ 24%] Building CXX object MiniGateway/CMakeFiles/minigateway.dir/MiniGatewayWeb.cpp.o
[ 28%] Building CXX object MiniGateway/CMakeFiles/minigateway.dir/MiniGatewayMqttClient.cpp.o
[ 32%] Building CXX object MiniGateway-Extended/CMakeFiles/minigateway-extended.dir/MeasurementModel.cpp.o
[ 36%] Building CXX object MiniGateway-Extended/CMakeFiles/minigateway-extended.dir/MeasurementJsonCodec.cpp.o
[ 40%] Linking CXX executable sse-server
[ 40%] Built target sse-server
[ 44%] Building CXX object MiniGateway-Extended/CMakeFiles/minigateway-extended.dir/MiniGatewayWeb.cpp.o
[ 48%] Building CXX object MiniGateway-Extended/CMakeFiles/minigateway-extended.dir/MeasurementUnixSocketServer.cpp.o
[ 52%] Building CXX object MiniGateway/CMakeFiles/minigateway.dir/MiniGatewayMqtt.cpp.o
[ 56%] Building CXX object MiniGateway/CMakeFiles/minigateway.dir/MiniGatewayMqttSocketContextFactory.cpp.o
[ 60%] Building CXX object MiniGateway/CMakeFiles/minigateway.dir/SocketStateReporter.cpp.o
[ 64%] Building CXX object MiniGateway/CMakeFiles/minigateway.dir/ConfigSections.cpp.o
[ 68%] Building CXX object MiniGateway-Extended/CMakeFiles/minigateway-extended.dir/MeasurementUnixSocketContext.cpp.o
[ 72%] Building CXX object MiniGateway-Extended/CMakeFiles/minigateway-extended.dir/MeasurementUnixSocketContextFactory.cpp.o
[ 76%] Building CXX object MiniGateway-Extended/CMakeFiles/minigateway-extended.dir/MiniGatewayMqttClient.cpp.o
[ 80%] Building CXX object MiniGateway-Extended/CMakeFiles/minigateway-extended.dir/MiniGatewayMqtt.cpp.o
[ 84%] Building CXX object MiniGateway-Extended/CMakeFiles/minigateway-extended.dir/MiniGatewayMqttSocketContextFactory.cpp.o
[ 88%] Linking CXX executable minigateway
[ 88%] Built target minigateway
[ 92%] Building CXX object MiniGateway-Extended/CMakeFiles/minigateway-extended.dir/SocketStateReporter.cpp.o
[ 96%] Building CXX object MiniGateway-Extended/CMakeFiles/minigateway-extended.dir/ConfigSections.cpp.o
[100%] Linking CXX executable minigateway-extended
[100%] Built target minigateway-extended
Starting SSE-Server: /workspace/build/example-lifetime-checks/fixture-build/SSE-Server/sse-server --log-level=3 legacy local --host=127.0.0.1 --port=47909
PASS: SSE-Server idle FIN/RST churn wave 1, only the live observer retained
PASS: SSE-Server idle FIN/RST churn wave 2, only the live observer retained
PASS: SSE-Server idle FIN/RST churn wave 3, only the live observer retained
PASS: SSE-Server surviving observer receives the next measurement; final idle cleanup releases all responses
Starting MiniGateway: /workspace/build/example-lifetime-checks/fixture-build/MiniGateway/minigateway --log-level=3 web local --host=127.0.0.1 --port=46621 mqtt-uplink --disabled
PASS: MiniGateway idle FIN/RST churn wave 1, only the live observer retained
PASS: MiniGateway idle FIN/RST churn wave 2, only the live observer retained
PASS: MiniGateway idle FIN/RST churn wave 3, only the live observer retained
PASS: MiniGateway surviving observer receives the next measurement; final idle cleanup releases all responses
Starting MiniGateway-Extended: /workspace/build/example-lifetime-checks/fixture-build/MiniGateway-Extended/minigateway-extended --log-level=3 web local --host=127.0.0.1 --port=46307 mqtt-uplink --disabled measurement-input --disabled
PASS: MiniGateway-Extended idle FIN/RST churn wave 1, only the live observer retained
PASS: MiniGateway-Extended idle FIN/RST churn wave 2, only the live observer retained
PASS: MiniGateway-Extended idle FIN/RST churn wave 3, only the live observer retained
PASS: MiniGateway-Extended surviving observer receives the next measurement; final idle cleanup releases all responses
Starting websocket-echo: /workspace/build/ci-book-examples/companion/examples/HttpUpgrade-Server/http-upgrade-server --log-level=3 legacy local --host=127.0.0.1 --port=54029
PASS: unchanged teaching client receives hello and closes
PASS: WebSocket text/binary type, exact bytes, NUL/non-UTF8 binary, empty/sequential/fragmented messages, interleaved ping and close
All selected example lifetime/echo checks passed.
Internal ctest changing into directory: /workspace/build/ci-book-examples
Test project /workspace/build/ci-book-examples
    Start 13: exercise-ch07-ip-families
    Test #13: exercise-ch07-ip-families ........   Passed    0.12 sec
    Start 13: exercise-ch07-ip-families
    Test #13: exercise-ch07-ip-families ........   Passed    0.12 sec
    Start 13: exercise-ch07-ip-families
    Test #13: exercise-ch07-ip-families ........   Passed    0.12 sec
    Start 13: exercise-ch07-ip-families
    Test #13: exercise-ch07-ip-families ........   Passed    0.12 sec
    Start 13: exercise-ch07-ip-families
    Test #13: exercise-ch07-ip-families ........   Passed    0.12 sec
    Start 13: exercise-ch07-ip-families
    Test #13: exercise-ch07-ip-families ........   Passed    0.12 sec
    Start 13: exercise-ch07-ip-families
    Test #13: exercise-ch07-ip-families ........   Passed    0.12 sec
    Start 13: exercise-ch07-ip-families
    Test #13: exercise-ch07-ip-families ........   Passed    0.12 sec
    Start 13: exercise-ch07-ip-families
    Test #13: exercise-ch07-ip-families ........   Passed    0.12 sec
    Start 13: exercise-ch07-ip-families
    Test #13: exercise-ch07-ip-families ........   Passed    0.12 sec
    Start 13: exercise-ch07-ip-families
    Test #13: exercise-ch07-ip-families ........   Passed    0.12 sec
    Start 13: exercise-ch07-ip-families
    Test #13: exercise-ch07-ip-families ........   Passed    0.12 sec
    Start 13: exercise-ch07-ip-families
    Test #13: exercise-ch07-ip-families ........   Passed    0.12 sec
    Start 13: exercise-ch07-ip-families
    Test #13: exercise-ch07-ip-families ........   Passed    0.12 sec
    Start 13: exercise-ch07-ip-families
    Test #13: exercise-ch07-ip-families ........   Passed    0.12 sec
    Start 13: exercise-ch07-ip-families
    Test #13: exercise-ch07-ip-families ........   Passed    0.12 sec
    Start 13: exercise-ch07-ip-families
    Test #13: exercise-ch07-ip-families ........   Passed    0.12 sec
    Start 13: exercise-ch07-ip-families
    Test #13: exercise-ch07-ip-families ........   Passed    0.12 sec
    Start 13: exercise-ch07-ip-families
    Test #13: exercise-ch07-ip-families ........   Passed    0.12 sec
    Start 13: exercise-ch07-ip-families
    Test #13: exercise-ch07-ip-families ........   Passed    0.12 sec
    Start 13: exercise-ch07-ip-families
    Test #13: exercise-ch07-ip-families ........   Passed    0.12 sec
    Start 13: exercise-ch07-ip-families
    Test #13: exercise-ch07-ip-families ........   Passed    0.12 sec
    Start 13: exercise-ch07-ip-families
    Test #13: exercise-ch07-ip-families ........   Passed    0.12 sec
    Start 13: exercise-ch07-ip-families
    Test #13: exercise-ch07-ip-families ........   Passed    0.12 sec
    Start 13: exercise-ch07-ip-families
    Test #13: exercise-ch07-ip-families ........   Passed    0.12 sec
    Start 13: exercise-ch07-ip-families
    Test #13: exercise-ch07-ip-families ........   Passed    0.12 sec
    Start 13: exercise-ch07-ip-families
    Test #13: exercise-ch07-ip-families ........   Passed    0.12 sec
    Start 13: exercise-ch07-ip-families
    Test #13: exercise-ch07-ip-families ........   Passed    0.12 sec
    Start 13: exercise-ch07-ip-families
    Test #13: exercise-ch07-ip-families ........   Passed    0.12 sec
    Start 13: exercise-ch07-ip-families
    Test #13: exercise-ch07-ip-families ........   Passed    0.12 sec
    Start 13: exercise-ch07-ip-families
    Test #13: exercise-ch07-ip-families ........   Passed    0.12 sec
    Start 13: exercise-ch07-ip-families
    Test #13: exercise-ch07-ip-families ........   Passed    0.12 sec
    Start 13: exercise-ch07-ip-families
    Test #13: exercise-ch07-ip-families ........   Passed    0.12 sec
    Start 13: exercise-ch07-ip-families
    Test #13: exercise-ch07-ip-families ........   Passed    0.12 sec
    Start 13: exercise-ch07-ip-families
    Test #13: exercise-ch07-ip-families ........   Passed    0.12 sec
    Start 13: exercise-ch07-ip-families
    Test #13: exercise-ch07-ip-families ........   Passed    0.12 sec
    Start 13: exercise-ch07-ip-families
    Test #13: exercise-ch07-ip-families ........   Passed    0.12 sec
    Start 13: exercise-ch07-ip-families
    Test #13: exercise-ch07-ip-families ........   Passed    0.12 sec
    Start 13: exercise-ch07-ip-families
    Test #13: exercise-ch07-ip-families ........   Passed    0.12 sec
    Start 13: exercise-ch07-ip-families
    Test #13: exercise-ch07-ip-families ........   Passed    0.12 sec
    Start 13: exercise-ch07-ip-families
    Test #13: exercise-ch07-ip-families ........   Passed    0.12 sec
    Start 13: exercise-ch07-ip-families
    Test #13: exercise-ch07-ip-families ........   Passed    0.12 sec
    Start 13: exercise-ch07-ip-families
    Test #13: exercise-ch07-ip-families ........   Passed    0.12 sec
    Start 13: exercise-ch07-ip-families
    Test #13: exercise-ch07-ip-families ........   Passed    0.12 sec
    Start 13: exercise-ch07-ip-families
    Test #13: exercise-ch07-ip-families ........   Passed    0.12 sec
    Start 13: exercise-ch07-ip-families
    Test #13: exercise-ch07-ip-families ........   Passed    0.12 sec
    Start 13: exercise-ch07-ip-families
    Test #13: exercise-ch07-ip-families ........   Passed    0.12 sec
    Start 13: exercise-ch07-ip-families
    Test #13: exercise-ch07-ip-families ........   Passed    0.12 sec
    Start 13: exercise-ch07-ip-families
    Test #13: exercise-ch07-ip-families ........   Passed    0.12 sec
    Start 13: exercise-ch07-ip-families
1/2 Test #13: exercise-ch07-ip-families ........   Passed    0.12 sec
    Start 14: exercise-ch07-unix-path
    Test #14: exercise-ch07-unix-path ..........   Passed    0.08 sec
    Start 14: exercise-ch07-unix-path
    Test #14: exercise-ch07-unix-path ..........   Passed    0.08 sec
    Start 14: exercise-ch07-unix-path
    Test #14: exercise-ch07-unix-path ..........   Passed    0.08 sec
    Start 14: exercise-ch07-unix-path
    Test #14: exercise-ch07-unix-path ..........   Passed    0.08 sec
    Start 14: exercise-ch07-unix-path
    Test #14: exercise-ch07-unix-path ..........   Passed    0.08 sec
    Start 14: exercise-ch07-unix-path
    Test #14: exercise-ch07-unix-path ..........   Passed    0.08 sec
    Start 14: exercise-ch07-unix-path
    Test #14: exercise-ch07-unix-path ..........   Passed    0.08 sec
    Start 14: exercise-ch07-unix-path
    Test #14: exercise-ch07-unix-path ..........   Passed    0.08 sec
    Start 14: exercise-ch07-unix-path
    Test #14: exercise-ch07-unix-path ..........   Passed    0.08 sec
    Start 14: exercise-ch07-unix-path
    Test #14: exercise-ch07-unix-path ..........   Passed    0.08 sec
    Start 14: exercise-ch07-unix-path
    Test #14: exercise-ch07-unix-path ..........   Passed    0.08 sec
    Start 14: exercise-ch07-unix-path
    Test #14: exercise-ch07-unix-path ..........   Passed    0.08 sec
    Start 14: exercise-ch07-unix-path
    Test #14: exercise-ch07-unix-path ..........   Passed    0.08 sec
    Start 14: exercise-ch07-unix-path
    Test #14: exercise-ch07-unix-path ..........   Passed    0.08 sec
    Start 14: exercise-ch07-unix-path
    Test #14: exercise-ch07-unix-path ..........   Passed    0.08 sec
    Start 14: exercise-ch07-unix-path
    Test #14: exercise-ch07-unix-path ..........   Passed    0.08 sec
    Start 14: exercise-ch07-unix-path
    Test #14: exercise-ch07-unix-path ..........   Passed    0.08 sec
    Start 14: exercise-ch07-unix-path
    Test #14: exercise-ch07-unix-path ..........   Passed    0.08 sec
    Start 14: exercise-ch07-unix-path
    Test #14: exercise-ch07-unix-path ..........   Passed    0.08 sec
    Start 14: exercise-ch07-unix-path
    Test #14: exercise-ch07-unix-path ..........   Passed    0.08 sec
    Start 14: exercise-ch07-unix-path
    Test #14: exercise-ch07-unix-path ..........   Passed    0.08 sec
    Start 14: exercise-ch07-unix-path
    Test #14: exercise-ch07-unix-path ..........   Passed    0.08 sec
    Start 14: exercise-ch07-unix-path
    Test #14: exercise-ch07-unix-path ..........   Passed    0.08 sec
    Start 14: exercise-ch07-unix-path
    Test #14: exercise-ch07-unix-path ..........   Passed    0.09 sec
    Start 14: exercise-ch07-unix-path
    Test #14: exercise-ch07-unix-path ..........   Passed    0.10 sec
    Start 14: exercise-ch07-unix-path
    Test #14: exercise-ch07-unix-path ..........   Passed    0.10 sec
    Start 14: exercise-ch07-unix-path
    Test #14: exercise-ch07-unix-path ..........   Passed    0.10 sec
    Start 14: exercise-ch07-unix-path
    Test #14: exercise-ch07-unix-path ..........   Passed    0.09 sec
    Start 14: exercise-ch07-unix-path
    Test #14: exercise-ch07-unix-path ..........   Passed    0.09 sec
    Start 14: exercise-ch07-unix-path
    Test #14: exercise-ch07-unix-path ..........   Passed    0.09 sec
    Start 14: exercise-ch07-unix-path
    Test #14: exercise-ch07-unix-path ..........   Passed    0.08 sec
    Start 14: exercise-ch07-unix-path
    Test #14: exercise-ch07-unix-path ..........   Passed    0.08 sec
    Start 14: exercise-ch07-unix-path
    Test #14: exercise-ch07-unix-path ..........   Passed    0.09 sec
    Start 14: exercise-ch07-unix-path
    Test #14: exercise-ch07-unix-path ..........   Passed    0.09 sec
    Start 14: exercise-ch07-unix-path
    Test #14: exercise-ch07-unix-path ..........   Passed    0.09 sec
    Start 14: exercise-ch07-unix-path
    Test #14: exercise-ch07-unix-path ..........   Passed    0.10 sec
    Start 14: exercise-ch07-unix-path
    Test #14: exercise-ch07-unix-path ..........   Passed    0.09 sec
    Start 14: exercise-ch07-unix-path
    Test #14: exercise-ch07-unix-path ..........   Passed    0.10 sec
    Start 14: exercise-ch07-unix-path
    Test #14: exercise-ch07-unix-path ..........   Passed    0.09 sec
    Start 14: exercise-ch07-unix-path
    Test #14: exercise-ch07-unix-path ..........   Passed    0.09 sec
    Start 14: exercise-ch07-unix-path
    Test #14: exercise-ch07-unix-path ..........   Passed    0.09 sec
    Start 14: exercise-ch07-unix-path
    Test #14: exercise-ch07-unix-path ..........   Passed    0.10 sec
    Start 14: exercise-ch07-unix-path
    Test #14: exercise-ch07-unix-path ..........   Passed    0.10 sec
    Start 14: exercise-ch07-unix-path
    Test #14: exercise-ch07-unix-path ..........   Passed    0.09 sec
    Start 14: exercise-ch07-unix-path
    Test #14: exercise-ch07-unix-path ..........   Passed    0.09 sec
    Start 14: exercise-ch07-unix-path
    Test #14: exercise-ch07-unix-path ..........   Passed    0.08 sec
    Start 14: exercise-ch07-unix-path
    Test #14: exercise-ch07-unix-path ..........   Passed    0.08 sec
    Start 14: exercise-ch07-unix-path
    Test #14: exercise-ch07-unix-path ..........   Passed    0.09 sec
    Start 14: exercise-ch07-unix-path
    Test #14: exercise-ch07-unix-path ..........   Passed    0.09 sec
    Start 14: exercise-ch07-unix-path
2/2 Test #14: exercise-ch07-unix-path ..........   Passed    0.10 sec

100% tests passed, 0 tests failed out of 2

Total Test time (real) =  10.36 sec
