COMMAND: ctest --test-dir /home/voc/projects/snodec/publications/book/build/proposal-readiness-phase-5k-examples --output-on-failure --no-tests=error -V
TMPDIR=/home/voc/projects/snodec/publications/book/build/t
TMP=/home/voc/projects/snodec/publications/book/build/t
TEMP=/home/voc/projects/snodec/publications/book/build/t
SNODEC_BOOK_SMOKE_UNIX_SOCKET=/home/voc/projects/snodec/publications/book/build/t/smoke.sock
LD_LIBRARY_PATH=/home/voc/projects/snodec/publications/book/build/ci-fix-2026-09-22/install-gcc/lib:/home/voc/projects/snodec/publications/book/build/ci-fix-2026-09-22/install-gcc/lib/snode.c/iot/mqtt:/home/voc/projects/snodec/publications/book/build/ci-fix-2026-09-22/install-gcc/lib/snode.c/web/http:/home/voc/projects/snodec/publications/book/build/ci-fix-2026-09-22/install-gcc/lib/snode.c/web/http/upgrade:/home/voc/projects/snodec/publications/book/build/ci-fix-2026-09-22/install-gcc/lib/snode.c/web/http/upgrade/websocket
UpdateCTestConfiguration  from :/home/voc/projects/snodec/publications/book/build/proposal-readiness-phase-5k-examples/DartConfiguration.tcl
Test project /home/voc/projects/snodec/publications/book/build/proposal-readiness-phase-5k-examples
Constructing a list of tests
Done constructing a list of tests
Updating test list for fixtures
Added 0 tests to meet fixture requirements
Checking test dependency graph...
Checking test dependency graph end
test 1
      Start  1: exercise-ch01

1: Test command: /usr/bin/python3 "/home/voc/projects/snodec/publications/book/companion/exercises/ch01/solution.py" "/home/voc/projects/snodec/publications/book/build/proposal-readiness-phase-5k-examples/companion/examples/EchoPair/echoserver" "/home/voc/projects/snodec/publications/book/build/proposal-readiness-phase-5k-examples/companion/examples/Comparison-AsioEcho/asio-echo"
1: Working Directory: /home/voc/projects/snodec/publications/book/build/proposal-readiness-phase-5k-examples/companion/exercises/ch01
1: Test timeout computed to be: 40
1: Traceback (most recent call last):
1:   File "/home/voc/projects/snodec/publications/book/companion/exercises/ch01/solution.py", line 9, in <module>
1:     port = free_port()
1:   File "/home/voc/projects/snodec/publications/book/companion/exercises/lab_support.py", line 15, in free_port
1:     with socket.socket() as sock:
1:          ~~~~~~~~~~~~~^^
1:   File "/usr/lib/python3.14/socket.py", line 236, in __init__
1:     _socket.socket.__init__(self, family, type, proto, fileno)
1:     ~~~~~~~~~~~~~~~~~~~~~~~^^^^^^^^^^^^^^^^^^^^^^^^^^^^^^^^^^^
1: PermissionError: [Errno 1] Operation not permitted
 1/58 Test  #1: exercise-ch01 ......................***Failed    0.06 sec
Traceback (most recent call last):
  File "/home/voc/projects/snodec/publications/book/companion/exercises/ch01/solution.py", line 9, in <module>
    port = free_port()
  File "/home/voc/projects/snodec/publications/book/companion/exercises/lab_support.py", line 15, in free_port
    with socket.socket() as sock:
         ~~~~~~~~~~~~~^^
  File "/usr/lib/python3.14/socket.py", line 236, in __init__
    _socket.socket.__init__(self, family, type, proto, fileno)
    ~~~~~~~~~~~~~~~~~~~~~~~^^^^^^^^^^^^^^^^^^^^^^^^^^^^^^^^^^^
PermissionError: [Errno 1] Operation not permitted

test 2
      Start  2: exercise-ch01-independent-peers

2: Test command: /usr/bin/python3 "/home/voc/projects/snodec/publications/book/companion/exercises/ch01/independent-peers.py" "/home/voc/projects/snodec/publications/book/build/proposal-readiness-phase-5k-examples/companion/examples/EchoPair/echoserver" "/home/voc/projects/snodec/publications/book/build/proposal-readiness-phase-5k-examples/companion/examples/Comparison-AsioEcho/asio-echo"
2: Working Directory: /home/voc/projects/snodec/publications/book/build/proposal-readiness-phase-5k-examples/companion/exercises/ch01
2: Test timeout computed to be: 40
2: Traceback (most recent call last):
2:   File "/home/voc/projects/snodec/publications/book/companion/exercises/ch01/independent-peers.py", line 8, in <module>
2:     port = free_port()
2:   File "/home/voc/projects/snodec/publications/book/companion/exercises/lab_support.py", line 15, in free_port
2:     with socket.socket() as sock:
2:          ~~~~~~~~~~~~~^^
2:   File "/usr/lib/python3.14/socket.py", line 236, in __init__
2:     _socket.socket.__init__(self, family, type, proto, fileno)
2:     ~~~~~~~~~~~~~~~~~~~~~~~^^^^^^^^^^^^^^^^^^^^^^^^^^^^^^^^^^^
2: PermissionError: [Errno 1] Operation not permitted
 2/58 Test  #2: exercise-ch01-independent-peers ....***Failed    0.05 sec
Traceback (most recent call last):
  File "/home/voc/projects/snodec/publications/book/companion/exercises/ch01/independent-peers.py", line 8, in <module>
    port = free_port()
  File "/home/voc/projects/snodec/publications/book/companion/exercises/lab_support.py", line 15, in free_port
    with socket.socket() as sock:
         ~~~~~~~~~~~~~^^
  File "/usr/lib/python3.14/socket.py", line 236, in __init__
    _socket.socket.__init__(self, family, type, proto, fileno)
    ~~~~~~~~~~~~~~~~~~~~~~~^^^^^^^^^^^^^^^^^^^^^^^^^^^^^^^^^^^
PermissionError: [Errno 1] Operation not permitted

test 3
      Start  3: exercise-ch02-consumer

3: Test command: /usr/bin/python3 "/home/voc/projects/snodec/publications/book/companion/exercises/ch02/solution.py" "consumer"
3: Working Directory: /home/voc/projects/snodec/publications/book/build/proposal-readiness-phase-5k-examples/companion/exercises/ch02
3: Test timeout computed to be: 180
3: -- The CXX compiler identification is GNU 16.2.0
3: -- Detecting CXX compiler ABI info
3: -- Detecting CXX compiler ABI info - done
3: -- Check for working CXX compiler: /usr/bin/c++ - skipped
3: -- Detecting CXX compile features
3: -- Detecting CXX compile features - done
3: net-in-stream-legacy: loading dependencies 'net-in-stream, core-socket-stream-legacy'
3:   net-in-stream: loading dependencies 'net-in-phy-stream'
3:     net-in-phy-stream: loading dependencies 'net-in-phy'
3:       net-in-phy: loading dependencies 'net-in'
3:         net-in: loading dependencies 'net'
3:           net: loading dependencies 'core-socket'
3:             core-socket: loading dependencies 'core'
3:               core: loading dependencies 'mux-epoll, utils'
3:                 mux-epoll: loaded
3:                 utils: loading dependencies 'logger'
3:                   logger: loaded
3:                 utils: loaded
3:               core: loaded
3:             core-socket: loaded
3:           net: loaded
3:         net-in: loaded
3:       net-in-phy: loaded
3:     net-in-phy-stream: loaded
3:   net-in-stream: loaded
3:   core-socket-stream-legacy: loading dependencies 'core-socket-stream'
3:     core-socket-stream: loading dependencies 'core-socket'
3:       core-socket: already loaded
3:     core-socket-stream: loaded
3:   core-socket-stream-legacy: loaded
3: net-in-stream-legacy: loaded
3: -- Configuring done (0.2s)
3: -- Generating done (0.0s)
3: -- Build files have been written to: /home/voc/projects/snodec/publications/book/build/t/snodec-environment-lab-klc11vtw/build
3: [ 16%] Building CXX object CMakeFiles/echosocketcontext.dir/EchoSocketContext.cpp.o
3: [ 33%] Linking CXX static library libechosocketcontext.a
3: [ 33%] Built target echosocketcontext
3: [ 50%] Building CXX object CMakeFiles/echoserver.dir/echoserver.cpp.o
3: [ 66%] Building CXX object CMakeFiles/echoclient.dir/echoclient.cpp.o
3: [ 83%] Linking CXX executable echoserver
3: [100%] Linking CXX executable echoclient
3: [100%] Built target echoserver
3: [100%] Built target echoclient
3: PASS: snodec_DIR selects the requested installation: /home/voc/projects/snodec/publications/book/build/ci-fix-2026-09-22/install-gcc/lib/cmake/snodec
3: Traceback (most recent call last):
3:   File "/home/voc/projects/snodec/publications/book/companion/exercises/ch02/solution.py", line 41, in <module>
3:     port = free_port()
3:   File "/home/voc/projects/snodec/publications/book/companion/exercises/lab_support.py", line 15, in free_port
3:     with socket.socket() as sock:
3:          ~~~~~~~~~~~~~^^
3:   File "/usr/lib/python3.14/socket.py", line 236, in __init__
3:     _socket.socket.__init__(self, family, type, proto, fileno)
3:     ~~~~~~~~~~~~~~~~~~~~~~~^^^^^^^^^^^^^^^^^^^^^^^^^^^^^^^^^^^
3: PermissionError: [Errno 1] Operation not permitted
 3/58 Test  #3: exercise-ch02-consumer .............***Failed    3.96 sec
-- The CXX compiler identification is GNU 16.2.0
-- Detecting CXX compiler ABI info
-- Detecting CXX compiler ABI info - done
-- Check for working CXX compiler: /usr/bin/c++ - skipped
-- Detecting CXX compile features
-- Detecting CXX compile features - done
net-in-stream-legacy: loading dependencies 'net-in-stream, core-socket-stream-legacy'
  net-in-stream: loading dependencies 'net-in-phy-stream'
    net-in-phy-stream: loading dependencies 'net-in-phy'
      net-in-phy: loading dependencies 'net-in'
        net-in: loading dependencies 'net'
          net: loading dependencies 'core-socket'
            core-socket: loading dependencies 'core'
              core: loading dependencies 'mux-epoll, utils'
                mux-epoll: loaded
                utils: loading dependencies 'logger'
                  logger: loaded
                utils: loaded
              core: loaded
            core-socket: loaded
          net: loaded
        net-in: loaded
      net-in-phy: loaded
    net-in-phy-stream: loaded
  net-in-stream: loaded
  core-socket-stream-legacy: loading dependencies 'core-socket-stream'
    core-socket-stream: loading dependencies 'core-socket'
      core-socket: already loaded
    core-socket-stream: loaded
  core-socket-stream-legacy: loaded
net-in-stream-legacy: loaded
-- Configuring done (0.2s)
-- Generating done (0.0s)
-- Build files have been written to: /home/voc/projects/snodec/publications/book/build/t/snodec-environment-lab-klc11vtw/build
[ 16%] Building CXX object CMakeFiles/echosocketcontext.dir/EchoSocketContext.cpp.o
[ 33%] Linking CXX static library libechosocketcontext.a
[ 33%] Built target echosocketcontext
[ 50%] Building CXX object CMakeFiles/echoserver.dir/echoserver.cpp.o
[ 66%] Building CXX object CMakeFiles/echoclient.dir/echoclient.cpp.o
[ 83%] Linking CXX executable echoserver
[100%] Linking CXX executable echoclient
[100%] Built target echoserver
[100%] Built target echoclient
PASS: snodec_DIR selects the requested installation: /home/voc/projects/snodec/publications/book/build/ci-fix-2026-09-22/install-gcc/lib/cmake/snodec
Traceback (most recent call last):
  File "/home/voc/projects/snodec/publications/book/companion/exercises/ch02/solution.py", line 41, in <module>
    port = free_port()
  File "/home/voc/projects/snodec/publications/book/companion/exercises/lab_support.py", line 15, in free_port
    with socket.socket() as sock:
         ~~~~~~~~~~~~~^^
  File "/usr/lib/python3.14/socket.py", line 236, in __init__
    _socket.socket.__init__(self, family, type, proto, fileno)
    ~~~~~~~~~~~~~~~~~~~~~~~^^^^^^^^^^^^^^^^^^^^^^^^^^^^^^^^^^^
PermissionError: [Errno 1] Operation not permitted

test 4
      Start  4: exercise-ch02-component

4: Test command: /usr/bin/python3 "/home/voc/projects/snodec/publications/book/companion/exercises/ch02/solution.py" "component"
4: Working Directory: /home/voc/projects/snodec/publications/book/build/proposal-readiness-phase-5k-examples/companion/exercises/ch02
4: Test timeout computed to be: 180
4: net-in-stream-legacy: loading dependencies 'net-in-stream, core-socket-stream-legacy'
4:   net-in-stream: loading dependencies 'net-in-phy-stream'
4:     net-in-phy-stream: loading dependencies 'net-in-phy'
4:       net-in-phy: loading dependencies 'net-in'
4:         net-in: loading dependencies 'net'
4:           net: loading dependencies 'core-socket'
4:             core-socket: loading dependencies 'core'
4:               core: loading dependencies 'mux-epoll, utils'
4:                 mux-epoll: loaded
4:                 utils: loading dependencies 'logger'
4:                   logger: loaded
4:                 utils: loaded
4:               core: loaded
4:             core-socket: loaded
4:           net: loaded
4:         net-in: loaded
4:       net-in-phy: loaded
4:     net-in-phy-stream: loaded
4:   net-in-stream: loaded
4:   core-socket-stream-legacy: loading dependencies 'core-socket-stream'
4:     core-socket-stream: loading dependencies 'core-socket'
4:       core-socket: already loaded
4:     core-socket-stream: loaded
4:   core-socket-stream-legacy: loaded
4: net-in-stream-legacy: loaded
4: -- Configuring done (0.0s)
4: -- Generating done (0.0s)
4: -- Build files have been written to: /home/voc/projects/snodec/publications/book/build/t/snodec-environment-lab-nu4wi6vk/build
4: [ 16%] Building CXX object CMakeFiles/echosocketcontext.dir/EchoSocketContext.cpp.o
4: [ 33%] Linking CXX static library libechosocketcontext.a
4: [ 33%] Built target echosocketcontext
4: [ 50%] Building CXX object CMakeFiles/echoclient.dir/echoclient.cpp.o
4: [ 66%] Building CXX object CMakeFiles/echoserver.dir/echoserver.cpp.o
4: [ 83%] Linking CXX executable echoserver
4: [100%] Linking CXX executable echoclient
4: [100%] Built target echoserver
4: [100%] Built target echoclient
4: -- The CXX compiler identification is GNU 16.2.0
4: -- Detecting CXX compiler ABI info
4: -- Detecting CXX compiler ABI info - done
4: -- Check for working CXX compiler: /usr/bin/c++ - skipped
4: -- Detecting CXX compile features
4: -- Detecting CXX compile features - done
4: CMake Error at CMakeLists.txt:9 (find_package):
4:   Found package configuration file:
4: 
4:     /home/voc/projects/snodec/publications/book/build/ci-fix-2026-09-22/install-gcc/lib/cmake/snodec/snodecConfig.cmake
4: 
4:   but it set snodec_FOUND to FALSE so package "snodec" is considered to be
4:   NOT FOUND.  Reason given by package:
4: 
4:   Unsupported SNode.C component requested: net-in-stream-missing
4: 
4: 
4: 
4: -- Configuring incomplete, errors occurred!
4: 
4: PASS: missing component stops configuration before any runtime endpoint exists
4: PASS: snodec_DIR selects the requested installation: /home/voc/projects/snodec/publications/book/build/ci-fix-2026-09-22/install-gcc/lib/cmake/snodec
4: Traceback (most recent call last):
4:   File "/home/voc/projects/snodec/publications/book/companion/exercises/ch02/solution.py", line 41, in <module>
4:     port = free_port()
4:   File "/home/voc/projects/snodec/publications/book/companion/exercises/lab_support.py", line 15, in free_port
4:     with socket.socket() as sock:
4:          ~~~~~~~~~~~~~^^
4:   File "/usr/lib/python3.14/socket.py", line 236, in __init__
4:     _socket.socket.__init__(self, family, type, proto, fileno)
4:     ~~~~~~~~~~~~~~~~~~~~~~~^^^^^^^^^^^^^^^^^^^^^^^^^^^^^^^^^^^
4: PermissionError: [Errno 1] Operation not permitted
 4/58 Test  #4: exercise-ch02-component ............***Failed    3.98 sec
net-in-stream-legacy: loading dependencies 'net-in-stream, core-socket-stream-legacy'
  net-in-stream: loading dependencies 'net-in-phy-stream'
    net-in-phy-stream: loading dependencies 'net-in-phy'
      net-in-phy: loading dependencies 'net-in'
        net-in: loading dependencies 'net'
          net: loading dependencies 'core-socket'
            core-socket: loading dependencies 'core'
              core: loading dependencies 'mux-epoll, utils'
                mux-epoll: loaded
                utils: loading dependencies 'logger'
                  logger: loaded
                utils: loaded
              core: loaded
            core-socket: loaded
          net: loaded
        net-in: loaded
      net-in-phy: loaded
    net-in-phy-stream: loaded
  net-in-stream: loaded
  core-socket-stream-legacy: loading dependencies 'core-socket-stream'
    core-socket-stream: loading dependencies 'core-socket'
      core-socket: already loaded
    core-socket-stream: loaded
  core-socket-stream-legacy: loaded
net-in-stream-legacy: loaded
-- Configuring done (0.0s)
-- Generating done (0.0s)
-- Build files have been written to: /home/voc/projects/snodec/publications/book/build/t/snodec-environment-lab-nu4wi6vk/build
[ 16%] Building CXX object CMakeFiles/echosocketcontext.dir/EchoSocketContext.cpp.o
[ 33%] Linking CXX static library libechosocketcontext.a
[ 33%] Built target echosocketcontext
[ 50%] Building CXX object CMakeFiles/echoclient.dir/echoclient.cpp.o
[ 66%] Building CXX object CMakeFiles/echoserver.dir/echoserver.cpp.o
[ 83%] Linking CXX executable echoserver
[100%] Linking CXX executable echoclient
[100%] Built target echoserver
[100%] Built target echoclient
-- The CXX compiler identification is GNU 16.2.0
-- Detecting CXX compiler ABI info
-- Detecting CXX compiler ABI info - done
-- Check for working CXX compiler: /usr/bin/c++ - skipped
-- Detecting CXX compile features
-- Detecting CXX compile features - done
CMake Error at CMakeLists.txt:9 (find_package):
  Found package configuration file:

    /home/voc/projects/snodec/publications/book/build/ci-fix-2026-09-22/install-gcc/lib/cmake/snodec/snodecConfig.cmake

  but it set snodec_FOUND to FALSE so package "snodec" is considered to be
  NOT FOUND.  Reason given by package:

  Unsupported SNode.C component requested: net-in-stream-missing



-- Configuring incomplete, errors occurred!

PASS: missing component stops configuration before any runtime endpoint exists
PASS: snodec_DIR selects the requested installation: /home/voc/projects/snodec/publications/book/build/ci-fix-2026-09-22/install-gcc/lib/cmake/snodec
Traceback (most recent call last):
  File "/home/voc/projects/snodec/publications/book/companion/exercises/ch02/solution.py", line 41, in <module>
    port = free_port()
  File "/home/voc/projects/snodec/publications/book/companion/exercises/lab_support.py", line 15, in free_port
    with socket.socket() as sock:
         ~~~~~~~~~~~~~^^
  File "/usr/lib/python3.14/socket.py", line 236, in __init__
    _socket.socket.__init__(self, family, type, proto, fileno)
    ~~~~~~~~~~~~~~~~~~~~~~~^^^^^^^^^^^^^^^^^^^^^^^^^^^^^^^^^^^
PermissionError: [Errno 1] Operation not permitted

test 5
      Start  5: exercise-ch03

5: Test command: /usr/bin/python3 "/home/voc/projects/snodec/publications/book/companion/exercises/ch03/solution.py" "/home/voc/projects/snodec/publications/book/build/proposal-readiness-phase-5k-examples/companion/examples/EchoPair/echoserver" "/home/voc/projects/snodec/publications/book/build/proposal-readiness-phase-5k-examples/companion/exercises/ch03/greeting-client"
5: Working Directory: /home/voc/projects/snodec/publications/book/build/proposal-readiness-phase-5k-examples/companion/exercises/ch03
5: Test timeout computed to be: 40
5: Traceback (most recent call last):
5:   File "/home/voc/projects/snodec/publications/book/companion/exercises/ch03/solution.py", line 10, in <module>
5:     port = free_port()
5:   File "/home/voc/projects/snodec/publications/book/companion/exercises/lab_support.py", line 15, in free_port
5:     with socket.socket() as sock:
5:          ~~~~~~~~~~~~~^^
5:   File "/usr/lib/python3.14/socket.py", line 236, in __init__
5:     _socket.socket.__init__(self, family, type, proto, fileno)
5:     ~~~~~~~~~~~~~~~~~~~~~~~^^^^^^^^^^^^^^^^^^^^^^^^^^^^^^^^^^^
5: PermissionError: [Errno 1] Operation not permitted
 5/58 Test  #5: exercise-ch03 ......................***Failed    0.05 sec
Traceback (most recent call last):
  File "/home/voc/projects/snodec/publications/book/companion/exercises/ch03/solution.py", line 10, in <module>
    port = free_port()
  File "/home/voc/projects/snodec/publications/book/companion/exercises/lab_support.py", line 15, in free_port
    with socket.socket() as sock:
         ~~~~~~~~~~~~~^^
  File "/usr/lib/python3.14/socket.py", line 236, in __init__
    _socket.socket.__init__(self, family, type, proto, fileno)
    ~~~~~~~~~~~~~~~~~~~~~~~^^^^^^^^^^^^^^^^^^^^^^^^^^^^^^^^^^^
PermissionError: [Errno 1] Operation not permitted

test 6
      Start  6: exercise-ch03-occupied-port

6: Test command: /usr/bin/python3 "/home/voc/projects/snodec/publications/book/companion/exercises/ch03/occupied-port.py" "/home/voc/projects/snodec/publications/book/build/proposal-readiness-phase-5k-examples/companion/examples/EchoPair/echoserver"
6: Working Directory: /home/voc/projects/snodec/publications/book/build/proposal-readiness-phase-5k-examples/companion/exercises/ch03
6: Test timeout computed to be: 40
6: Traceback (most recent call last):
6:   File "/home/voc/projects/snodec/publications/book/companion/exercises/ch03/occupied-port.py", line 8, in <module>
6:     port = free_port()
6:   File "/home/voc/projects/snodec/publications/book/companion/exercises/lab_support.py", line 15, in free_port
6:     with socket.socket() as sock:
6:          ~~~~~~~~~~~~~^^
6:   File "/usr/lib/python3.14/socket.py", line 236, in __init__
6:     _socket.socket.__init__(self, family, type, proto, fileno)
6:     ~~~~~~~~~~~~~~~~~~~~~~~^^^^^^^^^^^^^^^^^^^^^^^^^^^^^^^^^^^
6: PermissionError: [Errno 1] Operation not permitted
 6/58 Test  #6: exercise-ch03-occupied-port ........***Failed    0.05 sec
Traceback (most recent call last):
  File "/home/voc/projects/snodec/publications/book/companion/exercises/ch03/occupied-port.py", line 8, in <module>
    port = free_port()
  File "/home/voc/projects/snodec/publications/book/companion/exercises/lab_support.py", line 15, in free_port
    with socket.socket() as sock:
         ~~~~~~~~~~~~~^^
  File "/usr/lib/python3.14/socket.py", line 236, in __init__
    _socket.socket.__init__(self, family, type, proto, fileno)
    ~~~~~~~~~~~~~~~~~~~~~~~^^^^^^^^^^^^^^^^^^^^^^^^^^^^^^^^^^^
PermissionError: [Errno 1] Operation not permitted

test 7
      Start  7: exercise-ch04-model-instances

7: Test command: /home/voc/projects/snodec/publications/book/build/proposal-readiness-phase-5k-examples/companion/exercises/ch30/model-instances
7: Working Directory: /home/voc/projects/snodec/publications/book/build/proposal-readiness-phase-5k-examples/companion/exercises/ch04
7: Test timeout computed to be: 40
7: PASS: shared inputs accept 1,2; separate model instances each accept 1
 7/58 Test  #7: exercise-ch04-model-instances ......   Passed    0.00 sec
test 8
      Start  8: exercise-ch04-independent-peers

8: Test command: /usr/bin/python3 "/home/voc/projects/snodec/publications/book/companion/exercises/ch04/../ch01/independent-peers.py" "/home/voc/projects/snodec/publications/book/build/proposal-readiness-phase-5k-examples/companion/examples/EchoPair/echoserver"
8: Working Directory: /home/voc/projects/snodec/publications/book/build/proposal-readiness-phase-5k-examples/companion/exercises/ch04
8: Test timeout computed to be: 40
8: Traceback (most recent call last):
8:   File "/home/voc/projects/snodec/publications/book/companion/exercises/ch04/../ch01/independent-peers.py", line 8, in <module>
8:     port = free_port()
8:   File "/home/voc/projects/snodec/publications/book/companion/exercises/lab_support.py", line 15, in free_port
8:     with socket.socket() as sock:
8:          ~~~~~~~~~~~~~^^
8:   File "/usr/lib/python3.14/socket.py", line 236, in __init__
8:     _socket.socket.__init__(self, family, type, proto, fileno)
8:     ~~~~~~~~~~~~~~~~~~~~~~~^^^^^^^^^^^^^^^^^^^^^^^^^^^^^^^^^^^
8: PermissionError: [Errno 1] Operation not permitted
 8/58 Test  #8: exercise-ch04-independent-peers ....***Failed    0.07 sec
Traceback (most recent call last):
  File "/home/voc/projects/snodec/publications/book/companion/exercises/ch04/../ch01/independent-peers.py", line 8, in <module>
    port = free_port()
  File "/home/voc/projects/snodec/publications/book/companion/exercises/lab_support.py", line 15, in free_port
    with socket.socket() as sock:
         ~~~~~~~~~~~~~^^
  File "/usr/lib/python3.14/socket.py", line 236, in __init__
    _socket.socket.__init__(self, family, type, proto, fileno)
    ~~~~~~~~~~~~~~~~~~~~~~~^^^^^^^^^^^^^^^^^^^^^^^^^^^^^^^^^^^
PermissionError: [Errno 1] Operation not permitted

test 9
      Start  9: exercise-ch05-deferred-work

9: Test command: /home/voc/projects/snodec/publications/book/build/proposal-readiness-phase-5k-examples/companion/exercises/ch05/deferred-work
9: Working Directory: /home/voc/projects/snodec/publications/book/build/proposal-readiness-phase-5k-examples/companion/exercises/ch05
9: Environment variables: 
9:  XDG_CONFIG_HOME=/home/voc/projects/snodec/publications/book/build/proposal-readiness-phase-5k-examples/companion/exercises/ch05/config
9: Test timeout computed to be: 10
9: PASS: empty trace before start; RUNNING dispatch gives 1,2,3; child sees first callback returned
 9/58 Test  #9: exercise-ch05-deferred-work ........   Passed    0.01 sec
test 10
      Start 10: exercise-ch05-model-checkpoint

10: Test command: /home/voc/projects/snodec/publications/book/build/proposal-readiness-phase-5k-examples/companion/exercises/ch30/model-ownership
10: Working Directory: /home/voc/projects/snodec/publications/book/build/proposal-readiness-phase-5k-examples/companion/exercises/ch05
10: Test timeout computed to be: 10
10: PASS: input 900,2,1 -> accepted 1,2,3; detached observer sees only 1,2
10/58 Test #10: exercise-ch05-model-checkpoint .....   Passed    0.00 sec
test 11
      Start 11: exercise-ch06-ip-families

11: Test command: /usr/bin/python3 "/home/voc/projects/snodec/publications/book/companion/exercises/ch06/families.py" "ipv4" "/home/voc/projects/snodec/publications/book/build/proposal-readiness-phase-5k-examples/companion/exercises/ch06/endpoint-in" "ipv6" "/home/voc/projects/snodec/publications/book/build/proposal-readiness-phase-5k-examples/companion/exercises/ch06/endpoint-in6"
11: Working Directory: /home/voc/projects/snodec/publications/book/build/proposal-readiness-phase-5k-examples/companion/exercises/ch06
11: Test timeout computed to be: 40
11: Traceback (most recent call last):
11:   File "/home/voc/projects/snodec/publications/book/companion/exercises/ch06/families.py", line 23, in <module>
11:     with socket.socket(family) as reservation:
11:          ~~~~~~~~~~~~~^^^^^^^^
11:   File "/usr/lib/python3.14/socket.py", line 236, in __init__
11:     _socket.socket.__init__(self, family, type, proto, fileno)
11:     ~~~~~~~~~~~~~~~~~~~~~~~^^^^^^^^^^^^^^^^^^^^^^^^^^^^^^^^^^^
11: PermissionError: [Errno 1] Operation not permitted
11/58 Test #11: exercise-ch06-ip-families ..........***Failed    0.06 sec
Traceback (most recent call last):
  File "/home/voc/projects/snodec/publications/book/companion/exercises/ch06/families.py", line 23, in <module>
    with socket.socket(family) as reservation:
         ~~~~~~~~~~~~~^^^^^^^^
  File "/usr/lib/python3.14/socket.py", line 236, in __init__
    _socket.socket.__init__(self, family, type, proto, fileno)
    ~~~~~~~~~~~~~~~~~~~~~~~^^^^^^^^^^^^^^^^^^^^^^^^^^^^^^^^^^^
PermissionError: [Errno 1] Operation not permitted

test 12
      Start 12: exercise-ch06-unix-path

12: Test command: /usr/bin/python3 "/home/voc/projects/snodec/publications/book/companion/exercises/ch06/families.py" "unix" "/home/voc/projects/snodec/publications/book/build/proposal-readiness-phase-5k-examples/companion/exercises/ch06/endpoint-un"
12: Working Directory: /home/voc/projects/snodec/publications/book/build/proposal-readiness-phase-5k-examples/companion/exercises/ch06
12: Test timeout computed to be: 40
12: 
12: Traceback (most recent call last):
12:   File "/home/voc/projects/snodec/publications/book/companion/exercises/lab_support.py", line 38, in running
12:     yield process, path
12:   File "/home/voc/projects/snodec/publications/book/companion/exercises/ch06/families.py", line 33, in <module>
12:     peer.bind(own)
12:     ~~~~~~~~~^^^^^
12: PermissionError: [Errno 1] Operation not permitted
12: 
12: During handling of the above exception, another exception occurred:
12: 
12: Traceback (most recent call last):
12:   File "/home/voc/projects/snodec/publications/book/companion/exercises/ch06/families.py", line 27, in <module>
12:     with running(binary, args) as (process, log):
12:          ~~~~~~~^^^^^^^^^^^^^^
12:   File "/usr/lib/python3.14/contextlib.py", line 162, in __exit__
12:     self.gen.throw(value)
12:     ~~~~~~~~~~~~~~^^^^^^^
12:   File "/home/voc/projects/snodec/publications/book/companion/exercises/lab_support.py", line 56, in running
12:     raise RuntimeError(f'Process exited {process.returncode}: {path.read_text(errors="replace")[-4000:]}')
12: RuntimeError: Process exited -2: 
12/58 Test #12: exercise-ch06-unix-path ............***Failed    0.06 sec

Traceback (most recent call last):
  File "/home/voc/projects/snodec/publications/book/companion/exercises/lab_support.py", line 38, in running
    yield process, path
  File "/home/voc/projects/snodec/publications/book/companion/exercises/ch06/families.py", line 33, in <module>
    peer.bind(own)
    ~~~~~~~~~^^^^^
PermissionError: [Errno 1] Operation not permitted

During handling of the above exception, another exception occurred:

Traceback (most recent call last):
  File "/home/voc/projects/snodec/publications/book/companion/exercises/ch06/families.py", line 27, in <module>
    with running(binary, args) as (process, log):
         ~~~~~~~^^^^^^^^^^^^^^
  File "/usr/lib/python3.14/contextlib.py", line 162, in __exit__
    self.gen.throw(value)
    ~~~~~~~~~~~~~~^^^^^^^
  File "/home/voc/projects/snodec/publications/book/companion/exercises/lab_support.py", line 56, in running
    raise RuntimeError(f'Process exited {process.returncode}: {path.read_text(errors="replace")[-4000:]}')
RuntimeError: Process exited -2: 

test 13
      Start 13: exercise-ch07-independent-peers

13: Test command: /usr/bin/python3 "/home/voc/projects/snodec/publications/book/companion/exercises/ch07/../ch01/independent-peers.py" "/home/voc/projects/snodec/publications/book/build/proposal-readiness-phase-5k-examples/companion/examples/EchoPair/echoserver"
13: Working Directory: /home/voc/projects/snodec/publications/book/build/proposal-readiness-phase-5k-examples/companion/exercises/ch07
13: Test timeout computed to be: 40
13: Traceback (most recent call last):
13:   File "/home/voc/projects/snodec/publications/book/companion/exercises/ch07/../ch01/independent-peers.py", line 8, in <module>
13:     port = free_port()
13:   File "/home/voc/projects/snodec/publications/book/companion/exercises/lab_support.py", line 15, in free_port
13:     with socket.socket() as sock:
13:          ~~~~~~~~~~~~~^^
13:   File "/usr/lib/python3.14/socket.py", line 236, in __init__
13:     _socket.socket.__init__(self, family, type, proto, fileno)
13:     ~~~~~~~~~~~~~~~~~~~~~~~^^^^^^^^^^^^^^^^^^^^^^^^^^^^^^^^^^^
13: PermissionError: [Errno 1] Operation not permitted
13/58 Test #13: exercise-ch07-independent-peers ....***Failed    0.06 sec
Traceback (most recent call last):
  File "/home/voc/projects/snodec/publications/book/companion/exercises/ch07/../ch01/independent-peers.py", line 8, in <module>
    port = free_port()
  File "/home/voc/projects/snodec/publications/book/companion/exercises/lab_support.py", line 15, in free_port
    with socket.socket() as sock:
         ~~~~~~~~~~~~~^^
  File "/usr/lib/python3.14/socket.py", line 236, in __init__
    _socket.socket.__init__(self, family, type, proto, fileno)
    ~~~~~~~~~~~~~~~~~~~~~~~^^^^^^^^^^^^^^^^^^^^^^^^^^^^^^^^^^^
PermissionError: [Errno 1] Operation not permitted

test 14
      Start 14: exercise-ch07-occupied-endpoint

14: Test command: /usr/bin/python3 "/home/voc/projects/snodec/publications/book/companion/exercises/ch07/../ch03/occupied-port.py" "/home/voc/projects/snodec/publications/book/build/proposal-readiness-phase-5k-examples/companion/examples/EchoPair/echoserver"
14: Working Directory: /home/voc/projects/snodec/publications/book/build/proposal-readiness-phase-5k-examples/companion/exercises/ch07
14: Test timeout computed to be: 40
14: Traceback (most recent call last):
14:   File "/home/voc/projects/snodec/publications/book/companion/exercises/ch07/../ch03/occupied-port.py", line 8, in <module>
14:     port = free_port()
14:   File "/home/voc/projects/snodec/publications/book/companion/exercises/lab_support.py", line 15, in free_port
14:     with socket.socket() as sock:
14:          ~~~~~~~~~~~~~^^
14:   File "/usr/lib/python3.14/socket.py", line 236, in __init__
14:     _socket.socket.__init__(self, family, type, proto, fileno)
14:     ~~~~~~~~~~~~~~~~~~~~~~~^^^^^^^^^^^^^^^^^^^^^^^^^^^^^^^^^^^
14: PermissionError: [Errno 1] Operation not permitted
14/58 Test #14: exercise-ch07-occupied-endpoint ....***Failed    0.05 sec
Traceback (most recent call last):
  File "/home/voc/projects/snodec/publications/book/companion/exercises/ch07/../ch03/occupied-port.py", line 8, in <module>
    port = free_port()
  File "/home/voc/projects/snodec/publications/book/companion/exercises/lab_support.py", line 15, in free_port
    with socket.socket() as sock:
         ~~~~~~~~~~~~~^^
  File "/usr/lib/python3.14/socket.py", line 236, in __init__
    _socket.socket.__init__(self, family, type, proto, fileno)
    ~~~~~~~~~~~~~~~~~~~~~~~^^^^^^^^^^^^^^^^^^^^^^^^^^^^^^^^^^^
PermissionError: [Errno 1] Operation not permitted

test 15
      Start 15: exercise-ch08-selectors

15: Test command: /home/voc/projects/snodec/publications/book/build/proposal-readiness-phase-5k-examples/companion/exercises/ch08/bluetooth-selectors
15: Working Directory: /home/voc/projects/snodec/publications/book/build/proposal-readiness-phase-5k-examples/companion/exercises/ch08
15: Test timeout computed to be: 40
15: Default: empty configured device string, zero selectors
15: RFCOMM 10:3D:1C:AC:BA:9C:16
15: L2CAP 10:3D:1C:AC:BA:9C:4097
15: PASS: one device; channel 16 and PSM 4097 (0x1001); no radio operation
15/58 Test #15: exercise-ch08-selectors ............   Passed    0.00 sec
test 16
      Start 16: exercise-ch08-part-checkpoint

16: Test command: /usr/bin/python3 "/home/voc/projects/snodec/publications/book/companion/exercises/ch08/../ch06/families.py" "ipv4" "/home/voc/projects/snodec/publications/book/build/proposal-readiness-phase-5k-examples/companion/exercises/ch06/endpoint-in" "unix" "/home/voc/projects/snodec/publications/book/build/proposal-readiness-phase-5k-examples/companion/exercises/ch06/endpoint-un"
16: Working Directory: /home/voc/projects/snodec/publications/book/build/proposal-readiness-phase-5k-examples/companion/exercises/ch08
16: Test timeout computed to be: 40
16: Traceback (most recent call last):
16:   File "/home/voc/projects/snodec/publications/book/companion/exercises/ch08/../ch06/families.py", line 23, in <module>
16:     with socket.socket(family) as reservation:
16:          ~~~~~~~~~~~~~^^^^^^^^
16:   File "/usr/lib/python3.14/socket.py", line 236, in __init__
16:     _socket.socket.__init__(self, family, type, proto, fileno)
16:     ~~~~~~~~~~~~~~~~~~~~~~~^^^^^^^^^^^^^^^^^^^^^^^^^^^^^^^^^^^
16: PermissionError: [Errno 1] Operation not permitted
16/58 Test #16: exercise-ch08-part-checkpoint ......***Failed    0.05 sec
Traceback (most recent call last):
  File "/home/voc/projects/snodec/publications/book/companion/exercises/ch08/../ch06/families.py", line 23, in <module>
    with socket.socket(family) as reservation:
         ~~~~~~~~~~~~~^^^^^^^^
  File "/usr/lib/python3.14/socket.py", line 236, in __init__
    _socket.socket.__init__(self, family, type, proto, fileno)
    ~~~~~~~~~~~~~~~~~~~~~~~^^^^^^^^^^^^^^^^^^^^^^^^^^^^^^^^^^^
PermissionError: [Errno 1] Operation not permitted

test 17
      Start 17: exercise-ch09-framing

17: Test command: /usr/bin/python3 "/home/voc/projects/snodec/publications/book/companion/exercises/ch09/protocol.py" "framing" "/home/voc/projects/snodec/publications/book/build/proposal-readiness-phase-5k-examples/companion/examples/LineProtocol-Server/line-protocol-server"
17: Working Directory: /home/voc/projects/snodec/publications/book/build/proposal-readiness-phase-5k-examples/companion/exercises/ch09
17: Test timeout computed to be: 40
17: Traceback (most recent call last):
17:   File "/home/voc/projects/snodec/publications/book/companion/exercises/ch09/protocol.py", line 115, in <module>
17:     with server(binary, 'unix' if mode == 'endpoint-failure' else 'ip') as (open_peer, endpoint):
17:          ~~~~~~^^^^^^^^^^^^^^^^^^^^^^^^^^^^^^^^^^^^^^^^^^^^^^^^^^^^^^^^
17:   File "/usr/lib/python3.14/contextlib.py", line 141, in __enter__
17:     return next(self.gen)
17:   File "/home/voc/projects/snodec/publications/book/companion/exercises/ch09/protocol.py", line 16, in server
17:     endpoint = free_port()
17:   File "/home/voc/projects/snodec/publications/book/companion/exercises/lab_support.py", line 15, in free_port
17:     with socket.socket() as sock:
17:          ~~~~~~~~~~~~~^^
17:   File "/usr/lib/python3.14/socket.py", line 236, in __init__
17:     _socket.socket.__init__(self, family, type, proto, fileno)
17:     ~~~~~~~~~~~~~~~~~~~~~~~^^^^^^^^^^^^^^^^^^^^^^^^^^^^^^^^^^^
17: PermissionError: [Errno 1] Operation not permitted
17/58 Test #17: exercise-ch09-framing ..............***Failed    0.05 sec
Traceback (most recent call last):
  File "/home/voc/projects/snodec/publications/book/companion/exercises/ch09/protocol.py", line 115, in <module>
    with server(binary, 'unix' if mode == 'endpoint-failure' else 'ip') as (open_peer, endpoint):
         ~~~~~~^^^^^^^^^^^^^^^^^^^^^^^^^^^^^^^^^^^^^^^^^^^^^^^^^^^^^^^^
  File "/usr/lib/python3.14/contextlib.py", line 141, in __enter__
    return next(self.gen)
  File "/home/voc/projects/snodec/publications/book/companion/exercises/ch09/protocol.py", line 16, in server
    endpoint = free_port()
  File "/home/voc/projects/snodec/publications/book/companion/exercises/lab_support.py", line 15, in free_port
    with socket.socket() as sock:
         ~~~~~~~~~~~~~^^
  File "/usr/lib/python3.14/socket.py", line 236, in __init__
    _socket.socket.__init__(self, family, type, proto, fileno)
    ~~~~~~~~~~~~~~~~~~~~~~~^^^^^^^^^^^^^^^^^^^^^^^^^^^^^^^^^^^
PermissionError: [Errno 1] Operation not permitted

test 18
      Start 18: exercise-ch09-limits

18: Test command: /usr/bin/python3 "/home/voc/projects/snodec/publications/book/companion/exercises/ch09/protocol.py" "limits" "/home/voc/projects/snodec/publications/book/build/proposal-readiness-phase-5k-examples/companion/examples/LineProtocol-Server/line-protocol-server"
18: Working Directory: /home/voc/projects/snodec/publications/book/build/proposal-readiness-phase-5k-examples/companion/exercises/ch09
18: Test timeout computed to be: 40
18: Traceback (most recent call last):
18:   File "/home/voc/projects/snodec/publications/book/companion/exercises/ch09/protocol.py", line 115, in <module>
18:     with server(binary, 'unix' if mode == 'endpoint-failure' else 'ip') as (open_peer, endpoint):
18:          ~~~~~~^^^^^^^^^^^^^^^^^^^^^^^^^^^^^^^^^^^^^^^^^^^^^^^^^^^^^^^^
18:   File "/usr/lib/python3.14/contextlib.py", line 141, in __enter__
18:     return next(self.gen)
18:   File "/home/voc/projects/snodec/publications/book/companion/exercises/ch09/protocol.py", line 16, in server
18:     endpoint = free_port()
18:   File "/home/voc/projects/snodec/publications/book/companion/exercises/lab_support.py", line 15, in free_port
18:     with socket.socket() as sock:
18:          ~~~~~~~~~~~~~^^
18:   File "/usr/lib/python3.14/socket.py", line 236, in __init__
18:     _socket.socket.__init__(self, family, type, proto, fileno)
18:     ~~~~~~~~~~~~~~~~~~~~~~~^^^^^^^^^^^^^^^^^^^^^^^^^^^^^^^^^^^
18: PermissionError: [Errno 1] Operation not permitted
18/58 Test #18: exercise-ch09-limits ...............***Failed    0.06 sec
Traceback (most recent call last):
  File "/home/voc/projects/snodec/publications/book/companion/exercises/ch09/protocol.py", line 115, in <module>
    with server(binary, 'unix' if mode == 'endpoint-failure' else 'ip') as (open_peer, endpoint):
         ~~~~~~^^^^^^^^^^^^^^^^^^^^^^^^^^^^^^^^^^^^^^^^^^^^^^^^^^^^^^^^
  File "/usr/lib/python3.14/contextlib.py", line 141, in __enter__
    return next(self.gen)
  File "/home/voc/projects/snodec/publications/book/companion/exercises/ch09/protocol.py", line 16, in server
    endpoint = free_port()
  File "/home/voc/projects/snodec/publications/book/companion/exercises/lab_support.py", line 15, in free_port
    with socket.socket() as sock:
         ~~~~~~~~~~~~~^^
  File "/usr/lib/python3.14/socket.py", line 236, in __init__
    _socket.socket.__init__(self, family, type, proto, fileno)
    ~~~~~~~~~~~~~~~~~~~~~~~^^^^^^^^^^^^^^^^^^^^^^^^^^^^^^^^^^^
PermissionError: [Errno 1] Operation not permitted

test 19
      Start 19: exercise-ch10-isolation

19: Test command: /usr/bin/python3 "/home/voc/projects/snodec/publications/book/companion/exercises/ch10/../ch09/protocol.py" "isolation" "/home/voc/projects/snodec/publications/book/build/proposal-readiness-phase-5k-examples/companion/examples/LineProtocol-Server/line-protocol-server"
19: Working Directory: /home/voc/projects/snodec/publications/book/build/proposal-readiness-phase-5k-examples/companion/exercises/ch10
19: Test timeout computed to be: 40
19: Traceback (most recent call last):
19:   File "/home/voc/projects/snodec/publications/book/companion/exercises/ch10/../ch09/protocol.py", line 115, in <module>
19:     with server(binary, 'unix' if mode == 'endpoint-failure' else 'ip') as (open_peer, endpoint):
19:          ~~~~~~^^^^^^^^^^^^^^^^^^^^^^^^^^^^^^^^^^^^^^^^^^^^^^^^^^^^^^^^
19:   File "/usr/lib/python3.14/contextlib.py", line 141, in __enter__
19:     return next(self.gen)
19:   File "/home/voc/projects/snodec/publications/book/companion/exercises/ch10/../ch09/protocol.py", line 16, in server
19:     endpoint = free_port()
19:   File "/home/voc/projects/snodec/publications/book/companion/exercises/lab_support.py", line 15, in free_port
19:     with socket.socket() as sock:
19:          ~~~~~~~~~~~~~^^
19:   File "/usr/lib/python3.14/socket.py", line 236, in __init__
19:     _socket.socket.__init__(self, family, type, proto, fileno)
19:     ~~~~~~~~~~~~~~~~~~~~~~~^^^^^^^^^^^^^^^^^^^^^^^^^^^^^^^^^^^
19: PermissionError: [Errno 1] Operation not permitted
19/58 Test #19: exercise-ch10-isolation ............***Failed    0.07 sec
Traceback (most recent call last):
  File "/home/voc/projects/snodec/publications/book/companion/exercises/ch10/../ch09/protocol.py", line 115, in <module>
    with server(binary, 'unix' if mode == 'endpoint-failure' else 'ip') as (open_peer, endpoint):
         ~~~~~~^^^^^^^^^^^^^^^^^^^^^^^^^^^^^^^^^^^^^^^^^^^^^^^^^^^^^^^^
  File "/usr/lib/python3.14/contextlib.py", line 141, in __enter__
    return next(self.gen)
  File "/home/voc/projects/snodec/publications/book/companion/exercises/ch10/../ch09/protocol.py", line 16, in server
    endpoint = free_port()
  File "/home/voc/projects/snodec/publications/book/companion/exercises/lab_support.py", line 15, in free_port
    with socket.socket() as sock:
         ~~~~~~~~~~~~~^^
  File "/usr/lib/python3.14/socket.py", line 236, in __init__
    _socket.socket.__init__(self, family, type, proto, fileno)
    ~~~~~~~~~~~~~~~~~~~~~~~^^^^^^^^^^^^^^^^^^^^^^^^^^^^^^^^^^^
PermissionError: [Errno 1] Operation not permitted

test 20
      Start 20: exercise-ch10-refusal

20: Test command: /usr/bin/python3 "/home/voc/projects/snodec/publications/book/companion/exercises/ch10/../ch09/protocol.py" "refusal" "/home/voc/projects/snodec/publications/book/build/proposal-readiness-phase-5k-examples/companion/exercises/ch10/line-refusal"
20: Working Directory: /home/voc/projects/snodec/publications/book/build/proposal-readiness-phase-5k-examples/companion/exercises/ch10
20: Test timeout computed to be: 40
20: Traceback (most recent call last):
20:   File "/home/voc/projects/snodec/publications/book/companion/exercises/ch10/../ch09/protocol.py", line 115, in <module>
20:     with server(binary, 'unix' if mode == 'endpoint-failure' else 'ip') as (open_peer, endpoint):
20:          ~~~~~~^^^^^^^^^^^^^^^^^^^^^^^^^^^^^^^^^^^^^^^^^^^^^^^^^^^^^^^^
20:   File "/usr/lib/python3.14/contextlib.py", line 141, in __enter__
20:     return next(self.gen)
20:   File "/home/voc/projects/snodec/publications/book/companion/exercises/ch10/../ch09/protocol.py", line 16, in server
20:     endpoint = free_port()
20:   File "/home/voc/projects/snodec/publications/book/companion/exercises/lab_support.py", line 15, in free_port
20:     with socket.socket() as sock:
20:          ~~~~~~~~~~~~~^^
20:   File "/usr/lib/python3.14/socket.py", line 236, in __init__
20:     _socket.socket.__init__(self, family, type, proto, fileno)
20:     ~~~~~~~~~~~~~~~~~~~~~~~^^^^^^^^^^^^^^^^^^^^^^^^^^^^^^^^^^^
20: PermissionError: [Errno 1] Operation not permitted
20/58 Test #20: exercise-ch10-refusal ..............***Failed    0.05 sec
Traceback (most recent call last):
  File "/home/voc/projects/snodec/publications/book/companion/exercises/ch10/../ch09/protocol.py", line 115, in <module>
    with server(binary, 'unix' if mode == 'endpoint-failure' else 'ip') as (open_peer, endpoint):
         ~~~~~~^^^^^^^^^^^^^^^^^^^^^^^^^^^^^^^^^^^^^^^^^^^^^^^^^^^^^^^^
  File "/usr/lib/python3.14/contextlib.py", line 141, in __enter__
    return next(self.gen)
  File "/home/voc/projects/snodec/publications/book/companion/exercises/ch10/../ch09/protocol.py", line 16, in server
    endpoint = free_port()
  File "/home/voc/projects/snodec/publications/book/companion/exercises/lab_support.py", line 15, in free_port
    with socket.socket() as sock:
         ~~~~~~~~~~~~~^^
  File "/usr/lib/python3.14/socket.py", line 236, in __init__
    _socket.socket.__init__(self, family, type, proto, fileno)
    ~~~~~~~~~~~~~~~~~~~~~~~^^^^^^^^^^^^^^^^^^^^^^^^^^^^^^^^^^^
PermissionError: [Errno 1] Operation not permitted

test 21
      Start 21: exercise-ch11-part-checkpoint

21: Test command: /usr/bin/python3 "/home/voc/projects/snodec/publications/book/companion/exercises/ch11/../ch09/protocol.py" "transfer" "/home/voc/projects/snodec/publications/book/build/proposal-readiness-phase-5k-examples/companion/examples/LineProtocol-Server/line-protocol-server" "/home/voc/projects/snodec/publications/book/build/proposal-readiness-phase-5k-examples/companion/exercises/ch11/line-unix"
21: Working Directory: /home/voc/projects/snodec/publications/book/build/proposal-readiness-phase-5k-examples/companion/exercises/ch11
21: Test timeout computed to be: 40
21: Traceback (most recent call last):
21:   File "/home/voc/projects/snodec/publications/book/companion/exercises/ch11/../ch09/protocol.py", line 110, in <module>
21:     with server(executable, family) as (open_peer, endpoint):
21:          ~~~~~~^^^^^^^^^^^^^^^^^^^^
21:   File "/usr/lib/python3.14/contextlib.py", line 141, in __enter__
21:     return next(self.gen)
21:   File "/home/voc/projects/snodec/publications/book/companion/exercises/ch11/../ch09/protocol.py", line 16, in server
21:     endpoint = free_port()
21:   File "/home/voc/projects/snodec/publications/book/companion/exercises/lab_support.py", line 15, in free_port
21:     with socket.socket() as sock:
21:          ~~~~~~~~~~~~~^^
21:   File "/usr/lib/python3.14/socket.py", line 236, in __init__
21:     _socket.socket.__init__(self, family, type, proto, fileno)
21:     ~~~~~~~~~~~~~~~~~~~~~~~^^^^^^^^^^^^^^^^^^^^^^^^^^^^^^^^^^^
21: PermissionError: [Errno 1] Operation not permitted
21/58 Test #21: exercise-ch11-part-checkpoint ......***Failed    0.06 sec
Traceback (most recent call last):
  File "/home/voc/projects/snodec/publications/book/companion/exercises/ch11/../ch09/protocol.py", line 110, in <module>
    with server(executable, family) as (open_peer, endpoint):
         ~~~~~~^^^^^^^^^^^^^^^^^^^^
  File "/usr/lib/python3.14/contextlib.py", line 141, in __enter__
    return next(self.gen)
  File "/home/voc/projects/snodec/publications/book/companion/exercises/ch11/../ch09/protocol.py", line 16, in server
    endpoint = free_port()
  File "/home/voc/projects/snodec/publications/book/companion/exercises/lab_support.py", line 15, in free_port
    with socket.socket() as sock:
         ~~~~~~~~~~~~~^^
  File "/usr/lib/python3.14/socket.py", line 236, in __init__
    _socket.socket.__init__(self, family, type, proto, fileno)
    ~~~~~~~~~~~~~~~~~~~~~~~^^^^^^^^^^^^^^^^^^^^^^^^^^^^^^^^^^^
PermissionError: [Errno 1] Operation not permitted

test 22
      Start 22: exercise-ch11-endpoint-failure

22: Test command: /usr/bin/python3 "/home/voc/projects/snodec/publications/book/companion/exercises/ch11/../ch09/protocol.py" "endpoint-failure" "/home/voc/projects/snodec/publications/book/build/proposal-readiness-phase-5k-examples/companion/exercises/ch11/line-unix"
22: Working Directory: /home/voc/projects/snodec/publications/book/build/proposal-readiness-phase-5k-examples/companion/exercises/ch11
22: Test timeout computed to be: 40
22: 
22: Traceback (most recent call last):
22:   File "/home/voc/projects/snodec/publications/book/companion/exercises/lab_support.py", line 38, in running
22:     yield process, path
22:   File "/home/voc/projects/snodec/publications/book/companion/exercises/ch11/../ch09/protocol.py", line 37, in server
22:     yield open_peer, endpoint
22:   File "/home/voc/projects/snodec/publications/book/companion/exercises/ch11/../ch09/protocol.py", line 125, in <module>
22:     with ready(open_peer) as peer:
22:          ~~~~~^^^^^^^^^^^
22:   File "/home/voc/projects/snodec/publications/book/companion/exercises/ch11/../ch09/protocol.py", line 42, in ready
22:     peer = open_peer()
22:   File "/home/voc/projects/snodec/publications/book/companion/exercises/ch11/../ch09/protocol.py", line 30, in open_peer
22:     peer.connect(endpoint)
22:     ~~~~~~~~~~~~^^^^^^^^^^
22: PermissionError: [Errno 1] Operation not permitted
22: 
22: During handling of the above exception, another exception occurred:
22: 
22: Traceback (most recent call last):
22:   File "/home/voc/projects/snodec/publications/book/companion/exercises/ch11/../ch09/protocol.py", line 115, in <module>
22:     with server(binary, 'unix' if mode == 'endpoint-failure' else 'ip') as (open_peer, endpoint):
22:          ~~~~~~^^^^^^^^^^^^^^^^^^^^^^^^^^^^^^^^^^^^^^^^^^^^^^^^^^^^^^^^
22:   File "/usr/lib/python3.14/contextlib.py", line 162, in __exit__
22:     self.gen.throw(value)
22:     ~~~~~~~~~~~~~~^^^^^^^
22:   File "/home/voc/projects/snodec/publications/book/companion/exercises/ch11/../ch09/protocol.py", line 21, in server
22:     with running(binary, args) as (process, log):
22:          ~~~~~~~^^^^^^^^^^^^^^
22:   File "/usr/lib/python3.14/contextlib.py", line 162, in __exit__
22:     self.gen.throw(value)
22:     ~~~~~~~~~~~~~~^^^^^^^
22:   File "/home/voc/projects/snodec/publications/book/companion/exercises/lab_support.py", line 56, in running
22:     raise RuntimeError(f'Process exited {process.returncode}: {path.read_text(errors="replace")[-4000:]}')
22: RuntimeError: Process exited -2: 
22/58 Test #22: exercise-ch11-endpoint-failure .....***Failed    0.06 sec

Traceback (most recent call last):
  File "/home/voc/projects/snodec/publications/book/companion/exercises/lab_support.py", line 38, in running
    yield process, path
  File "/home/voc/projects/snodec/publications/book/companion/exercises/ch11/../ch09/protocol.py", line 37, in server
    yield open_peer, endpoint
  File "/home/voc/projects/snodec/publications/book/companion/exercises/ch11/../ch09/protocol.py", line 125, in <module>
    with ready(open_peer) as peer:
         ~~~~~^^^^^^^^^^^
  File "/home/voc/projects/snodec/publications/book/companion/exercises/ch11/../ch09/protocol.py", line 42, in ready
    peer = open_peer()
  File "/home/voc/projects/snodec/publications/book/companion/exercises/ch11/../ch09/protocol.py", line 30, in open_peer
    peer.connect(endpoint)
    ~~~~~~~~~~~~^^^^^^^^^^
PermissionError: [Errno 1] Operation not permitted

During handling of the above exception, another exception occurred:

Traceback (most recent call last):
  File "/home/voc/projects/snodec/publications/book/companion/exercises/ch11/../ch09/protocol.py", line 115, in <module>
    with server(binary, 'unix' if mode == 'endpoint-failure' else 'ip') as (open_peer, endpoint):
         ~~~~~~^^^^^^^^^^^^^^^^^^^^^^^^^^^^^^^^^^^^^^^^^^^^^^^^^^^^^^^^
  File "/usr/lib/python3.14/contextlib.py", line 162, in __exit__
    self.gen.throw(value)
    ~~~~~~~~~~~~~~^^^^^^^
  File "/home/voc/projects/snodec/publications/book/companion/exercises/ch11/../ch09/protocol.py", line 21, in server
    with running(binary, args) as (process, log):
         ~~~~~~~^^^^^^^^^^^^^^
  File "/usr/lib/python3.14/contextlib.py", line 162, in __exit__
    self.gen.throw(value)
    ~~~~~~~~~~~~~~^^^^^^^
  File "/home/voc/projects/snodec/publications/book/companion/exercises/lab_support.py", line 56, in running
    raise RuntimeError(f'Process exited {process.returncode}: {path.read_text(errors="replace")[-4000:]}')
RuntimeError: Process exited -2: 

test 23
      Start 23: exercise-ch12-precedence

23: Test command: /usr/bin/python3 "/home/voc/projects/snodec/publications/book/companion/exercises/ch12/configuration.py" "precedence" "/home/voc/projects/snodec/publications/book/build/proposal-readiness-phase-5k-examples/companion/examples/EchoPair/echoserver"
23: Working Directory: /home/voc/projects/snodec/publications/book/build/proposal-readiness-phase-5k-examples/companion/exercises/ch12
23: Test timeout computed to be: 40
23: PASS: source/file/CLI ports [8080, 18091, 18092]; file unchanged; inspection status 2
23/58 Test #23: exercise-ch12-precedence ...........   Passed    0.08 sec
test 24
      Start 24: exercise-ch12-discovery

24: Test command: /usr/bin/python3 "/home/voc/projects/snodec/publications/book/companion/exercises/ch12/configuration.py" "discovery" "/home/voc/projects/snodec/publications/book/build/proposal-readiness-phase-5k-examples/companion/examples/EchoPair/echoserver"
24: Working Directory: /home/voc/projects/snodec/publications/book/build/proposal-readiness-phase-5k-examples/companion/exercises/ch12
24: Test timeout computed to be: 40
24: PASS: help narrows application/instance/local; invalid --port rejected; local help identifies its scope
24/58 Test #24: exercise-ch12-discovery ............   Passed    0.12 sec
test 25
      Start 25: exercise-ch13-records

25: Test command: /usr/bin/python3 "/home/voc/projects/snodec/publications/book/companion/exercises/ch13/records.py" "/home/voc/projects/snodec/publications/book/build/proposal-readiness-phase-5k-examples/companion/examples/SemanticLogging/semantic-logging"
25: Working Directory: /home/voc/projects/snodec/publications/book/build/proposal-readiness-phase-5k-examples/companion/exercises/ch13
25: Test timeout computed to be: 40
25: PASS: four semantic records; component Debug overrides global Info; event and typed error; no invented peer
25: {"v":1,"ts":"2026-09-22T21:31:50.365Z","level":"info","origin":"application","boundary":"application","component":"gateway.measurements","instance":"measurement-input","message":"Measurement example initialized"}
25: {"v":1,"ts":"2026-09-22T21:31:50.365Z","level":"info","origin":"application","boundary":"application","component":"gateway.measurements","instance":"measurement-input","event":"measurement.accepted","message":"Accepted measurement sequence 1"}
25: {"v":1,"ts":"2026-09-22T21:31:50.365Z","level":"debug","origin":"application","boundary":"application","component":"gateway.measurements","instance":"measurement-input","message":"Diagnostic sequence 1"}
25: {"v":1,"ts":"2026-09-22T21:31:50.365Z","level":"warn","origin":"application","boundary":"application","component":"gateway.measurements","instance":"measurement-input","message":"Demonstration error; no file operation was attempted","error":{"code":13,"text":"Permission denied"}}
25/58 Test #25: exercise-ch13-records ..............   Passed    0.06 sec
test 26
      Start 26: exercise-ch13-part-checkpoint

26: Test command: /usr/bin/python3 "/home/voc/projects/snodec/publications/book/companion/exercises/ch13/../ch12/configuration.py" "checkpoint" "/home/voc/projects/snodec/publications/book/build/proposal-readiness-phase-5k-examples/companion/examples/EchoPair/echoserver"
26: Working Directory: /home/voc/projects/snodec/publications/book/build/proposal-readiness-phase-5k-examples/companion/exercises/ch13
26: Test timeout computed to be: 40
26: Traceback (most recent call last):
26:   File "/home/voc/projects/snodec/publications/book/companion/exercises/ch13/../ch12/configuration.py", line 86, in <module>
26:     {'precedence': precedence, 'discovery': discovery, 'checkpoint': checkpoint}[mode](binary, home)
26:     ~~~~~~~~~~~~~~~~~~~~~~~~~~~~~~~~~~~~~~~~~~~~~~~~~~~~~~~~~~~~~~~~~~~~~~~~~~~~~~~~~~^^^^^^^^^^^^^^
26:   File "/home/voc/projects/snodec/publications/book/companion/exercises/ch13/../ch12/configuration.py", line 56, in checkpoint
26:     port = free_port()
26:   File "/home/voc/projects/snodec/publications/book/companion/exercises/lab_support.py", line 15, in free_port
26:     with socket.socket() as sock:
26:          ~~~~~~~~~~~~~^^
26:   File "/usr/lib/python3.14/socket.py", line 236, in __init__
26:     _socket.socket.__init__(self, family, type, proto, fileno)
26:     ~~~~~~~~~~~~~~~~~~~~~~~^^^^^^^^^^^^^^^^^^^^^^^^^^^^^^^^^^^
26: PermissionError: [Errno 1] Operation not permitted
26/58 Test #26: exercise-ch13-part-checkpoint ......***Failed    0.06 sec
Traceback (most recent call last):
  File "/home/voc/projects/snodec/publications/book/companion/exercises/ch13/../ch12/configuration.py", line 86, in <module>
    {'precedence': precedence, 'discovery': discovery, 'checkpoint': checkpoint}[mode](binary, home)
    ~~~~~~~~~~~~~~~~~~~~~~~~~~~~~~~~~~~~~~~~~~~~~~~~~~~~~~~~~~~~~~~~~~~~~~~~~~~~~~~~~~^^^^^^^^^^^^^^
  File "/home/voc/projects/snodec/publications/book/companion/exercises/ch13/../ch12/configuration.py", line 56, in checkpoint
    port = free_port()
  File "/home/voc/projects/snodec/publications/book/companion/exercises/lab_support.py", line 15, in free_port
    with socket.socket() as sock:
         ~~~~~~~~~~~~~^^
  File "/usr/lib/python3.14/socket.py", line 236, in __init__
    _socket.socket.__init__(self, family, type, proto, fileno)
    ~~~~~~~~~~~~~~~~~~~~~~~^^^^^^^^^^^^^^^^^^^^^^^^^^^^^^^^^^^
PermissionError: [Errno 1] Operation not permitted

test 27
      Start 27: exercise-ch14-trust-identity

27: Test command: /usr/bin/python3 "/home/voc/projects/snodec/publications/book/companion/exercises/ch14/tls.py" "policy" "/home/voc/projects/snodec/publications/book/build/proposal-readiness-phase-5k-examples/companion/exercises/ch14/tls-policy-lab" "/usr/bin/openssl"
27: Working Directory: /home/voc/projects/snodec/publications/book/build/proposal-readiness-phase-5k-examples/companion/exercises/ch14
27: Test timeout computed to be: 60
27: Traceback (most recent call last):
27:   File "/home/voc/projects/snodec/publications/book/companion/exercises/ch14/run-tls.py", line 27, in <module>
27:     with socket.socket() as listener:
27:          ~~~~~~~~~~~~~^^
27:   File "/usr/lib/python3.14/socket.py", line 236, in __init__
27:     _socket.socket.__init__(self, family, type, proto, fileno)
27:     ~~~~~~~~~~~~~~~~~~~~~~~^^^^^^^^^^^^^^^^^^^^^^^^^^^^^^^^^^^
27: PermissionError: [Errno 1] Operation not permitted
27: Traceback (most recent call last):
27:   File "/home/voc/projects/snodec/publications/book/companion/exercises/ch14/tls.py", line 42, in <module>
27:     {'policy': policy, 'echo': echo}[sys.argv[1]](*sys.argv[2:])
27:     ~~~~~~~~~~~~~~~~~~~~~~~~~~~~~~~~~~~~~~~~~~~~~^^^^^^^^^^^^^^^
27:   File "/home/voc/projects/snodec/publications/book/companion/exercises/ch14/tls.py", line 15, in policy
27:     subprocess.run([sys.executable, str(fixture), '--client', client, '--openssl', openssl],
27:     ~~~~~~~~~~~~~~^^^^^^^^^^^^^^^^^^^^^^^^^^^^^^^^^^^^^^^^^^^^^^^^^^^^^^^^^^^^^^^^^^^^^^^^^^
27:                    env=environment(temp), check=True, timeout=50)
27:                    ^^^^^^^^^^^^^^^^^^^^^^^^^^^^^^^^^^^^^^^^^^^^^^
27:   File "/usr/lib/python3.14/subprocess.py", line 578, in run
27:     raise CalledProcessError(retcode, process.args,
27:                              output=stdout, stderr=stderr)
27: subprocess.CalledProcessError: Command '['/usr/bin/python3', '/home/voc/projects/snodec/publications/book/companion/exercises/ch14/run-tls.py', '--client', '/home/voc/projects/snodec/publications/book/build/proposal-readiness-phase-5k-examples/companion/exercises/ch14/tls-policy-lab', '--openssl', '/usr/bin/openssl']' returned non-zero exit status 1.
27/58 Test #27: exercise-ch14-trust-identity .......***Failed    0.28 sec
Traceback (most recent call last):
  File "/home/voc/projects/snodec/publications/book/companion/exercises/ch14/run-tls.py", line 27, in <module>
    with socket.socket() as listener:
         ~~~~~~~~~~~~~^^
  File "/usr/lib/python3.14/socket.py", line 236, in __init__
    _socket.socket.__init__(self, family, type, proto, fileno)
    ~~~~~~~~~~~~~~~~~~~~~~~^^^^^^^^^^^^^^^^^^^^^^^^^^^^^^^^^^^
PermissionError: [Errno 1] Operation not permitted
Traceback (most recent call last):
  File "/home/voc/projects/snodec/publications/book/companion/exercises/ch14/tls.py", line 42, in <module>
    {'policy': policy, 'echo': echo}[sys.argv[1]](*sys.argv[2:])
    ~~~~~~~~~~~~~~~~~~~~~~~~~~~~~~~~~~~~~~~~~~~~~^^^^^^^^^^^^^^^
  File "/home/voc/projects/snodec/publications/book/companion/exercises/ch14/tls.py", line 15, in policy
    subprocess.run([sys.executable, str(fixture), '--client', client, '--openssl', openssl],
    ~~~~~~~~~~~~~~^^^^^^^^^^^^^^^^^^^^^^^^^^^^^^^^^^^^^^^^^^^^^^^^^^^^^^^^^^^^^^^^^^^^^^^^^^
                   env=environment(temp), check=True, timeout=50)
                   ^^^^^^^^^^^^^^^^^^^^^^^^^^^^^^^^^^^^^^^^^^^^^^
  File "/usr/lib/python3.14/subprocess.py", line 578, in run
    raise CalledProcessError(retcode, process.args,
                             output=stdout, stderr=stderr)
subprocess.CalledProcessError: Command '['/usr/bin/python3', '/home/voc/projects/snodec/publications/book/companion/exercises/ch14/run-tls.py', '--client', '/home/voc/projects/snodec/publications/book/build/proposal-readiness-phase-5k-examples/companion/exercises/ch14/tls-policy-lab', '--openssl', '/usr/bin/openssl']' returned non-zero exit status 1.

test 28
      Start 28: exercise-ch14-secure-echo

28: Test command: /usr/bin/python3 "/home/voc/projects/snodec/publications/book/companion/exercises/ch14/tls.py" "echo" "/home/voc/projects/snodec/publications/book/build/proposal-readiness-phase-5k-examples/companion/exercises/ch14/tls-echo" "/usr/bin/openssl"
28: Working Directory: /home/voc/projects/snodec/publications/book/build/proposal-readiness-phase-5k-examples/companion/exercises/ch14
28: Test timeout computed to be: 60
28: Traceback (most recent call last):
28:   File "/home/voc/projects/snodec/publications/book/companion/exercises/ch14/tls.py", line 42, in <module>
28:     {'policy': policy, 'echo': echo}[sys.argv[1]](*sys.argv[2:])
28:     ~~~~~~~~~~~~~~~~~~~~~~~~~~~~~~~~~~~~~~~~~~~~~^^^^^^^^^^^^^^^
28:   File "/home/voc/projects/snodec/publications/book/companion/exercises/ch14/tls.py", line 27, in echo
28:     port = free_port()
28:   File "/home/voc/projects/snodec/publications/book/companion/exercises/lab_support.py", line 15, in free_port
28:     with socket.socket() as sock:
28:          ~~~~~~~~~~~~~^^
28:   File "/usr/lib/python3.14/socket.py", line 236, in __init__
28:     _socket.socket.__init__(self, family, type, proto, fileno)
28:     ~~~~~~~~~~~~~~~~~~~~~~~^^^^^^^^^^^^^^^^^^^^^^^^^^^^^^^^^^^
28: PermissionError: [Errno 1] Operation not permitted
28/58 Test #28: exercise-ch14-secure-echo ..........***Failed    0.18 sec
Traceback (most recent call last):
  File "/home/voc/projects/snodec/publications/book/companion/exercises/ch14/tls.py", line 42, in <module>
    {'policy': policy, 'echo': echo}[sys.argv[1]](*sys.argv[2:])
    ~~~~~~~~~~~~~~~~~~~~~~~~~~~~~~~~~~~~~~~~~~~~~^^^^^^^^^^^^^^^
  File "/home/voc/projects/snodec/publications/book/companion/exercises/ch14/tls.py", line 27, in echo
    port = free_port()
  File "/home/voc/projects/snodec/publications/book/companion/exercises/lab_support.py", line 15, in free_port
    with socket.socket() as sock:
         ~~~~~~~~~~~~~^^
  File "/usr/lib/python3.14/socket.py", line 236, in __init__
    _socket.socket.__init__(self, family, type, proto, fileno)
    ~~~~~~~~~~~~~~~~~~~~~~~^^^^^^^^^^^^^^^^^^^^^^^^^^^^^^^^^^^
PermissionError: [Errno 1] Operation not permitted

test 29
      Start 29: exercise-ch15-bounded-retry

29: Test command: /usr/bin/python3 "/home/voc/projects/snodec/publications/book/companion/exercises/ch15/recovery.py" "retry" "/home/voc/projects/snodec/publications/book/build/proposal-readiness-phase-5k-examples/companion/examples/EchoPair/echoclient"
29: Working Directory: /home/voc/projects/snodec/publications/book/build/proposal-readiness-phase-5k-examples/companion/exercises/ch15
29: Test timeout computed to be: 80
29: Traceback (most recent call last):
29:   File "/home/voc/projects/snodec/publications/book/companion/exercises/ch15/recovery.py", line 101, in <module>
29:     {'retry': retry, 'checkpoint': checkpoint}[sys.argv[1]](*sys.argv[2:])
29:     ~~~~~~~~~~~~~~~~~~~~~~~~~~~~~~~~~~~~~~~~~~~~~~~~~~~~~~~^^^^^^^^^^^^^^^
29:   File "/home/voc/projects/snodec/publications/book/companion/exercises/ch15/recovery.py", line 47, in retry
29:     with socket.socket() as reserved:
29:          ~~~~~~~~~~~~~^^
29:   File "/usr/lib/python3.14/socket.py", line 236, in __init__
29:     _socket.socket.__init__(self, family, type, proto, fileno)
29:     ~~~~~~~~~~~~~~~~~~~~~~~^^^^^^^^^^^^^^^^^^^^^^^^^^^^^^^^^^^
29: PermissionError: [Errno 1] Operation not permitted
29/58 Test #29: exercise-ch15-bounded-retry ........***Failed    0.07 sec
Traceback (most recent call last):
  File "/home/voc/projects/snodec/publications/book/companion/exercises/ch15/recovery.py", line 101, in <module>
    {'retry': retry, 'checkpoint': checkpoint}[sys.argv[1]](*sys.argv[2:])
    ~~~~~~~~~~~~~~~~~~~~~~~~~~~~~~~~~~~~~~~~~~~~~~~~~~~~~~~^^^^^^^^^^^^^^^
  File "/home/voc/projects/snodec/publications/book/companion/exercises/ch15/recovery.py", line 47, in retry
    with socket.socket() as reserved:
         ~~~~~~~~~~~~~^^
  File "/usr/lib/python3.14/socket.py", line 236, in __init__
    _socket.socket.__init__(self, family, type, proto, fileno)
    ~~~~~~~~~~~~~~~~~~~~~~~^^^^^^^^^^^^^^^^^^^^^^^^^^^^^^^^^^^
PermissionError: [Errno 1] Operation not permitted

test 30
      Start 30: exercise-ch15-part-checkpoint

30: Test command: /usr/bin/python3 "/home/voc/projects/snodec/publications/book/companion/exercises/ch15/recovery.py" "checkpoint" "/home/voc/projects/snodec/publications/book/build/proposal-readiness-phase-5k-examples/companion/examples/EchoPair/echoclient" "/home/voc/projects/snodec/publications/book/build/proposal-readiness-phase-5k-examples/companion/exercises/ch14/tls-policy-lab"
30: Working Directory: /home/voc/projects/snodec/publications/book/build/proposal-readiness-phase-5k-examples/companion/exercises/ch15
30: Test timeout computed to be: 80
30: Traceback (most recent call last):
30:   File "/home/voc/projects/snodec/publications/book/companion/exercises/ch14/run-tls.py", line 27, in <module>
30:     with socket.socket() as listener:
30:          ~~~~~~~~~~~~~^^
30:   File "/usr/lib/python3.14/socket.py", line 236, in __init__
30:     _socket.socket.__init__(self, family, type, proto, fileno)
30:     ~~~~~~~~~~~~~~~~~~~~~~~^^^^^^^^^^^^^^^^^^^^^^^^^^^^^^^^^^^
30: PermissionError: [Errno 1] Operation not permitted
30: Traceback (most recent call last):
30:   File "/home/voc/projects/snodec/publications/book/companion/exercises/ch15/recovery.py", line 101, in <module>
30:     {'retry': retry, 'checkpoint': checkpoint}[sys.argv[1]](*sys.argv[2:])
30:     ~~~~~~~~~~~~~~~~~~~~~~~~~~~~~~~~~~~~~~~~~~~~~~~~~~~~~~~^^^^^^^^^^^^^^^
30:   File "/home/voc/projects/snodec/publications/book/companion/exercises/ch15/recovery.py", line 60, in checkpoint
30:     policy(tls_client, 'openssl')
30:     ~~~~~~^^^^^^^^^^^^^^^^^^^^^^^
30:   File "/home/voc/projects/snodec/publications/book/companion/exercises/ch14/tls.py", line 15, in policy
30:     subprocess.run([sys.executable, str(fixture), '--client', client, '--openssl', openssl],
30:     ~~~~~~~~~~~~~~^^^^^^^^^^^^^^^^^^^^^^^^^^^^^^^^^^^^^^^^^^^^^^^^^^^^^^^^^^^^^^^^^^^^^^^^^^
30:                    env=environment(temp), check=True, timeout=50)
30:                    ^^^^^^^^^^^^^^^^^^^^^^^^^^^^^^^^^^^^^^^^^^^^^^
30:   File "/usr/lib/python3.14/subprocess.py", line 578, in run
30:     raise CalledProcessError(retcode, process.args,
30:                              output=stdout, stderr=stderr)
30: subprocess.CalledProcessError: Command '['/usr/bin/python3', '/home/voc/projects/snodec/publications/book/companion/exercises/ch14/run-tls.py', '--client', '/home/voc/projects/snodec/publications/book/build/proposal-readiness-phase-5k-examples/companion/exercises/ch14/tls-policy-lab', '--openssl', 'openssl']' returned non-zero exit status 1.
30/58 Test #30: exercise-ch15-part-checkpoint ......***Failed    0.23 sec
Traceback (most recent call last):
  File "/home/voc/projects/snodec/publications/book/companion/exercises/ch14/run-tls.py", line 27, in <module>
    with socket.socket() as listener:
         ~~~~~~~~~~~~~^^
  File "/usr/lib/python3.14/socket.py", line 236, in __init__
    _socket.socket.__init__(self, family, type, proto, fileno)
    ~~~~~~~~~~~~~~~~~~~~~~~^^^^^^^^^^^^^^^^^^^^^^^^^^^^^^^^^^^
PermissionError: [Errno 1] Operation not permitted
Traceback (most recent call last):
  File "/home/voc/projects/snodec/publications/book/companion/exercises/ch15/recovery.py", line 101, in <module>
    {'retry': retry, 'checkpoint': checkpoint}[sys.argv[1]](*sys.argv[2:])
    ~~~~~~~~~~~~~~~~~~~~~~~~~~~~~~~~~~~~~~~~~~~~~~~~~~~~~~~^^^^^^^^^^^^^^^
  File "/home/voc/projects/snodec/publications/book/companion/exercises/ch15/recovery.py", line 60, in checkpoint
    policy(tls_client, 'openssl')
    ~~~~~~^^^^^^^^^^^^^^^^^^^^^^^
  File "/home/voc/projects/snodec/publications/book/companion/exercises/ch14/tls.py", line 15, in policy
    subprocess.run([sys.executable, str(fixture), '--client', client, '--openssl', openssl],
    ~~~~~~~~~~~~~~^^^^^^^^^^^^^^^^^^^^^^^^^^^^^^^^^^^^^^^^^^^^^^^^^^^^^^^^^^^^^^^^^^^^^^^^^^
                   env=environment(temp), check=True, timeout=50)
                   ^^^^^^^^^^^^^^^^^^^^^^^^^^^^^^^^^^^^^^^^^^^^^^
  File "/usr/lib/python3.14/subprocess.py", line 578, in run
    raise CalledProcessError(retcode, process.args,
                             output=stdout, stderr=stderr)
subprocess.CalledProcessError: Command '['/usr/bin/python3', '/home/voc/projects/snodec/publications/book/companion/exercises/ch14/run-tls.py', '--client', '/home/voc/projects/snodec/publications/book/build/proposal-readiness-phase-5k-examples/companion/exercises/ch14/tls-policy-lab', '--openssl', 'openssl']' returned non-zero exit status 1.

test 31
      Start 31: exercise-ch16-framing

31: Test command: /usr/bin/python3 "/home/voc/projects/snodec/publications/book/companion/exercises/ch16/../ch17/dispatch.py" "framing" "/home/voc/projects/snodec/publications/book/build/proposal-readiness-phase-5k-examples/companion/exercises/ch17/dispatch-lab"
31: Working Directory: /home/voc/projects/snodec/publications/book/build/proposal-readiness-phase-5k-examples/companion/exercises/ch16
31: Test timeout computed to be: 30
31: Traceback (most recent call last):
31:   File "/home/voc/projects/snodec/publications/book/companion/exercises/ch16/../ch17/dispatch.py", line 75, in <module>
31:     run(*sys.argv[1:])
31:     ~~~^^^^^^^^^^^^^^^
31:   File "/home/voc/projects/snodec/publications/book/companion/exercises/ch16/../ch17/dispatch.py", line 24, in run
31:     port = free_port()
31:   File "/home/voc/projects/snodec/publications/book/companion/exercises/lab_support.py", line 15, in free_port
31:     with socket.socket() as sock:
31:          ~~~~~~~~~~~~~^^
31:   File "/usr/lib/python3.14/socket.py", line 236, in __init__
31:     _socket.socket.__init__(self, family, type, proto, fileno)
31:     ~~~~~~~~~~~~~~~~~~~~~~~^^^^^^^^^^^^^^^^^^^^^^^^^^^^^^^^^^^
31: PermissionError: [Errno 1] Operation not permitted
31/58 Test #31: exercise-ch16-framing ..............***Failed    0.06 sec
Traceback (most recent call last):
  File "/home/voc/projects/snodec/publications/book/companion/exercises/ch16/../ch17/dispatch.py", line 75, in <module>
    run(*sys.argv[1:])
    ~~~^^^^^^^^^^^^^^^
  File "/home/voc/projects/snodec/publications/book/companion/exercises/ch16/../ch17/dispatch.py", line 24, in run
    port = free_port()
  File "/home/voc/projects/snodec/publications/book/companion/exercises/lab_support.py", line 15, in free_port
    with socket.socket() as sock:
         ~~~~~~~~~~~~~^^
  File "/usr/lib/python3.14/socket.py", line 236, in __init__
    _socket.socket.__init__(self, family, type, proto, fileno)
    ~~~~~~~~~~~~~~~~~~~~~~~^^^^^^^^^^^^^^^^^^^^^^^^^^^^^^^^^^^
PermissionError: [Errno 1] Operation not permitted

test 32
      Start 32: exercise-ch16-limits

32: Test command: /usr/bin/python3 "/home/voc/projects/snodec/publications/book/companion/exercises/ch16/../ch17/dispatch.py" "limits" "/home/voc/projects/snodec/publications/book/build/proposal-readiness-phase-5k-examples/companion/exercises/ch17/dispatch-lab"
32: Working Directory: /home/voc/projects/snodec/publications/book/build/proposal-readiness-phase-5k-examples/companion/exercises/ch16
32: Test timeout computed to be: 30
32: Traceback (most recent call last):
32:   File "/home/voc/projects/snodec/publications/book/companion/exercises/ch16/../ch17/dispatch.py", line 75, in <module>
32:     run(*sys.argv[1:])
32:     ~~~^^^^^^^^^^^^^^^
32:   File "/home/voc/projects/snodec/publications/book/companion/exercises/ch16/../ch17/dispatch.py", line 24, in run
32:     port = free_port()
32:   File "/home/voc/projects/snodec/publications/book/companion/exercises/lab_support.py", line 15, in free_port
32:     with socket.socket() as sock:
32:          ~~~~~~~~~~~~~^^
32:   File "/usr/lib/python3.14/socket.py", line 236, in __init__
32:     _socket.socket.__init__(self, family, type, proto, fileno)
32:     ~~~~~~~~~~~~~~~~~~~~~~~^^^^^^^^^^^^^^^^^^^^^^^^^^^^^^^^^^^
32: PermissionError: [Errno 1] Operation not permitted
32/58 Test #32: exercise-ch16-limits ...............***Failed    0.05 sec
Traceback (most recent call last):
  File "/home/voc/projects/snodec/publications/book/companion/exercises/ch16/../ch17/dispatch.py", line 75, in <module>
    run(*sys.argv[1:])
    ~~~^^^^^^^^^^^^^^^
  File "/home/voc/projects/snodec/publications/book/companion/exercises/ch16/../ch17/dispatch.py", line 24, in run
    port = free_port()
  File "/home/voc/projects/snodec/publications/book/companion/exercises/lab_support.py", line 15, in free_port
    with socket.socket() as sock:
         ~~~~~~~~~~~~~^^
  File "/usr/lib/python3.14/socket.py", line 236, in __init__
    _socket.socket.__init__(self, family, type, proto, fileno)
    ~~~~~~~~~~~~~~~~~~~~~~~^^^^^^^^^^^^^^^^^^^^^^^^^^^^^^^^^^^
PermissionError: [Errno 1] Operation not permitted

test 33
      Start 33: exercise-ch17-order

33: Test command: /usr/bin/python3 "/home/voc/projects/snodec/publications/book/companion/exercises/ch17/dispatch.py" "order" "/home/voc/projects/snodec/publications/book/build/proposal-readiness-phase-5k-examples/companion/exercises/ch17/dispatch-lab"
33: Working Directory: /home/voc/projects/snodec/publications/book/build/proposal-readiness-phase-5k-examples/companion/exercises/ch17
33: Test timeout computed to be: 30
33: Traceback (most recent call last):
33:   File "/home/voc/projects/snodec/publications/book/companion/exercises/ch17/dispatch.py", line 75, in <module>
33:     run(*sys.argv[1:])
33:     ~~~^^^^^^^^^^^^^^^
33:   File "/home/voc/projects/snodec/publications/book/companion/exercises/ch17/dispatch.py", line 24, in run
33:     port = free_port()
33:   File "/home/voc/projects/snodec/publications/book/companion/exercises/lab_support.py", line 15, in free_port
33:     with socket.socket() as sock:
33:          ~~~~~~~~~~~~~^^
33:   File "/usr/lib/python3.14/socket.py", line 236, in __init__
33:     _socket.socket.__init__(self, family, type, proto, fileno)
33:     ~~~~~~~~~~~~~~~~~~~~~~~^^^^^^^^^^^^^^^^^^^^^^^^^^^^^^^^^^^
33: PermissionError: [Errno 1] Operation not permitted
33/58 Test #33: exercise-ch17-order ................***Failed    0.06 sec
Traceback (most recent call last):
  File "/home/voc/projects/snodec/publications/book/companion/exercises/ch17/dispatch.py", line 75, in <module>
    run(*sys.argv[1:])
    ~~~^^^^^^^^^^^^^^^
  File "/home/voc/projects/snodec/publications/book/companion/exercises/ch17/dispatch.py", line 24, in run
    port = free_port()
  File "/home/voc/projects/snodec/publications/book/companion/exercises/lab_support.py", line 15, in free_port
    with socket.socket() as sock:
         ~~~~~~~~~~~~~^^
  File "/usr/lib/python3.14/socket.py", line 236, in __init__
    _socket.socket.__init__(self, family, type, proto, fileno)
    ~~~~~~~~~~~~~~~~~~~~~~~^^^^^^^^^^^^^^^^^^^^^^^^^^^^^^^^^^^
PermissionError: [Errno 1] Operation not permitted

test 34
      Start 34: exercise-ch17-stop

34: Test command: /usr/bin/python3 "/home/voc/projects/snodec/publications/book/companion/exercises/ch17/dispatch.py" "stop" "/home/voc/projects/snodec/publications/book/build/proposal-readiness-phase-5k-examples/companion/exercises/ch17/dispatch-lab"
34: Working Directory: /home/voc/projects/snodec/publications/book/build/proposal-readiness-phase-5k-examples/companion/exercises/ch17
34: Test timeout computed to be: 30
34: Traceback (most recent call last):
34:   File "/home/voc/projects/snodec/publications/book/companion/exercises/ch17/dispatch.py", line 75, in <module>
34:     run(*sys.argv[1:])
34:     ~~~^^^^^^^^^^^^^^^
34:   File "/home/voc/projects/snodec/publications/book/companion/exercises/ch17/dispatch.py", line 24, in run
34:     port = free_port()
34:   File "/home/voc/projects/snodec/publications/book/companion/exercises/lab_support.py", line 15, in free_port
34:     with socket.socket() as sock:
34:          ~~~~~~~~~~~~~^^
34:   File "/usr/lib/python3.14/socket.py", line 236, in __init__
34:     _socket.socket.__init__(self, family, type, proto, fileno)
34:     ~~~~~~~~~~~~~~~~~~~~~~~^^^^^^^^^^^^^^^^^^^^^^^^^^^^^^^^^^^
34: PermissionError: [Errno 1] Operation not permitted
34/58 Test #34: exercise-ch17-stop .................***Failed    0.06 sec
Traceback (most recent call last):
  File "/home/voc/projects/snodec/publications/book/companion/exercises/ch17/dispatch.py", line 75, in <module>
    run(*sys.argv[1:])
    ~~~^^^^^^^^^^^^^^^
  File "/home/voc/projects/snodec/publications/book/companion/exercises/ch17/dispatch.py", line 24, in run
    port = free_port()
  File "/home/voc/projects/snodec/publications/book/companion/exercises/lab_support.py", line 15, in free_port
    with socket.socket() as sock:
         ~~~~~~~~~~~~~^^
  File "/usr/lib/python3.14/socket.py", line 236, in __init__
    _socket.socket.__init__(self, family, type, proto, fileno)
    ~~~~~~~~~~~~~~~~~~~~~~~^^^^^^^^^^^^^^^^^^^^^^^^^^^^^^^^^^^
PermissionError: [Errno 1] Operation not permitted

test 35
      Start 35: exercise-ch18

35: Test command: /usr/bin/python3 "/home/voc/projects/snodec/publications/book/companion/exercises/ch18/solution.py" "/home/voc/projects/snodec/publications/book/build/proposal-readiness-phase-5k-examples/companion/examples/SSE-Server/sse-server"
35: Working Directory: /home/voc/projects/snodec/publications/book/build/proposal-readiness-phase-5k-examples/companion/exercises/ch18
35: Test timeout computed to be: 40
35: Traceback (most recent call last):
35:   File "/home/voc/projects/snodec/publications/book/companion/exercises/ch18/solution.py", line 8, in <module>
35:     port = free_port()
35:   File "/home/voc/projects/snodec/publications/book/companion/exercises/lab_support.py", line 15, in free_port
35:     with socket.socket() as sock:
35:          ~~~~~~~~~~~~~^^
35:   File "/usr/lib/python3.14/socket.py", line 236, in __init__
35:     _socket.socket.__init__(self, family, type, proto, fileno)
35:     ~~~~~~~~~~~~~~~~~~~~~~~^^^^^^^^^^^^^^^^^^^^^^^^^^^^^^^^^^^
35: PermissionError: [Errno 1] Operation not permitted
35/58 Test #35: exercise-ch18 ......................***Failed    0.05 sec
Traceback (most recent call last):
  File "/home/voc/projects/snodec/publications/book/companion/exercises/ch18/solution.py", line 8, in <module>
    port = free_port()
  File "/home/voc/projects/snodec/publications/book/companion/exercises/lab_support.py", line 15, in free_port
    with socket.socket() as sock:
         ~~~~~~~~~~~~~^^
  File "/usr/lib/python3.14/socket.py", line 236, in __init__
    _socket.socket.__init__(self, family, type, proto, fileno)
    ~~~~~~~~~~~~~~~~~~~~~~~^^^^^^^^^^^^^^^^^^^^^^^^^^^^^^^^^^^
PermissionError: [Errno 1] Operation not permitted

test 36
      Start 36: exercise-ch18-observers

36: Test command: /usr/bin/python3 "/home/voc/projects/snodec/publications/book/companion/exercises/ch18/observers.py" "/home/voc/projects/snodec/publications/book/build/proposal-readiness-phase-5k-examples/companion/examples/SSE-Server/sse-server"
36: Working Directory: /home/voc/projects/snodec/publications/book/build/proposal-readiness-phase-5k-examples/companion/exercises/ch18
36: Test timeout computed to be: 40
36: Traceback (most recent call last):
36:   File "/home/voc/projects/snodec/publications/book/companion/exercises/ch18/observers.py", line 8, in <module>
36:     port = free_port()
36:   File "/home/voc/projects/snodec/publications/book/companion/exercises/lab_support.py", line 15, in free_port
36:     with socket.socket() as sock:
36:          ~~~~~~~~~~~~~^^
36:   File "/usr/lib/python3.14/socket.py", line 236, in __init__
36:     _socket.socket.__init__(self, family, type, proto, fileno)
36:     ~~~~~~~~~~~~~~~~~~~~~~~^^^^^^^^^^^^^^^^^^^^^^^^^^^^^^^^^^^
36: PermissionError: [Errno 1] Operation not permitted
36/58 Test #36: exercise-ch18-observers ............***Failed    0.06 sec
Traceback (most recent call last):
  File "/home/voc/projects/snodec/publications/book/companion/exercises/ch18/observers.py", line 8, in <module>
    port = free_port()
  File "/home/voc/projects/snodec/publications/book/companion/exercises/lab_support.py", line 15, in free_port
    with socket.socket() as sock:
         ~~~~~~~~~~~~~^^
  File "/usr/lib/python3.14/socket.py", line 236, in __init__
    _socket.socket.__init__(self, family, type, proto, fileno)
    ~~~~~~~~~~~~~~~~~~~~~~~^^^^^^^^^^^^^^^^^^^^^^^^^^^^^^^^^^^
PermissionError: [Errno 1] Operation not permitted

test 37
      Start 37: exercise-ch19-negotiation

37: Test command: /usr/bin/python3 "/home/voc/projects/snodec/publications/book/companion/exercises/ch19/solution.py" "negotiation" "/home/voc/projects/snodec/publications/book/build/proposal-readiness-phase-5k-examples/companion/exercises/ch19/ws-lab-server" "/home/voc/projects/snodec/publications/book/build/proposal-readiness-phase-5k-examples/companion/exercises/ch19/ws-lab-client"
37: Working Directory: /home/voc/projects/snodec/publications/book/build/proposal-readiness-phase-5k-examples/companion/exercises/ch19
37: Test timeout computed to be: 60
37: Traceback (most recent call last):
37:   File "/home/voc/projects/snodec/publications/book/companion/exercises/ch19/solution.py", line 49, in <module>
37:     run(*sys.argv[1:])
37:     ~~~^^^^^^^^^^^^^^^
37:   File "/home/voc/projects/snodec/publications/book/companion/exercises/ch19/solution.py", line 17, in run
37:     port = free_port()
37:   File "/home/voc/projects/snodec/publications/book/companion/exercises/lab_support.py", line 15, in free_port
37:     with socket.socket() as sock:
37:          ~~~~~~~~~~~~~^^
37:   File "/usr/lib/python3.14/socket.py", line 236, in __init__
37:     _socket.socket.__init__(self, family, type, proto, fileno)
37:     ~~~~~~~~~~~~~~~~~~~~~~~^^^^^^^^^^^^^^^^^^^^^^^^^^^^^^^^^^^
37: PermissionError: [Errno 1] Operation not permitted
37/58 Test #37: exercise-ch19-negotiation ..........***Failed    0.06 sec
Traceback (most recent call last):
  File "/home/voc/projects/snodec/publications/book/companion/exercises/ch19/solution.py", line 49, in <module>
    run(*sys.argv[1:])
    ~~~^^^^^^^^^^^^^^^
  File "/home/voc/projects/snodec/publications/book/companion/exercises/ch19/solution.py", line 17, in run
    port = free_port()
  File "/home/voc/projects/snodec/publications/book/companion/exercises/lab_support.py", line 15, in free_port
    with socket.socket() as sock:
         ~~~~~~~~~~~~~^^
  File "/usr/lib/python3.14/socket.py", line 236, in __init__
    _socket.socket.__init__(self, family, type, proto, fileno)
    ~~~~~~~~~~~~~~~~~~~~~~~^^^^^^^^^^^^^^^^^^^^^^^^^^^^^^^^^^^
PermissionError: [Errno 1] Operation not permitted

test 38
      Start 38: exercise-ch19-part-checkpoint

38: Test command: /usr/bin/python3 "/home/voc/projects/snodec/publications/book/companion/exercises/ch19/solution.py" "checkpoint" "/home/voc/projects/snodec/publications/book/build/proposal-readiness-phase-5k-examples/companion/exercises/ch19/ws-lab-server" "/home/voc/projects/snodec/publications/book/build/proposal-readiness-phase-5k-examples/companion/examples/SSE-Server/sse-server"
38: Working Directory: /home/voc/projects/snodec/publications/book/build/proposal-readiness-phase-5k-examples/companion/exercises/ch19
38: Test timeout computed to be: 60
38: Traceback (most recent call last):
38:   File "/home/voc/projects/snodec/publications/book/companion/exercises/ch18/observers.py", line 8, in <module>
38:     port = free_port()
38:   File "/home/voc/projects/snodec/publications/book/companion/exercises/lab_support.py", line 15, in free_port
38:     with socket.socket() as sock:
38:          ~~~~~~~~~~~~~^^
38:   File "/usr/lib/python3.14/socket.py", line 236, in __init__
38:     _socket.socket.__init__(self, family, type, proto, fileno)
38:     ~~~~~~~~~~~~~~~~~~~~~~~^^^^^^^^^^^^^^^^^^^^^^^^^^^^^^^^^^^
38: PermissionError: [Errno 1] Operation not permitted
38: Traceback (most recent call last):
38:   File "/home/voc/projects/snodec/publications/book/companion/exercises/ch19/solution.py", line 49, in <module>
38:     run(*sys.argv[1:])
38:     ~~~^^^^^^^^^^^^^^^
38:   File "/home/voc/projects/snodec/publications/book/companion/exercises/ch19/solution.py", line 15, in run
38:     subprocess.run([sys.executable, str(Path(__file__).resolve().parents[1] / 'ch18/observers.py'), other],
38:     ~~~~~~~~~~~~~~^^^^^^^^^^^^^^^^^^^^^^^^^^^^^^^^^^^^^^^^^^^^^^^^^^^^^^^^^^^^^^^^^^^^^^^^^^^^^^^^^^^^^^^^^
38:                    env=environment(config), check=True, timeout=35)
38:                    ^^^^^^^^^^^^^^^^^^^^^^^^^^^^^^^^^^^^^^^^^^^^^^^^
38:   File "/usr/lib/python3.14/subprocess.py", line 578, in run
38:     raise CalledProcessError(retcode, process.args,
38:                              output=stdout, stderr=stderr)
38: subprocess.CalledProcessError: Command '['/usr/bin/python3', '/home/voc/projects/snodec/publications/book/companion/exercises/ch18/observers.py', '/home/voc/projects/snodec/publications/book/build/proposal-readiness-phase-5k-examples/companion/examples/SSE-Server/sse-server']' returned non-zero exit status 1.
38/58 Test #38: exercise-ch19-part-checkpoint ......***Failed    0.12 sec
Traceback (most recent call last):
  File "/home/voc/projects/snodec/publications/book/companion/exercises/ch18/observers.py", line 8, in <module>
    port = free_port()
  File "/home/voc/projects/snodec/publications/book/companion/exercises/lab_support.py", line 15, in free_port
    with socket.socket() as sock:
         ~~~~~~~~~~~~~^^
  File "/usr/lib/python3.14/socket.py", line 236, in __init__
    _socket.socket.__init__(self, family, type, proto, fileno)
    ~~~~~~~~~~~~~~~~~~~~~~~^^^^^^^^^^^^^^^^^^^^^^^^^^^^^^^^^^^
PermissionError: [Errno 1] Operation not permitted
Traceback (most recent call last):
  File "/home/voc/projects/snodec/publications/book/companion/exercises/ch19/solution.py", line 49, in <module>
    run(*sys.argv[1:])
    ~~~^^^^^^^^^^^^^^^
  File "/home/voc/projects/snodec/publications/book/companion/exercises/ch19/solution.py", line 15, in run
    subprocess.run([sys.executable, str(Path(__file__).resolve().parents[1] / 'ch18/observers.py'), other],
    ~~~~~~~~~~~~~~^^^^^^^^^^^^^^^^^^^^^^^^^^^^^^^^^^^^^^^^^^^^^^^^^^^^^^^^^^^^^^^^^^^^^^^^^^^^^^^^^^^^^^^^^
                   env=environment(config), check=True, timeout=35)
                   ^^^^^^^^^^^^^^^^^^^^^^^^^^^^^^^^^^^^^^^^^^^^^^^^
  File "/usr/lib/python3.14/subprocess.py", line 578, in run
    raise CalledProcessError(retcode, process.args,
                             output=stdout, stderr=stderr)
subprocess.CalledProcessError: Command '['/usr/bin/python3', '/home/voc/projects/snodec/publications/book/companion/exercises/ch18/observers.py', '/home/voc/projects/snodec/publications/book/build/proposal-readiness-phase-5k-examples/companion/examples/SSE-Server/sse-server']' returned non-zero exit status 1.

test 39
      Start 39: exercise-ch20-wire

39: Test command: /usr/bin/python3 "/home/voc/projects/snodec/publications/book/companion/exercises/ch20/mqtt.py" "wire" "/home/voc/projects/snodec/publications/book/build/proposal-readiness-phase-5k-examples/companion/exercises/ch20/mqtt-role-lab" "/home/voc/projects/snodec/publications/book/build/proposal-readiness-phase-5k-examples/companion/exercises/ch20/mqtt-broker-lab"
39: Working Directory: /home/voc/projects/snodec/publications/book/build/proposal-readiness-phase-5k-examples/companion/exercises/ch20
39: Test timeout computed to be: 40
39: Traceback (most recent call last):
39:   File "/home/voc/projects/snodec/publications/book/companion/exercises/ch20/mqtt.py", line 106, in <module>
39:     wire(client)
39:     ~~~~^^^^^^^^
39:   File "/home/voc/projects/snodec/publications/book/companion/exercises/ch20/mqtt.py", line 66, in wire
39:     with socket.socket() as listener:
39:          ~~~~~~~~~~~~~^^
39:   File "/usr/lib/python3.14/socket.py", line 236, in __init__
39:     _socket.socket.__init__(self, family, type, proto, fileno)
39:     ~~~~~~~~~~~~~~~~~~~~~~~^^^^^^^^^^^^^^^^^^^^^^^^^^^^^^^^^^^
39: PermissionError: [Errno 1] Operation not permitted
39/58 Test #39: exercise-ch20-wire .................***Failed    0.06 sec
Traceback (most recent call last):
  File "/home/voc/projects/snodec/publications/book/companion/exercises/ch20/mqtt.py", line 106, in <module>
    wire(client)
    ~~~~^^^^^^^^
  File "/home/voc/projects/snodec/publications/book/companion/exercises/ch20/mqtt.py", line 66, in wire
    with socket.socket() as listener:
         ~~~~~~~~~~~~~^^
  File "/usr/lib/python3.14/socket.py", line 236, in __init__
    _socket.socket.__init__(self, family, type, proto, fileno)
    ~~~~~~~~~~~~~~~~~~~~~~~^^^^^^^^^^^^^^^^^^^^^^^^^^^^^^^^^^^
PermissionError: [Errno 1] Operation not permitted

test 40
      Start 40: exercise-ch20-delivery

40: Test command: /usr/bin/python3 "/home/voc/projects/snodec/publications/book/companion/exercises/ch20/mqtt.py" "delivery" "/home/voc/projects/snodec/publications/book/build/proposal-readiness-phase-5k-examples/companion/exercises/ch20/mqtt-role-lab" "/home/voc/projects/snodec/publications/book/build/proposal-readiness-phase-5k-examples/companion/exercises/ch20/mqtt-broker-lab"
40: Working Directory: /home/voc/projects/snodec/publications/book/build/proposal-readiness-phase-5k-examples/companion/exercises/ch20
40: Test timeout computed to be: 40
40: Traceback (most recent call last):
40:   File "/home/voc/projects/snodec/publications/book/companion/exercises/ch20/mqtt.py", line 108, in <module>
40:     delivery(client, broker)
40:     ~~~~~~~~^^^^^^^^^^^^^^^^
40:   File "/home/voc/projects/snodec/publications/book/companion/exercises/ch20/mqtt.py", line 88, in delivery
40:     port = free_port()
40:   File "/home/voc/projects/snodec/publications/book/companion/exercises/lab_support.py", line 15, in free_port
40:     with socket.socket() as sock:
40:          ~~~~~~~~~~~~~^^
40:   File "/usr/lib/python3.14/socket.py", line 236, in __init__
40:     _socket.socket.__init__(self, family, type, proto, fileno)
40:     ~~~~~~~~~~~~~~~~~~~~~~~^^^^^^^^^^^^^^^^^^^^^^^^^^^^^^^^^^^
40: PermissionError: [Errno 1] Operation not permitted
40/58 Test #40: exercise-ch20-delivery .............***Failed    0.05 sec
Traceback (most recent call last):
  File "/home/voc/projects/snodec/publications/book/companion/exercises/ch20/mqtt.py", line 108, in <module>
    delivery(client, broker)
    ~~~~~~~~^^^^^^^^^^^^^^^^
  File "/home/voc/projects/snodec/publications/book/companion/exercises/ch20/mqtt.py", line 88, in delivery
    port = free_port()
  File "/home/voc/projects/snodec/publications/book/companion/exercises/lab_support.py", line 15, in free_port
    with socket.socket() as sock:
         ~~~~~~~~~~~~~^^
  File "/usr/lib/python3.14/socket.py", line 236, in __init__
    _socket.socket.__init__(self, family, type, proto, fileno)
    ~~~~~~~~~~~~~~~~~~~~~~~^^^^^^^^^^^^^^^^^^^^^^^^^^^^^^^^^^^
PermissionError: [Errno 1] Operation not permitted

test 41
      Start 41: exercise-ch21-binary

41: Test command: /usr/bin/python3 "/home/voc/projects/snodec/publications/book/companion/exercises/ch21/adapter.py" "binary" "/home/voc/projects/snodec/publications/book/build/proposal-readiness-phase-5k-examples/companion/exercises/ch21/mqtt-ws-lab"
41: Working Directory: /home/voc/projects/snodec/publications/book/build/proposal-readiness-phase-5k-examples/companion/exercises/ch21
41: Test timeout computed to be: 40
41: Traceback (most recent call last):
41:   File "/home/voc/projects/snodec/publications/book/companion/exercises/ch21/adapter.py", line 88, in <module>
41:     run(*sys.argv[1:])
41:     ~~~^^^^^^^^^^^^^^^
41:   File "/home/voc/projects/snodec/publications/book/companion/exercises/ch21/adapter.py", line 51, in run
41:     with socket.socket() as listener:
41:          ~~~~~~~~~~~~~^^
41:   File "/usr/lib/python3.14/socket.py", line 236, in __init__
41:     _socket.socket.__init__(self, family, type, proto, fileno)
41:     ~~~~~~~~~~~~~~~~~~~~~~~^^^^^^^^^^^^^^^^^^^^^^^^^^^^^^^^^^^
41: PermissionError: [Errno 1] Operation not permitted
41/58 Test #41: exercise-ch21-binary ...............***Failed    0.06 sec
Traceback (most recent call last):
  File "/home/voc/projects/snodec/publications/book/companion/exercises/ch21/adapter.py", line 88, in <module>
    run(*sys.argv[1:])
    ~~~^^^^^^^^^^^^^^^
  File "/home/voc/projects/snodec/publications/book/companion/exercises/ch21/adapter.py", line 51, in run
    with socket.socket() as listener:
         ~~~~~~~~~~~~~^^
  File "/usr/lib/python3.14/socket.py", line 236, in __init__
    _socket.socket.__init__(self, family, type, proto, fileno)
    ~~~~~~~~~~~~~~~~~~~~~~~^^^^^^^^^^^^^^^^^^^^^^^^^^^^^^^^^^^
PermissionError: [Errno 1] Operation not permitted

test 42
      Start 42: exercise-ch21-text

42: Test command: /usr/bin/python3 "/home/voc/projects/snodec/publications/book/companion/exercises/ch21/adapter.py" "text" "/home/voc/projects/snodec/publications/book/build/proposal-readiness-phase-5k-examples/companion/exercises/ch21/mqtt-ws-lab"
42: Working Directory: /home/voc/projects/snodec/publications/book/build/proposal-readiness-phase-5k-examples/companion/exercises/ch21
42: Test timeout computed to be: 40
42: Traceback (most recent call last):
42:   File "/home/voc/projects/snodec/publications/book/companion/exercises/ch21/adapter.py", line 88, in <module>
42:     run(*sys.argv[1:])
42:     ~~~^^^^^^^^^^^^^^^
42:   File "/home/voc/projects/snodec/publications/book/companion/exercises/ch21/adapter.py", line 51, in run
42:     with socket.socket() as listener:
42:          ~~~~~~~~~~~~~^^
42:   File "/usr/lib/python3.14/socket.py", line 236, in __init__
42:     _socket.socket.__init__(self, family, type, proto, fileno)
42:     ~~~~~~~~~~~~~~~~~~~~~~~^^^^^^^^^^^^^^^^^^^^^^^^^^^^^^^^^^^
42: PermissionError: [Errno 1] Operation not permitted
42/58 Test #42: exercise-ch21-text .................***Failed    0.06 sec
Traceback (most recent call last):
  File "/home/voc/projects/snodec/publications/book/companion/exercises/ch21/adapter.py", line 88, in <module>
    run(*sys.argv[1:])
    ~~~^^^^^^^^^^^^^^^
  File "/home/voc/projects/snodec/publications/book/companion/exercises/ch21/adapter.py", line 51, in run
    with socket.socket() as listener:
         ~~~~~~~~~~~~~^^
  File "/usr/lib/python3.14/socket.py", line 236, in __init__
    _socket.socket.__init__(self, family, type, proto, fileno)
    ~~~~~~~~~~~~~~~~~~~~~~~^^^^^^^^^^^^^^^^^^^^^^^^^^^^^^^^^^^
PermissionError: [Errno 1] Operation not permitted

test 43
      Start 43: exercise-ch22-unavailable-output

43: Test command: /usr/bin/python3 "/home/voc/projects/snodec/publications/book/companion/exercises/ch22/../ch28/solution.py" "/home/voc/projects/snodec/publications/book/build/proposal-readiness-phase-5k-examples/companion/examples/MiniGateway/minigateway"
43: Working Directory: /home/voc/projects/snodec/publications/book/build/proposal-readiness-phase-5k-examples/companion/exercises/ch22
43: Test timeout computed to be: 60
43: Traceback (most recent call last):
43:   File "/home/voc/projects/snodec/publications/book/companion/exercises/ch22/../ch28/solution.py", line 9, in <module>
43:     with socket.socket() as unavailable:
43:          ~~~~~~~~~~~~~^^
43:   File "/usr/lib/python3.14/socket.py", line 236, in __init__
43:     _socket.socket.__init__(self, family, type, proto, fileno)
43:     ~~~~~~~~~~~~~~~~~~~~~~~^^^^^^^^^^^^^^^^^^^^^^^^^^^^^^^^^^^
43: PermissionError: [Errno 1] Operation not permitted
43/58 Test #43: exercise-ch22-unavailable-output ...***Failed    0.05 sec
Traceback (most recent call last):
  File "/home/voc/projects/snodec/publications/book/companion/exercises/ch22/../ch28/solution.py", line 9, in <module>
    with socket.socket() as unavailable:
         ~~~~~~~~~~~~~^^
  File "/usr/lib/python3.14/socket.py", line 236, in __init__
    _socket.socket.__init__(self, family, type, proto, fileno)
    ~~~~~~~~~~~~~~~~~~~~~~~^^^^^^^^^^^^^^^^^^^^^^^^^^^^^^^^^^^
PermissionError: [Errno 1] Operation not permitted

test 44
      Start 44: exercise-ch22-part-checkpoint

44: Test command: /usr/bin/python3 "/home/voc/projects/snodec/publications/book/companion/exercises/ch22/../ch20/mqtt.py" "checkpoint" "/home/voc/projects/snodec/publications/book/build/proposal-readiness-phase-5k-examples/companion/exercises/ch20/mqtt-role-lab" "/home/voc/projects/snodec/publications/book/build/proposal-readiness-phase-5k-examples/companion/exercises/ch20/mqtt-broker-lab" "/home/voc/projects/snodec/publications/book/build/proposal-readiness-phase-5k-examples/companion/examples/MiniGateway/minigateway"
44: Working Directory: /home/voc/projects/snodec/publications/book/build/proposal-readiness-phase-5k-examples/companion/exercises/ch22
44: Test timeout computed to be: 60
44: Traceback (most recent call last):
44:   File "/home/voc/projects/snodec/publications/book/companion/exercises/ch22/../ch20/mqtt.py", line 108, in <module>
44:     delivery(client, broker)
44:     ~~~~~~~~^^^^^^^^^^^^^^^^
44:   File "/home/voc/projects/snodec/publications/book/companion/exercises/ch22/../ch20/mqtt.py", line 88, in delivery
44:     port = free_port()
44:   File "/home/voc/projects/snodec/publications/book/companion/exercises/lab_support.py", line 15, in free_port
44:     with socket.socket() as sock:
44:          ~~~~~~~~~~~~~^^
44:   File "/usr/lib/python3.14/socket.py", line 236, in __init__
44:     _socket.socket.__init__(self, family, type, proto, fileno)
44:     ~~~~~~~~~~~~~~~~~~~~~~~^^^^^^^^^^^^^^^^^^^^^^^^^^^^^^^^^^^
44: PermissionError: [Errno 1] Operation not permitted
44/58 Test #44: exercise-ch22-part-checkpoint ......***Failed    0.05 sec
Traceback (most recent call last):
  File "/home/voc/projects/snodec/publications/book/companion/exercises/ch22/../ch20/mqtt.py", line 108, in <module>
    delivery(client, broker)
    ~~~~~~~~^^^^^^^^^^^^^^^^
  File "/home/voc/projects/snodec/publications/book/companion/exercises/ch22/../ch20/mqtt.py", line 88, in delivery
    port = free_port()
  File "/home/voc/projects/snodec/publications/book/companion/exercises/lab_support.py", line 15, in free_port
    with socket.socket() as sock:
         ~~~~~~~~~~~~~^^
  File "/usr/lib/python3.14/socket.py", line 236, in __init__
    _socket.socket.__init__(self, family, type, proto, fileno)
    ~~~~~~~~~~~~~~~~~~~~~~~^^^^^^^^^^^^^^^^^^^^^^^^^^^^^^^^^^^
PermissionError: [Errno 1] Operation not permitted

test 45
      Start 45: exercise-ch23-durable

45: Test command: /usr/bin/python3 "/home/voc/projects/snodec/publications/book/companion/exercises/ch23/database.py" "durable" "/home/voc/projects/snodec/publications/book/build/proposal-readiness-phase-5k-examples/companion/exercises/ch23/persistence-lab"
45: Working Directory: /home/voc/projects/snodec/publications/book/build/proposal-readiness-phase-5k-examples/companion/exercises/ch23
45: Test timeout computed to be: 90
45: Traceback (most recent call last):
45:   File "/home/voc/projects/snodec/publications/book/companion/exercises/ch23/database.py", line 110, in <module>
45:     observe(mode, client)
45:     ~~~~~~~^^^^^^^^^^^^^^
45:   File "/home/voc/projects/snodec/publications/book/companion/exercises/ch23/database.py", line 93, in observe
45:     with database() as (socket, query):
45:          ~~~~~~~~^^
45:   File "/usr/lib/python3.14/contextlib.py", line 141, in __enter__
45:     return next(self.gen)
45:   File "/home/voc/projects/snodec/publications/book/companion/exercises/ch23/database.py", line 34, in database
45:     assert setup.returncode == 0, setup.stdout + setup.stderr
45:            ^^^^^^^^^^^^^^^^^^^^^
45: AssertionError: Installing MariaDB/MySQL system tables in '/home/voc/projects/snodec/publications/book/build/t/book-db-_2h_75n4/data' ...
45: 
45: Installation of system tables failed!  Examine the logs in
45: /home/voc/projects/snodec/publications/book/build/t/book-db-_2h_75n4/data for more information.
45: 
45: The problem could be conflicting information in an external
45: my.cnf files. You can ignore these by doing:
45: 
45:     shell> /usr/bin/mariadb-install-db --defaults-file=~/.my.cnf
45: 
45: You can also try to start the mariadbd daemon with:
45: 
45:     shell> /usr/sbin/mariadbd --skip-grant-tables --general-log &
45: 
45: and use the command line tool /usr/bin/mariadb
45: to connect to the mysql database and look at the grant tables:
45: 
45:     shell> /usr/bin/mariadb -u root mysql
45:     MariaDB> show tables;
45: 
45: Try '/usr/sbin/mariadbd --help' if you have problems with paths.  Using
45: --general-log gives you a log in /home/voc/projects/snodec/publications/book/build/t/book-db-_2h_75n4/data that may be helpful.
45: 
45: The latest information about mariadb-install-db is available at
45: https://mariadb.com/kb/en/installing-system-tables-mysql_install_db
45: You can find the latest source at https://downloads.mariadb.org and
45: the MariaDB discuss email list at https://lists.mariadb.org/postorius/lists/discuss.lists.mariadb.org/
45: 
45: Please check all of the above before submitting a bug report
45: at https://mariadb.org/jira
45: 
45: 2026-09-22 23:31:52 0 [Warning] failed to retrieve the MAC address
45: 2026-09-22 23:31:52 0 [Warning] Can't create test file '/home/voc/projects/snodec/publications/book/build/t/book-db-_2h_75n4/data/jupiter.lower-test' (Errcode: 13 "Permission denied")
45: 2026-09-22 23:31:52 0 [Warning] WSREP: Failed to guess base node address. Set it explicitly via wsrep_node_address.
45: 2026-09-22 23:31:52 0 [Warning] WSREP: Failed to guess base node address. Set it explicitly via wsrep_node_address.
45: 2026-09-22 23:31:52 0 [Warning] WSREP: Guessing address for incoming client connections failed. Try setting wsrep_node_incoming_address explicitly.
45: 2026-09-22 23:31:52 0 [ERROR] mariadbd: Can't create/write to file './ddl_recovery.log' (Errcode: 13 "Permission denied")
45: 2026-09-22 23:31:52 0 [ERROR] DDL_LOG: Failed to create ddl log file: ./ddl_recovery.log
45: 2026-09-22 23:31:52 0 [ERROR] Aborting
45: 
45/58 Test #45: exercise-ch23-durable ..............***Failed    0.12 sec
Traceback (most recent call last):
  File "/home/voc/projects/snodec/publications/book/companion/exercises/ch23/database.py", line 110, in <module>
    observe(mode, client)
    ~~~~~~~^^^^^^^^^^^^^^
  File "/home/voc/projects/snodec/publications/book/companion/exercises/ch23/database.py", line 93, in observe
    with database() as (socket, query):
         ~~~~~~~~^^
  File "/usr/lib/python3.14/contextlib.py", line 141, in __enter__
    return next(self.gen)
  File "/home/voc/projects/snodec/publications/book/companion/exercises/ch23/database.py", line 34, in database
    assert setup.returncode == 0, setup.stdout + setup.stderr
           ^^^^^^^^^^^^^^^^^^^^^
AssertionError: Installing MariaDB/MySQL system tables in '/home/voc/projects/snodec/publications/book/build/t/book-db-_2h_75n4/data' ...

Installation of system tables failed!  Examine the logs in
/home/voc/projects/snodec/publications/book/build/t/book-db-_2h_75n4/data for more information.

The problem could be conflicting information in an external
my.cnf files. You can ignore these by doing:

    shell> /usr/bin/mariadb-install-db --defaults-file=~/.my.cnf

You can also try to start the mariadbd daemon with:

    shell> /usr/sbin/mariadbd --skip-grant-tables --general-log &

and use the command line tool /usr/bin/mariadb
to connect to the mysql database and look at the grant tables:

    shell> /usr/bin/mariadb -u root mysql
    MariaDB> show tables;

Try '/usr/sbin/mariadbd --help' if you have problems with paths.  Using
--general-log gives you a log in /home/voc/projects/snodec/publications/book/build/t/book-db-_2h_75n4/data that may be helpful.

The latest information about mariadb-install-db is available at
https://mariadb.com/kb/en/installing-system-tables-mysql_install_db
You can find the latest source at https://downloads.mariadb.org and
the MariaDB discuss email list at https://lists.mariadb.org/postorius/lists/discuss.lists.mariadb.org/

Please check all of the above before submitting a bug report
at https://mariadb.org/jira

2026-09-22 23:31:52 0 [Warning] failed to retrieve the MAC address
2026-09-22 23:31:52 0 [Warning] Can't create test file '/home/voc/projects/snodec/publications/book/build/t/book-db-_2h_75n4/data/jupiter.lower-test' (Errcode: 13 "Permission denied")
2026-09-22 23:31:52 0 [Warning] WSREP: Failed to guess base node address. Set it explicitly via wsrep_node_address.
2026-09-22 23:31:52 0 [Warning] WSREP: Failed to guess base node address. Set it explicitly via wsrep_node_address.
2026-09-22 23:31:52 0 [Warning] WSREP: Guessing address for incoming client connections failed. Try setting wsrep_node_incoming_address explicitly.
2026-09-22 23:31:52 0 [ERROR] mariadbd: Can't create/write to file './ddl_recovery.log' (Errcode: 13 "Permission denied")
2026-09-22 23:31:52 0 [ERROR] DDL_LOG: Failed to create ddl log file: ./ddl_recovery.log
2026-09-22 23:31:52 0 [ERROR] Aborting


test 46
      Start 46: exercise-ch23-error

46: Test command: /usr/bin/python3 "/home/voc/projects/snodec/publications/book/companion/exercises/ch23/database.py" "error" "/home/voc/projects/snodec/publications/book/build/proposal-readiness-phase-5k-examples/companion/exercises/ch23/persistence-lab"
46: Working Directory: /home/voc/projects/snodec/publications/book/build/proposal-readiness-phase-5k-examples/companion/exercises/ch23
46: Test timeout computed to be: 90
46: Traceback (most recent call last):
46:   File "/home/voc/projects/snodec/publications/book/companion/exercises/ch23/database.py", line 110, in <module>
46:     observe(mode, client)
46:     ~~~~~~~^^^^^^^^^^^^^^
46:   File "/home/voc/projects/snodec/publications/book/companion/exercises/ch23/database.py", line 93, in observe
46:     with database() as (socket, query):
46:          ~~~~~~~~^^
46:   File "/usr/lib/python3.14/contextlib.py", line 141, in __enter__
46:     return next(self.gen)
46:   File "/home/voc/projects/snodec/publications/book/companion/exercises/ch23/database.py", line 34, in database
46:     assert setup.returncode == 0, setup.stdout + setup.stderr
46:            ^^^^^^^^^^^^^^^^^^^^^
46: AssertionError: Installing MariaDB/MySQL system tables in '/home/voc/projects/snodec/publications/book/build/t/book-db-_s5cmc9p/data' ...
46: 
46: Installation of system tables failed!  Examine the logs in
46: /home/voc/projects/snodec/publications/book/build/t/book-db-_s5cmc9p/data for more information.
46: 
46: The problem could be conflicting information in an external
46: my.cnf files. You can ignore these by doing:
46: 
46:     shell> /usr/bin/mariadb-install-db --defaults-file=~/.my.cnf
46: 
46: You can also try to start the mariadbd daemon with:
46: 
46:     shell> /usr/sbin/mariadbd --skip-grant-tables --general-log &
46: 
46: and use the command line tool /usr/bin/mariadb
46: to connect to the mysql database and look at the grant tables:
46: 
46:     shell> /usr/bin/mariadb -u root mysql
46:     MariaDB> show tables;
46: 
46: Try '/usr/sbin/mariadbd --help' if you have problems with paths.  Using
46: --general-log gives you a log in /home/voc/projects/snodec/publications/book/build/t/book-db-_s5cmc9p/data that may be helpful.
46: 
46: The latest information about mariadb-install-db is available at
46: https://mariadb.com/kb/en/installing-system-tables-mysql_install_db
46: You can find the latest source at https://downloads.mariadb.org and
46: the MariaDB discuss email list at https://lists.mariadb.org/postorius/lists/discuss.lists.mariadb.org/
46: 
46: Please check all of the above before submitting a bug report
46: at https://mariadb.org/jira
46: 
46: 2026-09-22 23:31:52 0 [Warning] failed to retrieve the MAC address
46: 2026-09-22 23:31:52 0 [Warning] Can't create test file '/home/voc/projects/snodec/publications/book/build/t/book-db-_s5cmc9p/data/jupiter.lower-test' (Errcode: 13 "Permission denied")
46: 2026-09-22 23:31:52 0 [Warning] WSREP: Failed to guess base node address. Set it explicitly via wsrep_node_address.
46: 2026-09-22 23:31:52 0 [Warning] WSREP: Failed to guess base node address. Set it explicitly via wsrep_node_address.
46: 2026-09-22 23:31:52 0 [Warning] WSREP: Guessing address for incoming client connections failed. Try setting wsrep_node_incoming_address explicitly.
46: 2026-09-22 23:31:52 0 [ERROR] mariadbd: Can't create/write to file './ddl_recovery.log' (Errcode: 13 "Permission denied")
46: 2026-09-22 23:31:52 0 [ERROR] DDL_LOG: Failed to create ddl log file: ./ddl_recovery.log
46: 2026-09-22 23:31:52 0 [ERROR] Aborting
46: 
46/58 Test #46: exercise-ch23-error ................***Failed    0.13 sec
Traceback (most recent call last):
  File "/home/voc/projects/snodec/publications/book/companion/exercises/ch23/database.py", line 110, in <module>
    observe(mode, client)
    ~~~~~~~^^^^^^^^^^^^^^
  File "/home/voc/projects/snodec/publications/book/companion/exercises/ch23/database.py", line 93, in observe
    with database() as (socket, query):
         ~~~~~~~~^^
  File "/usr/lib/python3.14/contextlib.py", line 141, in __enter__
    return next(self.gen)
  File "/home/voc/projects/snodec/publications/book/companion/exercises/ch23/database.py", line 34, in database
    assert setup.returncode == 0, setup.stdout + setup.stderr
           ^^^^^^^^^^^^^^^^^^^^^
AssertionError: Installing MariaDB/MySQL system tables in '/home/voc/projects/snodec/publications/book/build/t/book-db-_s5cmc9p/data' ...

Installation of system tables failed!  Examine the logs in
/home/voc/projects/snodec/publications/book/build/t/book-db-_s5cmc9p/data for more information.

The problem could be conflicting information in an external
my.cnf files. You can ignore these by doing:

    shell> /usr/bin/mariadb-install-db --defaults-file=~/.my.cnf

You can also try to start the mariadbd daemon with:

    shell> /usr/sbin/mariadbd --skip-grant-tables --general-log &

and use the command line tool /usr/bin/mariadb
to connect to the mysql database and look at the grant tables:

    shell> /usr/bin/mariadb -u root mysql
    MariaDB> show tables;

Try '/usr/sbin/mariadbd --help' if you have problems with paths.  Using
--general-log gives you a log in /home/voc/projects/snodec/publications/book/build/t/book-db-_s5cmc9p/data that may be helpful.

The latest information about mariadb-install-db is available at
https://mariadb.com/kb/en/installing-system-tables-mysql_install_db
You can find the latest source at https://downloads.mariadb.org and
the MariaDB discuss email list at https://lists.mariadb.org/postorius/lists/discuss.lists.mariadb.org/

Please check all of the above before submitting a bug report
at https://mariadb.org/jira

2026-09-22 23:31:52 0 [Warning] failed to retrieve the MAC address
2026-09-22 23:31:52 0 [Warning] Can't create test file '/home/voc/projects/snodec/publications/book/build/t/book-db-_s5cmc9p/data/jupiter.lower-test' (Errcode: 13 "Permission denied")
2026-09-22 23:31:52 0 [Warning] WSREP: Failed to guess base node address. Set it explicitly via wsrep_node_address.
2026-09-22 23:31:52 0 [Warning] WSREP: Failed to guess base node address. Set it explicitly via wsrep_node_address.
2026-09-22 23:31:52 0 [Warning] WSREP: Guessing address for incoming client connections failed. Try setting wsrep_node_incoming_address explicitly.
2026-09-22 23:31:52 0 [ERROR] mariadbd: Can't create/write to file './ddl_recovery.log' (Errcode: 13 "Permission denied")
2026-09-22 23:31:52 0 [ERROR] DDL_LOG: Failed to create ddl log file: ./ddl_recovery.log
2026-09-22 23:31:52 0 [ERROR] Aborting


test 47
      Start 47: exercise-ch24-composition

47: Test command: /usr/bin/python3 "/home/voc/projects/snodec/publications/book/companion/exercises/ch24/../ch17/dispatch.py" "framing" "/home/voc/projects/snodec/publications/book/build/proposal-readiness-phase-5k-examples/companion/exercises/ch17/dispatch-lab"
47: Working Directory: /home/voc/projects/snodec/publications/book/build/proposal-readiness-phase-5k-examples/companion/exercises/ch24
47: Test timeout computed to be: 30
47: Traceback (most recent call last):
47:   File "/home/voc/projects/snodec/publications/book/companion/exercises/ch24/../ch17/dispatch.py", line 75, in <module>
47:     run(*sys.argv[1:])
47:     ~~~^^^^^^^^^^^^^^^
47:   File "/home/voc/projects/snodec/publications/book/companion/exercises/ch24/../ch17/dispatch.py", line 24, in run
47:     port = free_port()
47:   File "/home/voc/projects/snodec/publications/book/companion/exercises/lab_support.py", line 15, in free_port
47:     with socket.socket() as sock:
47:          ~~~~~~~~~~~~~^^
47:   File "/usr/lib/python3.14/socket.py", line 236, in __init__
47:     _socket.socket.__init__(self, family, type, proto, fileno)
47:     ~~~~~~~~~~~~~~~~~~~~~~~^^^^^^^^^^^^^^^^^^^^^^^^^^^^^^^^^^^
47: PermissionError: [Errno 1] Operation not permitted
47/58 Test #47: exercise-ch24-composition ..........***Failed    0.05 sec
Traceback (most recent call last):
  File "/home/voc/projects/snodec/publications/book/companion/exercises/ch24/../ch17/dispatch.py", line 75, in <module>
    run(*sys.argv[1:])
    ~~~^^^^^^^^^^^^^^^
  File "/home/voc/projects/snodec/publications/book/companion/exercises/ch24/../ch17/dispatch.py", line 24, in run
    port = free_port()
  File "/home/voc/projects/snodec/publications/book/companion/exercises/lab_support.py", line 15, in free_port
    with socket.socket() as sock:
         ~~~~~~~~~~~~~^^
  File "/usr/lib/python3.14/socket.py", line 236, in __init__
    _socket.socket.__init__(self, family, type, proto, fileno)
    ~~~~~~~~~~~~~~~~~~~~~~~^^^^^^^^^^^^^^^^^^^^^^^^^^^^^^^^^^^
PermissionError: [Errno 1] Operation not permitted

test 48
      Start 48: exercise-ch24-part-checkpoint

48: Test command: /usr/bin/python3 "/home/voc/projects/snodec/publications/book/companion/exercises/ch24/../ch23/database.py" "checkpoint" "/home/voc/projects/snodec/publications/book/build/proposal-readiness-phase-5k-examples/companion/exercises/ch23/persistence-lab" "/home/voc/projects/snodec/publications/book/build/proposal-readiness-phase-5k-examples/companion/examples/MiniGateway/minigateway"
48: Working Directory: /home/voc/projects/snodec/publications/book/build/proposal-readiness-phase-5k-examples/companion/exercises/ch24
48: Test timeout computed to be: 120
48: Traceback (most recent call last):
48:   File "/home/voc/projects/snodec/publications/book/companion/exercises/ch24/../ch23/database.py", line 110, in <module>
48:     observe(mode, client)
48:     ~~~~~~~^^^^^^^^^^^^^^
48:   File "/home/voc/projects/snodec/publications/book/companion/exercises/ch24/../ch23/database.py", line 93, in observe
48:     with database() as (socket, query):
48:          ~~~~~~~~^^
48:   File "/usr/lib/python3.14/contextlib.py", line 141, in __enter__
48:     return next(self.gen)
48:   File "/home/voc/projects/snodec/publications/book/companion/exercises/ch24/../ch23/database.py", line 34, in database
48:     assert setup.returncode == 0, setup.stdout + setup.stderr
48:            ^^^^^^^^^^^^^^^^^^^^^
48: AssertionError: Installing MariaDB/MySQL system tables in '/home/voc/projects/snodec/publications/book/build/t/book-db-_kcjzw3b/data' ...
48: 
48: Installation of system tables failed!  Examine the logs in
48: /home/voc/projects/snodec/publications/book/build/t/book-db-_kcjzw3b/data for more information.
48: 
48: The problem could be conflicting information in an external
48: my.cnf files. You can ignore these by doing:
48: 
48:     shell> /usr/bin/mariadb-install-db --defaults-file=~/.my.cnf
48: 
48: You can also try to start the mariadbd daemon with:
48: 
48:     shell> /usr/sbin/mariadbd --skip-grant-tables --general-log &
48: 
48: and use the command line tool /usr/bin/mariadb
48: to connect to the mysql database and look at the grant tables:
48: 
48:     shell> /usr/bin/mariadb -u root mysql
48:     MariaDB> show tables;
48: 
48: Try '/usr/sbin/mariadbd --help' if you have problems with paths.  Using
48: --general-log gives you a log in /home/voc/projects/snodec/publications/book/build/t/book-db-_kcjzw3b/data that may be helpful.
48: 
48: The latest information about mariadb-install-db is available at
48: https://mariadb.com/kb/en/installing-system-tables-mysql_install_db
48: You can find the latest source at https://downloads.mariadb.org and
48: the MariaDB discuss email list at https://lists.mariadb.org/postorius/lists/discuss.lists.mariadb.org/
48: 
48: Please check all of the above before submitting a bug report
48: at https://mariadb.org/jira
48: 
48: 2026-09-22 23:31:52 0 [Warning] failed to retrieve the MAC address
48: 2026-09-22 23:31:52 0 [Warning] Can't create test file '/home/voc/projects/snodec/publications/book/build/t/book-db-_kcjzw3b/data/jupiter.lower-test' (Errcode: 13 "Permission denied")
48: 2026-09-22 23:31:52 0 [Warning] WSREP: Failed to guess base node address. Set it explicitly via wsrep_node_address.
48: 2026-09-22 23:31:52 0 [Warning] WSREP: Failed to guess base node address. Set it explicitly via wsrep_node_address.
48: 2026-09-22 23:31:52 0 [Warning] WSREP: Guessing address for incoming client connections failed. Try setting wsrep_node_incoming_address explicitly.
48: 2026-09-22 23:31:52 0 [ERROR] mariadbd: Can't create/write to file './ddl_recovery.log' (Errcode: 13 "Permission denied")
48: 2026-09-22 23:31:52 0 [ERROR] DDL_LOG: Failed to create ddl log file: ./ddl_recovery.log
48: 2026-09-22 23:31:52 0 [ERROR] Aborting
48: 
48/58 Test #48: exercise-ch24-part-checkpoint ......***Failed    0.13 sec
Traceback (most recent call last):
  File "/home/voc/projects/snodec/publications/book/companion/exercises/ch24/../ch23/database.py", line 110, in <module>
    observe(mode, client)
    ~~~~~~~^^^^^^^^^^^^^^
  File "/home/voc/projects/snodec/publications/book/companion/exercises/ch24/../ch23/database.py", line 93, in observe
    with database() as (socket, query):
         ~~~~~~~~^^
  File "/usr/lib/python3.14/contextlib.py", line 141, in __enter__
    return next(self.gen)
  File "/home/voc/projects/snodec/publications/book/companion/exercises/ch24/../ch23/database.py", line 34, in database
    assert setup.returncode == 0, setup.stdout + setup.stderr
           ^^^^^^^^^^^^^^^^^^^^^
AssertionError: Installing MariaDB/MySQL system tables in '/home/voc/projects/snodec/publications/book/build/t/book-db-_kcjzw3b/data' ...

Installation of system tables failed!  Examine the logs in
/home/voc/projects/snodec/publications/book/build/t/book-db-_kcjzw3b/data for more information.

The problem could be conflicting information in an external
my.cnf files. You can ignore these by doing:

    shell> /usr/bin/mariadb-install-db --defaults-file=~/.my.cnf

You can also try to start the mariadbd daemon with:

    shell> /usr/sbin/mariadbd --skip-grant-tables --general-log &

and use the command line tool /usr/bin/mariadb
to connect to the mysql database and look at the grant tables:

    shell> /usr/bin/mariadb -u root mysql
    MariaDB> show tables;

Try '/usr/sbin/mariadbd --help' if you have problems with paths.  Using
--general-log gives you a log in /home/voc/projects/snodec/publications/book/build/t/book-db-_kcjzw3b/data that may be helpful.

The latest information about mariadb-install-db is available at
https://mariadb.com/kb/en/installing-system-tables-mysql_install_db
You can find the latest source at https://downloads.mariadb.org and
the MariaDB discuss email list at https://lists.mariadb.org/postorius/lists/discuss.lists.mariadb.org/

Please check all of the above before submitting a bug report
at https://mariadb.org/jira

2026-09-22 23:31:52 0 [Warning] failed to retrieve the MAC address
2026-09-22 23:31:52 0 [Warning] Can't create test file '/home/voc/projects/snodec/publications/book/build/t/book-db-_kcjzw3b/data/jupiter.lower-test' (Errcode: 13 "Permission denied")
2026-09-22 23:31:52 0 [Warning] WSREP: Failed to guess base node address. Set it explicitly via wsrep_node_address.
2026-09-22 23:31:52 0 [Warning] WSREP: Failed to guess base node address. Set it explicitly via wsrep_node_address.
2026-09-22 23:31:52 0 [Warning] WSREP: Guessing address for incoming client connections failed. Try setting wsrep_node_incoming_address explicitly.
2026-09-22 23:31:52 0 [ERROR] mariadbd: Can't create/write to file './ddl_recovery.log' (Errcode: 13 "Permission denied")
2026-09-22 23:31:52 0 [ERROR] DDL_LOG: Failed to create ddl log file: ./ddl_recovery.log
2026-09-22 23:31:52 0 [ERROR] Aborting


test 49
      Start 49: exercise-ch25-consumer

49: Test command: /usr/bin/python3 "/home/voc/projects/snodec/publications/book/companion/exercises/ch25/../ch02/solution.py" "consumer"
49: Working Directory: /home/voc/projects/snodec/publications/book/build/proposal-readiness-phase-5k-examples/companion/exercises/ch25
49: Test timeout computed to be: 180
49: -- The CXX compiler identification is GNU 16.2.0
49: -- Detecting CXX compiler ABI info
49: -- Detecting CXX compiler ABI info - done
49: -- Check for working CXX compiler: /usr/bin/c++ - skipped
49: -- Detecting CXX compile features
49: -- Detecting CXX compile features - done
49: net-in-stream-legacy: loading dependencies 'net-in-stream, core-socket-stream-legacy'
49:   net-in-stream: loading dependencies 'net-in-phy-stream'
49:     net-in-phy-stream: loading dependencies 'net-in-phy'
49:       net-in-phy: loading dependencies 'net-in'
49:         net-in: loading dependencies 'net'
49:           net: loading dependencies 'core-socket'
49:             core-socket: loading dependencies 'core'
49:               core: loading dependencies 'mux-epoll, utils'
49:                 mux-epoll: loaded
49:                 utils: loading dependencies 'logger'
49:                   logger: loaded
49:                 utils: loaded
49:               core: loaded
49:             core-socket: loaded
49:           net: loaded
49:         net-in: loaded
49:       net-in-phy: loaded
49:     net-in-phy-stream: loaded
49:   net-in-stream: loaded
49:   core-socket-stream-legacy: loading dependencies 'core-socket-stream'
49:     core-socket-stream: loading dependencies 'core-socket'
49:       core-socket: already loaded
49:     core-socket-stream: loaded
49:   core-socket-stream-legacy: loaded
49: net-in-stream-legacy: loaded
49: -- Configuring done (0.3s)
49: -- Generating done (0.0s)
49: -- Build files have been written to: /home/voc/projects/snodec/publications/book/build/t/snodec-environment-lab-r2_a92z1/build
49: [ 16%] Building CXX object CMakeFiles/echosocketcontext.dir/EchoSocketContext.cpp.o
49: [ 33%] Linking CXX static library libechosocketcontext.a
49: [ 33%] Built target echosocketcontext
49: [ 50%] Building CXX object CMakeFiles/echoserver.dir/echoserver.cpp.o
49: [ 66%] Building CXX object CMakeFiles/echoclient.dir/echoclient.cpp.o
49: [ 83%] Linking CXX executable echoserver
49: [100%] Linking CXX executable echoclient
49: [100%] Built target echoserver
49: [100%] Built target echoclient
49: PASS: snodec_DIR selects the requested installation: /home/voc/projects/snodec/publications/book/build/ci-fix-2026-09-22/install-gcc/lib/cmake/snodec
49: Traceback (most recent call last):
49:   File "/home/voc/projects/snodec/publications/book/companion/exercises/ch25/../ch02/solution.py", line 41, in <module>
49:     port = free_port()
49:   File "/home/voc/projects/snodec/publications/book/companion/exercises/lab_support.py", line 15, in free_port
49:     with socket.socket() as sock:
49:          ~~~~~~~~~~~~~^^
49:   File "/usr/lib/python3.14/socket.py", line 236, in __init__
49:     _socket.socket.__init__(self, family, type, proto, fileno)
49:     ~~~~~~~~~~~~~~~~~~~~~~~^^^^^^^^^^^^^^^^^^^^^^^^^^^^^^^^^^^
49: PermissionError: [Errno 1] Operation not permitted
49/58 Test #49: exercise-ch25-consumer .............***Failed    3.96 sec
-- The CXX compiler identification is GNU 16.2.0
-- Detecting CXX compiler ABI info
-- Detecting CXX compiler ABI info - done
-- Check for working CXX compiler: /usr/bin/c++ - skipped
-- Detecting CXX compile features
-- Detecting CXX compile features - done
net-in-stream-legacy: loading dependencies 'net-in-stream, core-socket-stream-legacy'
  net-in-stream: loading dependencies 'net-in-phy-stream'
    net-in-phy-stream: loading dependencies 'net-in-phy'
      net-in-phy: loading dependencies 'net-in'
        net-in: loading dependencies 'net'
          net: loading dependencies 'core-socket'
            core-socket: loading dependencies 'core'
              core: loading dependencies 'mux-epoll, utils'
                mux-epoll: loaded
                utils: loading dependencies 'logger'
                  logger: loaded
                utils: loaded
              core: loaded
            core-socket: loaded
          net: loaded
        net-in: loaded
      net-in-phy: loaded
    net-in-phy-stream: loaded
  net-in-stream: loaded
  core-socket-stream-legacy: loading dependencies 'core-socket-stream'
    core-socket-stream: loading dependencies 'core-socket'
      core-socket: already loaded
    core-socket-stream: loaded
  core-socket-stream-legacy: loaded
net-in-stream-legacy: loaded
-- Configuring done (0.3s)
-- Generating done (0.0s)
-- Build files have been written to: /home/voc/projects/snodec/publications/book/build/t/snodec-environment-lab-r2_a92z1/build
[ 16%] Building CXX object CMakeFiles/echosocketcontext.dir/EchoSocketContext.cpp.o
[ 33%] Linking CXX static library libechosocketcontext.a
[ 33%] Built target echosocketcontext
[ 50%] Building CXX object CMakeFiles/echoserver.dir/echoserver.cpp.o
[ 66%] Building CXX object CMakeFiles/echoclient.dir/echoclient.cpp.o
[ 83%] Linking CXX executable echoserver
[100%] Linking CXX executable echoclient
[100%] Built target echoserver
[100%] Built target echoclient
PASS: snodec_DIR selects the requested installation: /home/voc/projects/snodec/publications/book/build/ci-fix-2026-09-22/install-gcc/lib/cmake/snodec
Traceback (most recent call last):
  File "/home/voc/projects/snodec/publications/book/companion/exercises/ch25/../ch02/solution.py", line 41, in <module>
    port = free_port()
  File "/home/voc/projects/snodec/publications/book/companion/exercises/lab_support.py", line 15, in free_port
    with socket.socket() as sock:
         ~~~~~~~~~~~~~^^
  File "/usr/lib/python3.14/socket.py", line 236, in __init__
    _socket.socket.__init__(self, family, type, proto, fileno)
    ~~~~~~~~~~~~~~~~~~~~~~~^^^^^^^^^^^^^^^^^^^^^^^^^^^^^^^^^^^
PermissionError: [Errno 1] Operation not permitted

test 50
      Start 50: exercise-ch25-component

50: Test command: /usr/bin/python3 "/home/voc/projects/snodec/publications/book/companion/exercises/ch25/../ch02/solution.py" "component"
50: Working Directory: /home/voc/projects/snodec/publications/book/build/proposal-readiness-phase-5k-examples/companion/exercises/ch25
50: Test timeout computed to be: 180
50: net-in-stream-legacy: loading dependencies 'net-in-stream, core-socket-stream-legacy'
50:   net-in-stream: loading dependencies 'net-in-phy-stream'
50:     net-in-phy-stream: loading dependencies 'net-in-phy'
50:       net-in-phy: loading dependencies 'net-in'
50:         net-in: loading dependencies 'net'
50:           net: loading dependencies 'core-socket'
50:             core-socket: loading dependencies 'core'
50:               core: loading dependencies 'mux-epoll, utils'
50:                 mux-epoll: loaded
50:                 utils: loading dependencies 'logger'
50:                   logger: loaded
50:                 utils: loaded
50:               core: loaded
50:             core-socket: loaded
50:           net: loaded
50:         net-in: loaded
50:       net-in-phy: loaded
50:     net-in-phy-stream: loaded
50:   net-in-stream: loaded
50:   core-socket-stream-legacy: loading dependencies 'core-socket-stream'
50:     core-socket-stream: loading dependencies 'core-socket'
50:       core-socket: already loaded
50:     core-socket-stream: loaded
50:   core-socket-stream-legacy: loaded
50: net-in-stream-legacy: loaded
50: -- Configuring done (0.0s)
50: -- Generating done (0.0s)
50: -- Build files have been written to: /home/voc/projects/snodec/publications/book/build/t/snodec-environment-lab-3d7oe2tg/build
50: [ 16%] Building CXX object CMakeFiles/echosocketcontext.dir/EchoSocketContext.cpp.o
50: [ 33%] Linking CXX static library libechosocketcontext.a
50: [ 33%] Built target echosocketcontext
50: [ 50%] Building CXX object CMakeFiles/echoserver.dir/echoserver.cpp.o
50: [ 66%] Building CXX object CMakeFiles/echoclient.dir/echoclient.cpp.o
50: [ 83%] Linking CXX executable echoclient
50: [100%] Linking CXX executable echoserver
50: [100%] Built target echoclient
50: [100%] Built target echoserver
50: -- The CXX compiler identification is GNU 16.2.0
50: -- Detecting CXX compiler ABI info
50: -- Detecting CXX compiler ABI info - done
50: -- Check for working CXX compiler: /usr/bin/c++ - skipped
50: -- Detecting CXX compile features
50: -- Detecting CXX compile features - done
50: CMake Error at CMakeLists.txt:9 (find_package):
50:   Found package configuration file:
50: 
50:     /home/voc/projects/snodec/publications/book/build/ci-fix-2026-09-22/install-gcc/lib/cmake/snodec/snodecConfig.cmake
50: 
50:   but it set snodec_FOUND to FALSE so package "snodec" is considered to be
50:   NOT FOUND.  Reason given by package:
50: 
50:   Unsupported SNode.C component requested: net-in-stream-missing
50: 
50: 
50: 
50: -- Configuring incomplete, errors occurred!
50: 
50: PASS: missing component stops configuration before any runtime endpoint exists
50: PASS: snodec_DIR selects the requested installation: /home/voc/projects/snodec/publications/book/build/ci-fix-2026-09-22/install-gcc/lib/cmake/snodec
50: Traceback (most recent call last):
50:   File "/home/voc/projects/snodec/publications/book/companion/exercises/ch25/../ch02/solution.py", line 41, in <module>
50:     port = free_port()
50:   File "/home/voc/projects/snodec/publications/book/companion/exercises/lab_support.py", line 15, in free_port
50:     with socket.socket() as sock:
50:          ~~~~~~~~~~~~~^^
50:   File "/usr/lib/python3.14/socket.py", line 236, in __init__
50:     _socket.socket.__init__(self, family, type, proto, fileno)
50:     ~~~~~~~~~~~~~~~~~~~~~~~^^^^^^^^^^^^^^^^^^^^^^^^^^^^^^^^^^^
50: PermissionError: [Errno 1] Operation not permitted
50/58 Test #50: exercise-ch25-component ............***Failed    4.00 sec
net-in-stream-legacy: loading dependencies 'net-in-stream, core-socket-stream-legacy'
  net-in-stream: loading dependencies 'net-in-phy-stream'
    net-in-phy-stream: loading dependencies 'net-in-phy'
      net-in-phy: loading dependencies 'net-in'
        net-in: loading dependencies 'net'
          net: loading dependencies 'core-socket'
            core-socket: loading dependencies 'core'
              core: loading dependencies 'mux-epoll, utils'
                mux-epoll: loaded
                utils: loading dependencies 'logger'
                  logger: loaded
                utils: loaded
              core: loaded
            core-socket: loaded
          net: loaded
        net-in: loaded
      net-in-phy: loaded
    net-in-phy-stream: loaded
  net-in-stream: loaded
  core-socket-stream-legacy: loading dependencies 'core-socket-stream'
    core-socket-stream: loading dependencies 'core-socket'
      core-socket: already loaded
    core-socket-stream: loaded
  core-socket-stream-legacy: loaded
net-in-stream-legacy: loaded
-- Configuring done (0.0s)
-- Generating done (0.0s)
-- Build files have been written to: /home/voc/projects/snodec/publications/book/build/t/snodec-environment-lab-3d7oe2tg/build
[ 16%] Building CXX object CMakeFiles/echosocketcontext.dir/EchoSocketContext.cpp.o
[ 33%] Linking CXX static library libechosocketcontext.a
[ 33%] Built target echosocketcontext
[ 50%] Building CXX object CMakeFiles/echoserver.dir/echoserver.cpp.o
[ 66%] Building CXX object CMakeFiles/echoclient.dir/echoclient.cpp.o
[ 83%] Linking CXX executable echoclient
[100%] Linking CXX executable echoserver
[100%] Built target echoclient
[100%] Built target echoserver
-- The CXX compiler identification is GNU 16.2.0
-- Detecting CXX compiler ABI info
-- Detecting CXX compiler ABI info - done
-- Check for working CXX compiler: /usr/bin/c++ - skipped
-- Detecting CXX compile features
-- Detecting CXX compile features - done
CMake Error at CMakeLists.txt:9 (find_package):
  Found package configuration file:

    /home/voc/projects/snodec/publications/book/build/ci-fix-2026-09-22/install-gcc/lib/cmake/snodec/snodecConfig.cmake

  but it set snodec_FOUND to FALSE so package "snodec" is considered to be
  NOT FOUND.  Reason given by package:

  Unsupported SNode.C component requested: net-in-stream-missing



-- Configuring incomplete, errors occurred!

PASS: missing component stops configuration before any runtime endpoint exists
PASS: snodec_DIR selects the requested installation: /home/voc/projects/snodec/publications/book/build/ci-fix-2026-09-22/install-gcc/lib/cmake/snodec
Traceback (most recent call last):
  File "/home/voc/projects/snodec/publications/book/companion/exercises/ch25/../ch02/solution.py", line 41, in <module>
    port = free_port()
  File "/home/voc/projects/snodec/publications/book/companion/exercises/lab_support.py", line 15, in free_port
    with socket.socket() as sock:
         ~~~~~~~~~~~~~^^
  File "/usr/lib/python3.14/socket.py", line 236, in __init__
    _socket.socket.__init__(self, family, type, proto, fileno)
    ~~~~~~~~~~~~~~~~~~~~~~~^^^^^^^^^^^^^^^^^^^^^^^^^^^^^^^^^^^
PermissionError: [Errno 1] Operation not permitted

test 51
      Start 51: exercise-ch26-lifecycle

51: Test command: /usr/bin/python3 "/home/voc/projects/snodec/publications/book/companion/exercises/ch26/installed.py" "lifecycle"
51: Working Directory: /home/voc/projects/snodec/publications/book/build/proposal-readiness-phase-5k-examples/companion/exercises/ch26
51: Test timeout computed to be: 180
51: -- The CXX compiler identification is GNU 16.2.0
51: -- Detecting CXX compiler ABI info
51: -- Detecting CXX compiler ABI info - done
51: -- Check for working CXX compiler: /usr/bin/c++ - skipped
51: -- Detecting CXX compile features
51: -- Detecting CXX compile features - done
51: net-in-stream-legacy: loading dependencies 'net-in-stream, core-socket-stream-legacy'
51:   net-in-stream: loading dependencies 'net-in-phy-stream'
51:     net-in-phy-stream: loading dependencies 'net-in-phy'
51:       net-in-phy: loading dependencies 'net-in'
51:         net-in: loading dependencies 'net'
51:           net: loading dependencies 'core-socket'
51:             core-socket: loading dependencies 'core'
51:               core: loading dependencies 'mux-epoll, utils'
51:                 mux-epoll: loaded
51:                 utils: loading dependencies 'logger'
51:                   logger: loaded
51:                 utils: loaded
51:               core: loaded
51:             core-socket: loaded
51:           net: loaded
51:         net-in: loaded
51:       net-in-phy: loaded
51:     net-in-phy-stream: loaded
51:   net-in-stream: loaded
51:   core-socket-stream-legacy: loading dependencies 'core-socket-stream'
51:     core-socket-stream: loading dependencies 'core-socket'
51:       core-socket: already loaded
51:     core-socket-stream: loaded
51:   core-socket-stream-legacy: loaded
51: net-in-stream-legacy: loaded
51: -- Configuring done (0.2s)
51: -- Generating done (0.0s)
51: -- Build files have been written to: /home/voc/projects/snodec/publications/book/build/t/installed-echo-nlg16nzw/build
51: [ 16%] Building CXX object CMakeFiles/echosocketcontext.dir/EchoSocketContext.cpp.o
51: [ 33%] Linking CXX static library libechosocketcontext.a
51: [ 33%] Built target echosocketcontext
51: [ 50%] Building CXX object CMakeFiles/echoserver.dir/echoserver.cpp.o
51: [ 66%] Building CXX object CMakeFiles/echoclient.dir/echoclient.cpp.o
51: [ 83%] Linking CXX executable echoserver
51: [ 83%] Built target echoserver
51: [100%] Linking CXX executable echoclient
51: [100%] Built target echoclient
51: -- Install configuration: "Release"
51: -- Installing: /home/voc/projects/snodec/publications/book/build/t/installed-echo-nlg16nzw/install/bin/echoserver
51: -- Set non-toolchain portion of runtime path of "/home/voc/projects/snodec/publications/book/build/t/installed-echo-nlg16nzw/install/bin/echoserver" to "/home/voc/projects/snodec/publications/book/build/t/installed-echo-nlg16nzw/install/:/home/voc/projects/snodec/publications/book/build/ci-fix-2026-09-22/install-gcc/lib"
51: -- Installing: /home/voc/projects/snodec/publications/book/build/t/installed-echo-nlg16nzw/install/bin/echoclient
51: -- Set non-toolchain portion of runtime path of "/home/voc/projects/snodec/publications/book/build/t/installed-echo-nlg16nzw/install/bin/echoclient" to "/home/voc/projects/snodec/publications/book/build/t/installed-echo-nlg16nzw/install/:/home/voc/projects/snodec/publications/book/build/ci-fix-2026-09-22/install-gcc/lib"
51: PASS: fresh external Release consumer installed at /home/voc/projects/snodec/publications/book/build/t/installed-echo-nlg16nzw/install/bin/echoserver; snodec_DIR=/home/voc/projects/snodec/publications/book/build/ci-fix-2026-09-22/install-gcc/lib/cmake/snodec
51: Traceback (most recent call last):
51:   File "/home/voc/projects/snodec/publications/book/companion/exercises/ch26/installed.py", line 123, in <module>
51:     if mode == 'lifecycle': lifecycle(binary, work)
51:                             ~~~~~~~~~^^^^^^^^^^^^^^
51:   File "/home/voc/projects/snodec/publications/book/companion/exercises/ch26/installed.py", line 71, in lifecycle
51:     port = free_port(); args = configuration(work, port)
51:   File "/home/voc/projects/snodec/publications/book/companion/exercises/lab_support.py", line 15, in free_port
51:     with socket.socket() as sock:
51:          ~~~~~~~~~~~~~^^
51:   File "/usr/lib/python3.14/socket.py", line 236, in __init__
51:     _socket.socket.__init__(self, family, type, proto, fileno)
51:     ~~~~~~~~~~~~~~~~~~~~~~~^^^^^^^^^^^^^^^^^^^^^^^^^^^^^^^^^^^
51: PermissionError: [Errno 1] Operation not permitted
51/58 Test #51: exercise-ch26-lifecycle ............***Failed    6.90 sec
-- The CXX compiler identification is GNU 16.2.0
-- Detecting CXX compiler ABI info
-- Detecting CXX compiler ABI info - done
-- Check for working CXX compiler: /usr/bin/c++ - skipped
-- Detecting CXX compile features
-- Detecting CXX compile features - done
net-in-stream-legacy: loading dependencies 'net-in-stream, core-socket-stream-legacy'
  net-in-stream: loading dependencies 'net-in-phy-stream'
    net-in-phy-stream: loading dependencies 'net-in-phy'
      net-in-phy: loading dependencies 'net-in'
        net-in: loading dependencies 'net'
          net: loading dependencies 'core-socket'
            core-socket: loading dependencies 'core'
              core: loading dependencies 'mux-epoll, utils'
                mux-epoll: loaded
                utils: loading dependencies 'logger'
                  logger: loaded
                utils: loaded
              core: loaded
            core-socket: loaded
          net: loaded
        net-in: loaded
      net-in-phy: loaded
    net-in-phy-stream: loaded
  net-in-stream: loaded
  core-socket-stream-legacy: loading dependencies 'core-socket-stream'
    core-socket-stream: loading dependencies 'core-socket'
      core-socket: already loaded
    core-socket-stream: loaded
  core-socket-stream-legacy: loaded
net-in-stream-legacy: loaded
-- Configuring done (0.2s)
-- Generating done (0.0s)
-- Build files have been written to: /home/voc/projects/snodec/publications/book/build/t/installed-echo-nlg16nzw/build
[ 16%] Building CXX object CMakeFiles/echosocketcontext.dir/EchoSocketContext.cpp.o
[ 33%] Linking CXX static library libechosocketcontext.a
[ 33%] Built target echosocketcontext
[ 50%] Building CXX object CMakeFiles/echoserver.dir/echoserver.cpp.o
[ 66%] Building CXX object CMakeFiles/echoclient.dir/echoclient.cpp.o
[ 83%] Linking CXX executable echoserver
[ 83%] Built target echoserver
[100%] Linking CXX executable echoclient
[100%] Built target echoclient
-- Install configuration: "Release"
-- Installing: /home/voc/projects/snodec/publications/book/build/t/installed-echo-nlg16nzw/install/bin/echoserver
-- Set non-toolchain portion of runtime path of "/home/voc/projects/snodec/publications/book/build/t/installed-echo-nlg16nzw/install/bin/echoserver" to "/home/voc/projects/snodec/publications/book/build/t/installed-echo-nlg16nzw/install/:/home/voc/projects/snodec/publications/book/build/ci-fix-2026-09-22/install-gcc/lib"
-- Installing: /home/voc/projects/snodec/publications/book/build/t/installed-echo-nlg16nzw/install/bin/echoclient
-- Set non-toolchain portion of runtime path of "/home/voc/projects/snodec/publications/book/build/t/installed-echo-nlg16nzw/install/bin/echoclient" to "/home/voc/projects/snodec/publications/book/build/t/installed-echo-nlg16nzw/install/:/home/voc/projects/snodec/publications/book/build/ci-fix-2026-09-22/install-gcc/lib"
PASS: fresh external Release consumer installed at /home/voc/projects/snodec/publications/book/build/t/installed-echo-nlg16nzw/install/bin/echoserver; snodec_DIR=/home/voc/projects/snodec/publications/book/build/ci-fix-2026-09-22/install-gcc/lib/cmake/snodec
Traceback (most recent call last):
  File "/home/voc/projects/snodec/publications/book/companion/exercises/ch26/installed.py", line 123, in <module>
    if mode == 'lifecycle': lifecycle(binary, work)
                            ~~~~~~~~~^^^^^^^^^^^^^^
  File "/home/voc/projects/snodec/publications/book/companion/exercises/ch26/installed.py", line 71, in lifecycle
    port = free_port(); args = configuration(work, port)
  File "/home/voc/projects/snodec/publications/book/companion/exercises/lab_support.py", line 15, in free_port
    with socket.socket() as sock:
         ~~~~~~~~~~~~~^^
  File "/usr/lib/python3.14/socket.py", line 236, in __init__
    _socket.socket.__init__(self, family, type, proto, fileno)
    ~~~~~~~~~~~~~~~~~~~~~~~^^^^^^^^^^^^^^^^^^^^^^^^^^^^^^^^^^^
PermissionError: [Errno 1] Operation not permitted

test 52
      Start 52: exercise-ch26-configuration

52: Test command: /usr/bin/python3 "/home/voc/projects/snodec/publications/book/companion/exercises/ch26/installed.py" "configuration"
52: Working Directory: /home/voc/projects/snodec/publications/book/build/proposal-readiness-phase-5k-examples/companion/exercises/ch26
52: Test timeout computed to be: 180
52: -- The CXX compiler identification is GNU 16.2.0
52: -- Detecting CXX compiler ABI info
52: -- Detecting CXX compiler ABI info - done
52: -- Check for working CXX compiler: /usr/bin/c++ - skipped
52: -- Detecting CXX compile features
52: -- Detecting CXX compile features - done
52: net-in-stream-legacy: loading dependencies 'net-in-stream, core-socket-stream-legacy'
52:   net-in-stream: loading dependencies 'net-in-phy-stream'
52:     net-in-phy-stream: loading dependencies 'net-in-phy'
52:       net-in-phy: loading dependencies 'net-in'
52:         net-in: loading dependencies 'net'
52:           net: loading dependencies 'core-socket'
52:             core-socket: loading dependencies 'core'
52:               core: loading dependencies 'mux-epoll, utils'
52:                 mux-epoll: loaded
52:                 utils: loading dependencies 'logger'
52:                   logger: loaded
52:                 utils: loaded
52:               core: loaded
52:             core-socket: loaded
52:           net: loaded
52:         net-in: loaded
52:       net-in-phy: loaded
52:     net-in-phy-stream: loaded
52:   net-in-stream: loaded
52:   core-socket-stream-legacy: loading dependencies 'core-socket-stream'
52:     core-socket-stream: loading dependencies 'core-socket'
52:       core-socket: already loaded
52:     core-socket-stream: loaded
52:   core-socket-stream-legacy: loaded
52: net-in-stream-legacy: loaded
52: -- Configuring done (0.2s)
52: -- Generating done (0.0s)
52: -- Build files have been written to: /home/voc/projects/snodec/publications/book/build/t/installed-echo-4_anop2q/build
52: [ 16%] Building CXX object CMakeFiles/echosocketcontext.dir/EchoSocketContext.cpp.o
52: [ 33%] Linking CXX static library libechosocketcontext.a
52: [ 33%] Built target echosocketcontext
52: [ 50%] Building CXX object CMakeFiles/echoserver.dir/echoserver.cpp.o
52: [ 66%] Building CXX object CMakeFiles/echoclient.dir/echoclient.cpp.o
52: [ 83%] Linking CXX executable echoserver
52: [100%] Linking CXX executable echoclient
52: [100%] Built target echoserver
52: [100%] Built target echoclient
52: -- Install configuration: "Release"
52: -- Installing: /home/voc/projects/snodec/publications/book/build/t/installed-echo-4_anop2q/install/bin/echoserver
52: -- Set non-toolchain portion of runtime path of "/home/voc/projects/snodec/publications/book/build/t/installed-echo-4_anop2q/install/bin/echoserver" to "/home/voc/projects/snodec/publications/book/build/t/installed-echo-4_anop2q/install/:/home/voc/projects/snodec/publications/book/build/ci-fix-2026-09-22/install-gcc/lib"
52: -- Installing: /home/voc/projects/snodec/publications/book/build/t/installed-echo-4_anop2q/install/bin/echoclient
52: -- Set non-toolchain portion of runtime path of "/home/voc/projects/snodec/publications/book/build/t/installed-echo-4_anop2q/install/bin/echoclient" to "/home/voc/projects/snodec/publications/book/build/t/installed-echo-4_anop2q/install/:/home/voc/projects/snodec/publications/book/build/ci-fix-2026-09-22/install-gcc/lib"
52: PASS: fresh external Release consumer installed at /home/voc/projects/snodec/publications/book/build/t/installed-echo-4_anop2q/install/bin/echoserver; snodec_DIR=/home/voc/projects/snodec/publications/book/build/ci-fix-2026-09-22/install-gcc/lib/cmake/snodec
52: [ValidationError] --port: Value not-a-port not in range [0 - 65535]
52: 
52: Append -h or --help to your command line for more information.
52: 
52: PASS: invalid configured port stops startup with configuration status 2
52: Traceback (most recent call last):
52:   File "/home/voc/projects/snodec/publications/book/companion/exercises/ch26/installed.py", line 124, in <module>
52:     elif mode == 'configuration': invalid_configuration(binary, work)
52:                                   ~~~~~~~~~~~~~~~~~~~~~^^^^^^^^^^^^^^
52:   File "/home/voc/projects/snodec/publications/book/companion/exercises/ch26/installed.py", line 85, in invalid_configuration
52:     port = free_port(); exchange(binary, configuration(work, port), port)
52:   File "/home/voc/projects/snodec/publications/book/companion/exercises/lab_support.py", line 15, in free_port
52:     with socket.socket() as sock:
52:          ~~~~~~~~~~~~~^^
52:   File "/usr/lib/python3.14/socket.py", line 236, in __init__
52:     _socket.socket.__init__(self, family, type, proto, fileno)
52:     ~~~~~~~~~~~~~~~~~~~~~~~^^^^^^^^^^^^^^^^^^^^^^^^^^^^^^^^^^^
52: PermissionError: [Errno 1] Operation not permitted
52/58 Test #52: exercise-ch26-configuration ........***Failed    6.56 sec
-- The CXX compiler identification is GNU 16.2.0
-- Detecting CXX compiler ABI info
-- Detecting CXX compiler ABI info - done
-- Check for working CXX compiler: /usr/bin/c++ - skipped
-- Detecting CXX compile features
-- Detecting CXX compile features - done
net-in-stream-legacy: loading dependencies 'net-in-stream, core-socket-stream-legacy'
  net-in-stream: loading dependencies 'net-in-phy-stream'
    net-in-phy-stream: loading dependencies 'net-in-phy'
      net-in-phy: loading dependencies 'net-in'
        net-in: loading dependencies 'net'
          net: loading dependencies 'core-socket'
            core-socket: loading dependencies 'core'
              core: loading dependencies 'mux-epoll, utils'
                mux-epoll: loaded
                utils: loading dependencies 'logger'
                  logger: loaded
                utils: loaded
              core: loaded
            core-socket: loaded
          net: loaded
        net-in: loaded
      net-in-phy: loaded
    net-in-phy-stream: loaded
  net-in-stream: loaded
  core-socket-stream-legacy: loading dependencies 'core-socket-stream'
    core-socket-stream: loading dependencies 'core-socket'
      core-socket: already loaded
    core-socket-stream: loaded
  core-socket-stream-legacy: loaded
net-in-stream-legacy: loaded
-- Configuring done (0.2s)
-- Generating done (0.0s)
-- Build files have been written to: /home/voc/projects/snodec/publications/book/build/t/installed-echo-4_anop2q/build
[ 16%] Building CXX object CMakeFiles/echosocketcontext.dir/EchoSocketContext.cpp.o
[ 33%] Linking CXX static library libechosocketcontext.a
[ 33%] Built target echosocketcontext
[ 50%] Building CXX object CMakeFiles/echoserver.dir/echoserver.cpp.o
[ 66%] Building CXX object CMakeFiles/echoclient.dir/echoclient.cpp.o
[ 83%] Linking CXX executable echoserver
[100%] Linking CXX executable echoclient
[100%] Built target echoserver
[100%] Built target echoclient
-- Install configuration: "Release"
-- Installing: /home/voc/projects/snodec/publications/book/build/t/installed-echo-4_anop2q/install/bin/echoserver
-- Set non-toolchain portion of runtime path of "/home/voc/projects/snodec/publications/book/build/t/installed-echo-4_anop2q/install/bin/echoserver" to "/home/voc/projects/snodec/publications/book/build/t/installed-echo-4_anop2q/install/:/home/voc/projects/snodec/publications/book/build/ci-fix-2026-09-22/install-gcc/lib"
-- Installing: /home/voc/projects/snodec/publications/book/build/t/installed-echo-4_anop2q/install/bin/echoclient
-- Set non-toolchain portion of runtime path of "/home/voc/projects/snodec/publications/book/build/t/installed-echo-4_anop2q/install/bin/echoclient" to "/home/voc/projects/snodec/publications/book/build/t/installed-echo-4_anop2q/install/:/home/voc/projects/snodec/publications/book/build/ci-fix-2026-09-22/install-gcc/lib"
PASS: fresh external Release consumer installed at /home/voc/projects/snodec/publications/book/build/t/installed-echo-4_anop2q/install/bin/echoserver; snodec_DIR=/home/voc/projects/snodec/publications/book/build/ci-fix-2026-09-22/install-gcc/lib/cmake/snodec
[ValidationError] --port: Value not-a-port not in range [0 - 65535]

Append -h or --help to your command line for more information.

PASS: invalid configured port stops startup with configuration status 2
Traceback (most recent call last):
  File "/home/voc/projects/snodec/publications/book/companion/exercises/ch26/installed.py", line 124, in <module>
    elif mode == 'configuration': invalid_configuration(binary, work)
                                  ~~~~~~~~~~~~~~~~~~~~~^^^^^^^^^^^^^^
  File "/home/voc/projects/snodec/publications/book/companion/exercises/ch26/installed.py", line 85, in invalid_configuration
    port = free_port(); exchange(binary, configuration(work, port), port)
  File "/home/voc/projects/snodec/publications/book/companion/exercises/lab_support.py", line 15, in free_port
    with socket.socket() as sock:
         ~~~~~~~~~~~~~^^
  File "/usr/lib/python3.14/socket.py", line 236, in __init__
    _socket.socket.__init__(self, family, type, proto, fileno)
    ~~~~~~~~~~~~~~~~~~~~~~~^^^^^^^^^^^^^^^^^^^^^^^^^^^^^^^^^^^
PermissionError: [Errno 1] Operation not permitted

test 53
      Start 53: exercise-ch27-diagnosis

53: Test command: /usr/bin/python3 "/home/voc/projects/snodec/publications/book/companion/exercises/ch27/../ch26/installed.py" "diagnosis"
53: Working Directory: /home/voc/projects/snodec/publications/book/build/proposal-readiness-phase-5k-examples/companion/exercises/ch27
53: Test timeout computed to be: 300
53: net-in-stream-legacy: loading dependencies 'net-in-stream, core-socket-stream-legacy'
53:   net-in-stream: loading dependencies 'net-in-phy-stream'
53:     net-in-phy-stream: loading dependencies 'net-in-phy'
53:       net-in-phy: loading dependencies 'net-in'
53:         net-in: loading dependencies 'net'
53:           net: loading dependencies 'core-socket'
53:             core-socket: loading dependencies 'core'
53:               core: loading dependencies 'mux-epoll, utils'
53:                 mux-epoll: loaded
53:                 utils: loading dependencies 'logger'
53:                   logger: loaded
53:                 utils: loaded
53:               core: loaded
53:             core-socket: loaded
53:           net: loaded
53:         net-in: loaded
53:       net-in-phy: loaded
53:     net-in-phy-stream: loaded
53:   net-in-stream: loaded
53:   core-socket-stream-legacy: loading dependencies 'core-socket-stream'
53:     core-socket-stream: loading dependencies 'core-socket'
53:       core-socket: already loaded
53:     core-socket-stream: loaded
53:   core-socket-stream-legacy: loaded
53: net-in-stream-legacy: loaded
53: -- Configuring done (0.0s)
53: -- Generating done (0.0s)
53: -- Build files have been written to: /home/voc/projects/snodec/publications/book/build/t/snodec-environment-lab-nhepjf3s/build
53: [ 16%] Building CXX object CMakeFiles/echosocketcontext.dir/EchoSocketContext.cpp.o
53: [ 33%] Linking CXX static library libechosocketcontext.a
53: [ 33%] Built target echosocketcontext
53: [ 50%] Building CXX object CMakeFiles/echoserver.dir/echoserver.cpp.o
53: [ 66%] Building CXX object CMakeFiles/echoclient.dir/echoclient.cpp.o
53: [ 83%] Linking CXX executable echoserver
53: [100%] Linking CXX executable echoclient
53: [100%] Built target echoserver
53: [100%] Built target echoclient
53: -- The CXX compiler identification is GNU 16.2.0
53: -- Detecting CXX compiler ABI info
53: -- Detecting CXX compiler ABI info - done
53: -- Check for working CXX compiler: /usr/bin/c++ - skipped
53: -- Detecting CXX compile features
53: -- Detecting CXX compile features - done
53: CMake Error at CMakeLists.txt:9 (find_package):
53:   Found package configuration file:
53: 
53:     /home/voc/projects/snodec/publications/book/build/ci-fix-2026-09-22/install-gcc/lib/cmake/snodec/snodecConfig.cmake
53: 
53:   but it set snodec_FOUND to FALSE so package "snodec" is considered to be
53:   NOT FOUND.  Reason given by package:
53: 
53:   Unsupported SNode.C component requested: net-in-stream-missing
53: 
53: 
53: 
53: -- Configuring incomplete, errors occurred!
53: 
53: PASS: missing component stops configuration before any runtime endpoint exists
53: PASS: snodec_DIR selects the requested installation: /home/voc/projects/snodec/publications/book/build/ci-fix-2026-09-22/install-gcc/lib/cmake/snodec
53: Traceback (most recent call last):
53:   File "/home/voc/projects/snodec/publications/book/companion/exercises/ch02/solution.py", line 41, in <module>
53:     port = free_port()
53:   File "/home/voc/projects/snodec/publications/book/companion/exercises/lab_support.py", line 15, in free_port
53:     with socket.socket() as sock:
53:          ~~~~~~~~~~~~~^^
53:   File "/usr/lib/python3.14/socket.py", line 236, in __init__
53:     _socket.socket.__init__(self, family, type, proto, fileno)
53:     ~~~~~~~~~~~~~~~~~~~~~~~^^^^^^^^^^^^^^^^^^^^^^^^^^^^^^^^^^^
53: PermissionError: [Errno 1] Operation not permitted
53: Traceback (most recent call last):
53:   File "/home/voc/projects/snodec/publications/book/companion/exercises/ch27/../ch26/installed.py", line 121, in <module>
53:     checked([sys.executable, Path(__file__).resolve().parents[1]/'ch02/solution.py', 'component'])
53:     ~~~~~~~^^^^^^^^^^^^^^^^^^^^^^^^^^^^^^^^^^^^^^^^^^^^^^^^^^^^^^^^^^^^^^^^^^^^^^^^^^^^^^^^^^^^^^^
53:   File "/home/voc/projects/snodec/publications/book/companion/exercises/ch27/../ch26/installed.py", line 18, in checked
53:     subprocess.run(list(map(str, command)), check=True, timeout=90)
53:     ~~~~~~~~~~~~~~^^^^^^^^^^^^^^^^^^^^^^^^^^^^^^^^^^^^^^^^^^^^^^^^^
53:   File "/usr/lib/python3.14/subprocess.py", line 578, in run
53:     raise CalledProcessError(retcode, process.args,
53:                              output=stdout, stderr=stderr)
53: subprocess.CalledProcessError: Command '['/usr/bin/python3', '/home/voc/projects/snodec/publications/book/companion/exercises/ch02/solution.py', 'component']' returned non-zero exit status 1.
53/58 Test #53: exercise-ch27-diagnosis ............***Failed    3.96 sec
net-in-stream-legacy: loading dependencies 'net-in-stream, core-socket-stream-legacy'
  net-in-stream: loading dependencies 'net-in-phy-stream'
    net-in-phy-stream: loading dependencies 'net-in-phy'
      net-in-phy: loading dependencies 'net-in'
        net-in: loading dependencies 'net'
          net: loading dependencies 'core-socket'
            core-socket: loading dependencies 'core'
              core: loading dependencies 'mux-epoll, utils'
                mux-epoll: loaded
                utils: loading dependencies 'logger'
                  logger: loaded
                utils: loaded
              core: loaded
            core-socket: loaded
          net: loaded
        net-in: loaded
      net-in-phy: loaded
    net-in-phy-stream: loaded
  net-in-stream: loaded
  core-socket-stream-legacy: loading dependencies 'core-socket-stream'
    core-socket-stream: loading dependencies 'core-socket'
      core-socket: already loaded
    core-socket-stream: loaded
  core-socket-stream-legacy: loaded
net-in-stream-legacy: loaded
-- Configuring done (0.0s)
-- Generating done (0.0s)
-- Build files have been written to: /home/voc/projects/snodec/publications/book/build/t/snodec-environment-lab-nhepjf3s/build
[ 16%] Building CXX object CMakeFiles/echosocketcontext.dir/EchoSocketContext.cpp.o
[ 33%] Linking CXX static library libechosocketcontext.a
[ 33%] Built target echosocketcontext
[ 50%] Building CXX object CMakeFiles/echoserver.dir/echoserver.cpp.o
[ 66%] Building CXX object CMakeFiles/echoclient.dir/echoclient.cpp.o
[ 83%] Linking CXX executable echoserver
[100%] Linking CXX executable echoclient
[100%] Built target echoserver
[100%] Built target echoclient
-- The CXX compiler identification is GNU 16.2.0
-- Detecting CXX compiler ABI info
-- Detecting CXX compiler ABI info - done
-- Check for working CXX compiler: /usr/bin/c++ - skipped
-- Detecting CXX compile features
-- Detecting CXX compile features - done
CMake Error at CMakeLists.txt:9 (find_package):
  Found package configuration file:

    /home/voc/projects/snodec/publications/book/build/ci-fix-2026-09-22/install-gcc/lib/cmake/snodec/snodecConfig.cmake

  but it set snodec_FOUND to FALSE so package "snodec" is considered to be
  NOT FOUND.  Reason given by package:

  Unsupported SNode.C component requested: net-in-stream-missing



-- Configuring incomplete, errors occurred!

PASS: missing component stops configuration before any runtime endpoint exists
PASS: snodec_DIR selects the requested installation: /home/voc/projects/snodec/publications/book/build/ci-fix-2026-09-22/install-gcc/lib/cmake/snodec
Traceback (most recent call last):
  File "/home/voc/projects/snodec/publications/book/companion/exercises/ch02/solution.py", line 41, in <module>
    port = free_port()
  File "/home/voc/projects/snodec/publications/book/companion/exercises/lab_support.py", line 15, in free_port
    with socket.socket() as sock:
         ~~~~~~~~~~~~~^^
  File "/usr/lib/python3.14/socket.py", line 236, in __init__
    _socket.socket.__init__(self, family, type, proto, fileno)
    ~~~~~~~~~~~~~~~~~~~~~~~^^^^^^^^^^^^^^^^^^^^^^^^^^^^^^^^^^^
PermissionError: [Errno 1] Operation not permitted
Traceback (most recent call last):
  File "/home/voc/projects/snodec/publications/book/companion/exercises/ch27/../ch26/installed.py", line 121, in <module>
    checked([sys.executable, Path(__file__).resolve().parents[1]/'ch02/solution.py', 'component'])
    ~~~~~~~^^^^^^^^^^^^^^^^^^^^^^^^^^^^^^^^^^^^^^^^^^^^^^^^^^^^^^^^^^^^^^^^^^^^^^^^^^^^^^^^^^^^^^^
  File "/home/voc/projects/snodec/publications/book/companion/exercises/ch27/../ch26/installed.py", line 18, in checked
    subprocess.run(list(map(str, command)), check=True, timeout=90)
    ~~~~~~~~~~~~~~^^^^^^^^^^^^^^^^^^^^^^^^^^^^^^^^^^^^^^^^^^^^^^^^^
  File "/usr/lib/python3.14/subprocess.py", line 578, in run
    raise CalledProcessError(retcode, process.args,
                             output=stdout, stderr=stderr)
subprocess.CalledProcessError: Command '['/usr/bin/python3', '/home/voc/projects/snodec/publications/book/companion/exercises/ch02/solution.py', 'component']' returned non-zero exit status 1.

test 54
      Start 54: exercise-ch27-checkpoint

54: Test command: /usr/bin/python3 "/home/voc/projects/snodec/publications/book/companion/exercises/ch27/../ch26/installed.py" "checkpoint"
54: Working Directory: /home/voc/projects/snodec/publications/book/build/proposal-readiness-phase-5k-examples/companion/exercises/ch27
54: Test timeout computed to be: 300
54: net-in-stream-legacy: loading dependencies 'net-in-stream, core-socket-stream-legacy'
54:   net-in-stream: loading dependencies 'net-in-phy-stream'
54:     net-in-phy-stream: loading dependencies 'net-in-phy'
54:       net-in-phy: loading dependencies 'net-in'
54:         net-in: loading dependencies 'net'
54:           net: loading dependencies 'core-socket'
54:             core-socket: loading dependencies 'core'
54:               core: loading dependencies 'mux-epoll, utils'
54:                 mux-epoll: loaded
54:                 utils: loading dependencies 'logger'
54:                   logger: loaded
54:                 utils: loaded
54:               core: loaded
54:             core-socket: loaded
54:           net: loaded
54:         net-in: loaded
54:       net-in-phy: loaded
54:     net-in-phy-stream: loaded
54:   net-in-stream: loaded
54:   core-socket-stream-legacy: loading dependencies 'core-socket-stream'
54:     core-socket-stream: loading dependencies 'core-socket'
54:       core-socket: already loaded
54:     core-socket-stream: loaded
54:   core-socket-stream-legacy: loaded
54: net-in-stream-legacy: loaded
54: -- Configuring done (0.0s)
54: -- Generating done (0.0s)
54: -- Build files have been written to: /home/voc/projects/snodec/publications/book/build/t/snodec-environment-lab-672zwu24/build
54: [ 16%] Building CXX object CMakeFiles/echosocketcontext.dir/EchoSocketContext.cpp.o
54: [ 33%] Linking CXX static library libechosocketcontext.a
54: [ 33%] Built target echosocketcontext
54: [ 50%] Building CXX object CMakeFiles/echoclient.dir/echoclient.cpp.o
54: [ 66%] Building CXX object CMakeFiles/echoserver.dir/echoserver.cpp.o
54: [ 83%] Linking CXX executable echoserver
54: [100%] Linking CXX executable echoclient
54: [100%] Built target echoserver
54: [100%] Built target echoclient
54: -- The CXX compiler identification is GNU 16.2.0
54: -- Detecting CXX compiler ABI info
54: -- Detecting CXX compiler ABI info - done
54: -- Check for working CXX compiler: /usr/bin/c++ - skipped
54: -- Detecting CXX compile features
54: -- Detecting CXX compile features - done
54: CMake Error at CMakeLists.txt:9 (find_package):
54:   Found package configuration file:
54: 
54:     /home/voc/projects/snodec/publications/book/build/ci-fix-2026-09-22/install-gcc/lib/cmake/snodec/snodecConfig.cmake
54: 
54:   but it set snodec_FOUND to FALSE so package "snodec" is considered to be
54:   NOT FOUND.  Reason given by package:
54: 
54:   Unsupported SNode.C component requested: net-in-stream-missing
54: 
54: 
54: 
54: -- Configuring incomplete, errors occurred!
54: 
54: PASS: missing component stops configuration before any runtime endpoint exists
54: PASS: snodec_DIR selects the requested installation: /home/voc/projects/snodec/publications/book/build/ci-fix-2026-09-22/install-gcc/lib/cmake/snodec
54: Traceback (most recent call last):
54:   File "/home/voc/projects/snodec/publications/book/companion/exercises/ch02/solution.py", line 41, in <module>
54:     port = free_port()
54:   File "/home/voc/projects/snodec/publications/book/companion/exercises/lab_support.py", line 15, in free_port
54:     with socket.socket() as sock:
54:          ~~~~~~~~~~~~~^^
54:   File "/usr/lib/python3.14/socket.py", line 236, in __init__
54:     _socket.socket.__init__(self, family, type, proto, fileno)
54:     ~~~~~~~~~~~~~~~~~~~~~~~^^^^^^^^^^^^^^^^^^^^^^^^^^^^^^^^^^^
54: PermissionError: [Errno 1] Operation not permitted
54: Traceback (most recent call last):
54:   File "/home/voc/projects/snodec/publications/book/companion/exercises/ch27/../ch26/installed.py", line 121, in <module>
54:     checked([sys.executable, Path(__file__).resolve().parents[1]/'ch02/solution.py', 'component'])
54:     ~~~~~~~^^^^^^^^^^^^^^^^^^^^^^^^^^^^^^^^^^^^^^^^^^^^^^^^^^^^^^^^^^^^^^^^^^^^^^^^^^^^^^^^^^^^^^^
54:   File "/home/voc/projects/snodec/publications/book/companion/exercises/ch27/../ch26/installed.py", line 18, in checked
54:     subprocess.run(list(map(str, command)), check=True, timeout=90)
54:     ~~~~~~~~~~~~~~^^^^^^^^^^^^^^^^^^^^^^^^^^^^^^^^^^^^^^^^^^^^^^^^^
54:   File "/usr/lib/python3.14/subprocess.py", line 578, in run
54:     raise CalledProcessError(retcode, process.args,
54:                              output=stdout, stderr=stderr)
54: subprocess.CalledProcessError: Command '['/usr/bin/python3', '/home/voc/projects/snodec/publications/book/companion/exercises/ch02/solution.py', 'component']' returned non-zero exit status 1.
54/58 Test #54: exercise-ch27-checkpoint ...........***Failed    4.01 sec
net-in-stream-legacy: loading dependencies 'net-in-stream, core-socket-stream-legacy'
  net-in-stream: loading dependencies 'net-in-phy-stream'
    net-in-phy-stream: loading dependencies 'net-in-phy'
      net-in-phy: loading dependencies 'net-in'
        net-in: loading dependencies 'net'
          net: loading dependencies 'core-socket'
            core-socket: loading dependencies 'core'
              core: loading dependencies 'mux-epoll, utils'
                mux-epoll: loaded
                utils: loading dependencies 'logger'
                  logger: loaded
                utils: loaded
              core: loaded
            core-socket: loaded
          net: loaded
        net-in: loaded
      net-in-phy: loaded
    net-in-phy-stream: loaded
  net-in-stream: loaded
  core-socket-stream-legacy: loading dependencies 'core-socket-stream'
    core-socket-stream: loading dependencies 'core-socket'
      core-socket: already loaded
    core-socket-stream: loaded
  core-socket-stream-legacy: loaded
net-in-stream-legacy: loaded
-- Configuring done (0.0s)
-- Generating done (0.0s)
-- Build files have been written to: /home/voc/projects/snodec/publications/book/build/t/snodec-environment-lab-672zwu24/build
[ 16%] Building CXX object CMakeFiles/echosocketcontext.dir/EchoSocketContext.cpp.o
[ 33%] Linking CXX static library libechosocketcontext.a
[ 33%] Built target echosocketcontext
[ 50%] Building CXX object CMakeFiles/echoclient.dir/echoclient.cpp.o
[ 66%] Building CXX object CMakeFiles/echoserver.dir/echoserver.cpp.o
[ 83%] Linking CXX executable echoserver
[100%] Linking CXX executable echoclient
[100%] Built target echoserver
[100%] Built target echoclient
-- The CXX compiler identification is GNU 16.2.0
-- Detecting CXX compiler ABI info
-- Detecting CXX compiler ABI info - done
-- Check for working CXX compiler: /usr/bin/c++ - skipped
-- Detecting CXX compile features
-- Detecting CXX compile features - done
CMake Error at CMakeLists.txt:9 (find_package):
  Found package configuration file:

    /home/voc/projects/snodec/publications/book/build/ci-fix-2026-09-22/install-gcc/lib/cmake/snodec/snodecConfig.cmake

  but it set snodec_FOUND to FALSE so package "snodec" is considered to be
  NOT FOUND.  Reason given by package:

  Unsupported SNode.C component requested: net-in-stream-missing



-- Configuring incomplete, errors occurred!

PASS: missing component stops configuration before any runtime endpoint exists
PASS: snodec_DIR selects the requested installation: /home/voc/projects/snodec/publications/book/build/ci-fix-2026-09-22/install-gcc/lib/cmake/snodec
Traceback (most recent call last):
  File "/home/voc/projects/snodec/publications/book/companion/exercises/ch02/solution.py", line 41, in <module>
    port = free_port()
  File "/home/voc/projects/snodec/publications/book/companion/exercises/lab_support.py", line 15, in free_port
    with socket.socket() as sock:
         ~~~~~~~~~~~~~^^
  File "/usr/lib/python3.14/socket.py", line 236, in __init__
    _socket.socket.__init__(self, family, type, proto, fileno)
    ~~~~~~~~~~~~~~~~~~~~~~~^^^^^^^^^^^^^^^^^^^^^^^^^^^^^^^^^^^
PermissionError: [Errno 1] Operation not permitted
Traceback (most recent call last):
  File "/home/voc/projects/snodec/publications/book/companion/exercises/ch27/../ch26/installed.py", line 121, in <module>
    checked([sys.executable, Path(__file__).resolve().parents[1]/'ch02/solution.py', 'component'])
    ~~~~~~~^^^^^^^^^^^^^^^^^^^^^^^^^^^^^^^^^^^^^^^^^^^^^^^^^^^^^^^^^^^^^^^^^^^^^^^^^^^^^^^^^^^^^^^
  File "/home/voc/projects/snodec/publications/book/companion/exercises/ch27/../ch26/installed.py", line 18, in checked
    subprocess.run(list(map(str, command)), check=True, timeout=90)
    ~~~~~~~~~~~~~~^^^^^^^^^^^^^^^^^^^^^^^^^^^^^^^^^^^^^^^^^^^^^^^^^
  File "/usr/lib/python3.14/subprocess.py", line 578, in run
    raise CalledProcessError(retcode, process.args,
                             output=stdout, stderr=stderr)
subprocess.CalledProcessError: Command '['/usr/bin/python3', '/home/voc/projects/snodec/publications/book/companion/exercises/ch02/solution.py', 'component']' returned non-zero exit status 1.

test 55
      Start 55: exercise-ch28

55: Test command: /usr/bin/python3 "/home/voc/projects/snodec/publications/book/companion/exercises/ch28/solution.py" "/home/voc/projects/snodec/publications/book/build/proposal-readiness-phase-5k-examples/companion/examples/MiniGateway/minigateway"
55: Working Directory: /home/voc/projects/snodec/publications/book/build/proposal-readiness-phase-5k-examples/companion/exercises/ch28
55: Test timeout computed to be: 40
55: Traceback (most recent call last):
55:   File "/home/voc/projects/snodec/publications/book/companion/exercises/ch28/solution.py", line 9, in <module>
55:     with socket.socket() as unavailable:
55:          ~~~~~~~~~~~~~^^
55:   File "/usr/lib/python3.14/socket.py", line 236, in __init__
55:     _socket.socket.__init__(self, family, type, proto, fileno)
55:     ~~~~~~~~~~~~~~~~~~~~~~~^^^^^^^^^^^^^^^^^^^^^^^^^^^^^^^^^^^
55: PermissionError: [Errno 1] Operation not permitted
55/58 Test #55: exercise-ch28 ......................***Failed    0.06 sec
Traceback (most recent call last):
  File "/home/voc/projects/snodec/publications/book/companion/exercises/ch28/solution.py", line 9, in <module>
    with socket.socket() as unavailable:
         ~~~~~~~~~~~~~^^
  File "/usr/lib/python3.14/socket.py", line 236, in __init__
    _socket.socket.__init__(self, family, type, proto, fileno)
    ~~~~~~~~~~~~~~~~~~~~~~~^^^^^^^^^^^^^^^^^^^^^^^^^^^^^^^^^^^
PermissionError: [Errno 1] Operation not permitted

test 56
      Start 56: exercise-ch28-validation

56: Test command: /home/voc/projects/snodec/publications/book/build/proposal-readiness-phase-5k-examples/companion/exercises/ch28/measurement-validation
56: Working Directory: /home/voc/projects/snodec/publications/book/build/proposal-readiness-phase-5k-examples/companion/exercises/ch28
56: Test timeout computed to be: 10000000
56: PASS: three invalid inputs leave state and notifications unchanged; next acceptance is 2
56/58 Test #56: exercise-ch28-validation ...........   Passed    0.00 sec
test 57
      Start 57: exercise-ch30

57: Test command: /home/voc/projects/snodec/publications/book/build/proposal-readiness-phase-5k-examples/companion/exercises/ch30/model-ownership
57: Working Directory: /home/voc/projects/snodec/publications/book/build/proposal-readiness-phase-5k-examples/companion/exercises/ch30
57: Test timeout computed to be: 10000000
57: PASS: input 900,2,1 -> accepted 1,2,3; detached observer sees only 1,2
57/58 Test #57: exercise-ch30 ......................   Passed    0.00 sec
test 58
      Start 58: exercise-ch30-model-instances

58: Test command: /home/voc/projects/snodec/publications/book/build/proposal-readiness-phase-5k-examples/companion/exercises/ch30/model-instances
58: Working Directory: /home/voc/projects/snodec/publications/book/build/proposal-readiness-phase-5k-examples/companion/exercises/ch30
58: Test timeout computed to be: 10000000
58: PASS: shared inputs accept 1,2; separate model instances each accept 1
58/58 Test #58: exercise-ch30-model-instances ......   Passed    0.00 sec

17% tests passed, 48 tests failed out of 58

Label Time Summary:
equipped    =   0.38 sec*proc (3 tests)

Total Test time (real) =  40.72 sec

The following tests FAILED:
	  1 - exercise-ch01 (Failed)
	  2 - exercise-ch01-independent-peers (Failed)
	  3 - exercise-ch02-consumer (Failed)
	  4 - exercise-ch02-component (Failed)
	  5 - exercise-ch03 (Failed)
	  6 - exercise-ch03-occupied-port (Failed)
	  8 - exercise-ch04-independent-peers (Failed)
	 11 - exercise-ch06-ip-families (Failed)
	 12 - exercise-ch06-unix-path (Failed)
	 13 - exercise-ch07-independent-peers (Failed)
	 14 - exercise-ch07-occupied-endpoint (Failed)
	 16 - exercise-ch08-part-checkpoint (Failed)
	 17 - exercise-ch09-framing (Failed)
	 18 - exercise-ch09-limits (Failed)
	 19 - exercise-ch10-isolation (Failed)
	 20 - exercise-ch10-refusal (Failed)
	 21 - exercise-ch11-part-checkpoint (Failed)
	 22 - exercise-ch11-endpoint-failure (Failed)
	 26 - exercise-ch13-part-checkpoint (Failed)
	 27 - exercise-ch14-trust-identity (Failed)
	 28 - exercise-ch14-secure-echo (Failed)
	 29 - exercise-ch15-bounded-retry (Failed)
	 30 - exercise-ch15-part-checkpoint (Failed)
	 31 - exercise-ch16-framing (Failed)
	 32 - exercise-ch16-limits (Failed)
	 33 - exercise-ch17-order (Failed)
	 34 - exercise-ch17-stop (Failed)
	 35 - exercise-ch18 (Failed)
	 36 - exercise-ch18-observers (Failed)
	 37 - exercise-ch19-negotiation (Failed)
	 38 - exercise-ch19-part-checkpoint (Failed)
	 39 - exercise-ch20-wire (Failed)
	 40 - exercise-ch20-delivery (Failed)
	 41 - exercise-ch21-binary (Failed)
	 42 - exercise-ch21-text (Failed)
	 43 - exercise-ch22-unavailable-output (Failed)
	 44 - exercise-ch22-part-checkpoint (Failed)
	 45 - exercise-ch23-durable (Failed)                    equipped
	 46 - exercise-ch23-error (Failed)                      equipped
	 47 - exercise-ch24-composition (Failed)
	 48 - exercise-ch24-part-checkpoint (Failed)            equipped
	 49 - exercise-ch25-consumer (Failed)
	 50 - exercise-ch25-component (Failed)
	 51 - exercise-ch26-lifecycle (Failed)
	 52 - exercise-ch26-configuration (Failed)
	 53 - exercise-ch27-diagnosis (Failed)
	 54 - exercise-ch27-checkpoint (Failed)
	 55 - exercise-ch28 (Failed)
Errors while running CTest
